[INFO] [1784727370.850881196] [yolo_navigator]: v2: Φόρτωση YOLOv8 για αυτόνομη πλοήγηση...
[INFO] [1784727370.999479920] [yolo_navigator]: v2.9: Σύστημα Ενεργό! + WALL_FOLLOW pocket escape (35s osc window, 2-escapes/90s).
[INFO] [1784727371.050555845] [yolo_navigator]: [FTG] gap=-0.51 W=3.95
[INFO] [1784727371.051270787] [yolo_navigator]: [STATUS] mode=FTG front=10.00 L=2.51 R=2.51 gap=-0.51 v=+0.16 w=-0.13 personLvl=0
Ultralytics 8.4.69 🚀 Python-3.12.3 torch-2.12.0+cu130 CUDA:0 (NVIDIA GeForce RTX 2080 Ti, 11264MiB)
YOLOv8n summary (fused): 72 layers, 3,151,904 parameters, 0 gradients, 8.7 GFLOPs
[INFO] [1784727376.051847588] [yolo_navigator]: [STATUS] mode=FTG front=10.00 L=2.01 R=2.20 gap=-0.44 v=+0.19 w=-0.04 personLvl=0
[INFO] [1784727381.101681636] [yolo_navigator]: [STATUS] mode=FTG front=10.00 L=1.34 R=2.13 gap=-0.14 v=+0.33 w=+0.17 personLvl=0
[INFO] [1784727386.150953399] [yolo_navigator]: [STATUS] mode=FTG front=0.53 L=0.57 R=1.39 gap=-0.37 v=+0.12 w=-0.08 personLvl=0
[INFO] [1784727388.850217294] [yolo_navigator]: [ROTATE_OPEN] front=0.39 open=-1.27
[INFO] [1784727389.900605856] [yolo_navigator]: [FTG] gap=-0.12 W=2.78
[INFO] [1784727391.151420970] [yolo_navigator]: [STATUS] mode=FTG front=10.00 L=0.45 R=1.46 gap=+0.12 v=+0.34 w=+0.53 personLvl=0
[INFO] [1784727391.401735703] [yolo_navigator]: [ROTATE_OPEN] front=0.39 open=-1.24
[INFO] [1784727391.751230867] [yolo_navigator]: [REVERSE] front=0.30 dir=-1
[INFO] [1784727392.650706115] [yolo_navigator]: [FTG] gap=+0.13 W=2.69
[INFO] [1784727396.154041090] [yolo_navigator]: [STATUS] mode=FTG front=10.00 L=0.62 R=2.69 gap=+0.07 v=+0.37 w=+0.15 personLvl=0
[INFO] [1784727401.200748889] [yolo_navigator]: [STATUS] mode=FTG front=10.00 L=0.61 R=2.10 gap=+0.16 v=+0.32 w=-0.04 personLvl=0
[INFO] [1784727406.201555300] [yolo_navigator]: [STATUS] mode=FTG front=10.00 L=0.84 R=1.55 gap=+0.19 v=+0.31 w=+0.01 personLvl=0
[INFO] [1784727411.251345843] [yolo_navigator]: [STATUS] mode=FTG front=10.00 L=1.00 R=2.00 gap=+0.01 v=+0.40 w=+0.08 personLvl=0
[INFO] [1784727416.251506634] [yolo_navigator]: [STATUS] mode=FTG front=10.00 L=1.08 R=1.71 gap=-0.12 v=+0.34 w=+0.01 personLvl=0
[INFO] [1784727421.315285195] [yolo_navigator]: [STATUS] mode=FTG front=10.00 L=1.25 R=0.99 gap=-0.14 v=+0.33 w=-0.04 personLvl=0
[INFO] [1784727426.350474955] [yolo_navigator]: [STATUS] mode=FTG front=10.00 L=1.63 R=0.73 gap=-0.30 v=+0.26 w=-0.08 personLvl=0
[INFO] [1784727431.363879550] [yolo_navigator]: [STATUS] mode=FTG front=10.00 L=2.16 R=0.77 gap=-0.25 v=+0.28 w=-0.04 personLvl=0
[INFO] [1784727436.401554537] [yolo_navigator]: [STATUS] mode=FTG front=10.00 L=1.70 R=0.68 gap=-0.64 v=+0.10 w=-0.31 personLvl=0
[INFO] [1784727441.401580652] [yolo_navigator]: [STATUS] mode=FTG front=10.00 L=1.32 R=3.36 gap=-0.32 v=+0.25 w=-0.04 personLvl=0
[INFO] [1784727446.451831238] [yolo_navigator]: [STATUS] mode=FTG front=1.18 L=0.90 R=2.50 gap=-0.56 v=+0.13 w=-0.29 personLvl=0
[INFO] [1784727451.530855021] [yolo_navigator]: [STATUS] mode=FTG front=0.86 L=0.58 R=3.04 gap=-0.39 v=+0.21 w=-0.06 personLvl=0
[INFO] [1784727456.568289784] [yolo_navigator]: [STATUS] mode=FTG front=0.43 L=0.37 R=3.01 gap=-0.35 v=+0.06 w=-0.01 personLvl=0
[INFO] [1784727457.401113243] [yolo_navigator]: [ROTATE_OPEN] front=0.39 open=-1.24
[INFO] [1784727458.150312634] [yolo_navigator]: [FTG] gap=-0.32 W=1.97
[INFO] [1784727461.601801952] [yolo_navigator]: [STATUS] mode=FTG front=10.00 L=0.59 R=2.57 gap=+0.32 v=+0.25 w=+0.05 personLvl=0
[INFO] [1784727466.652660254] [yolo_navigator]: [STATUS] mode=FTG front=10.00 L=0.89 R=2.19 gap=+0.37 v=+0.22 w=+0.03 personLvl=0
[INFO] [1784727471.701647487] [yolo_navigator]: [STATUS] mode=FTG front=10.00 L=0.88 R=1.30 gap=+0.16 v=+0.33 w=+0.41 personLvl=0
[INFO] [1784727476.769263014] [yolo_navigator]: [STATUS] mode=FTG front=0.94 L=0.58 R=1.03 gap=-0.30 v=+0.26 w=+0.05 personLvl=0
[INFO] [1784727481.650352005] [yolo_navigator]: [ROTATE_OPEN] front=0.40 open=-0.65
[INFO] [1784727481.802750588] [yolo_navigator]: [STATUS] mode=ROTATE_OPEN front=0.40 L=0.37 R=1.08 gap=-0.35 v=+0.00 w=-1.00 personLvl=0
[INFO] [1784727482.501429778] [yolo_navigator]: [FTG] gap=-0.33 W=1.41
[INFO] [1784727485.843311266] [yolo_navigator]: [ROTATE_OPEN] front=0.39 open=-0.56
[INFO] [1784727486.650467103] [yolo_navigator]: [FTG] gap=-0.09 W=1.46
[INFO] [1784727486.866302875] [yolo_navigator]: [STATUS] mode=FTG front=0.94 L=0.30 R=0.94 gap=-0.00 v=+0.40 w=+0.18 personLvl=0
[INFO] [1784727491.955327670] [yolo_navigator]: [STATUS] mode=FTG front=10.00 L=0.48 R=0.53 gap=+0.27 v=+0.27 w=-0.19 personLvl=0
[INFO] [1784727496.900817420] [yolo_navigator]: [STATUS] mode=FTG front=10.00 L=0.79 R=0.50 gap=-0.51 v=+0.16 w=-0.31 personLvl=0
[INFO] [1784727501.951230019] [yolo_navigator]: [STATUS] mode=FTG front=10.00 L=1.51 R=0.82 gap=-0.30 v=+0.26 w=-0.04 personLvl=0
[INFO] [1784727506.966644061] [yolo_navigator]: [STATUS] mode=FTG front=10.00 L=1.74 R=2.01 gap=-0.99 v=+0.10 w=-0.80 personLvl=0
[INFO] [1784727512.001454426] [yolo_navigator]: [STATUS] mode=FTG front=10.00 L=1.31 R=1.48 gap=-0.35 v=+0.23 w=-0.08 personLvl=0
[INFO] [1784727517.001483993] [yolo_navigator]: [STATUS] mode=FTG front=1.12 L=0.90 R=1.10 gap=-0.60 v=+0.11 w=-0.34 personLvl=0
[INFO] [1784727522.051172637] [yolo_navigator]: [STATUS] mode=FTG front=0.82 L=0.58 R=0.98 gap=-0.40 v=+0.21 w=-0.08 personLvl=0
[INFO] [1784727527.120320038] [yolo_navigator]: [STATUS] mode=FTG front=0.43 L=0.37 R=3.48 gap=-0.35 v=+0.06 w=-0.01 personLvl=0
[INFO] [1784727527.951201359] [yolo_navigator]: [ROTATE_OPEN] front=0.40 open=-0.86
[INFO] [1784727528.701193744] [yolo_navigator]: [FTG] gap=-0.32 W=2.31
[INFO] [1784727532.151214014] [yolo_navigator]: [STATUS] mode=FTG front=10.00 L=0.42 R=1.18 gap=+0.01 v=+0.39 w=-0.72 personLvl=0
[INFO] [1784727537.201402418] [yolo_navigator]: [STATUS] mode=FTG front=10.00 L=1.68 R=3.74 gap=+0.37 v=+0.22 w=+0.02 personLvl=0
[INFO] [1784727542.202611817] [yolo_navigator]: [STATUS] mode=FTG front=10.00 L=2.01 R=2.32 gap=+0.29 v=+0.26 w=+0.68 personLvl=0
[INFO] [1784727543.652229226] [yolo_navigator]: [PERSON] level=1 h=141px
[INFO] [1784727547.252229912] [yolo_navigator]: [STATUS] mode=FTG front=10.00 L=1.64 R=1.74 gap=+0.07 v=+0.22 w=-0.31 personLvl=1
[INFO] [1784727547.752978270] [yolo_navigator]: [PERSON] level=0 h=0px
[INFO] [1784727548.101381070] [yolo_navigator]: [PERSON] level=1 h=161px
[INFO] [1784727552.252130765] [yolo_navigator]: [STATUS] mode=FTG front=10.00 L=1.90 R=1.27 gap=-0.11 v=+0.20 w=+0.30 personLvl=1
[INFO] [1784727557.300713446] [yolo_navigator]: [STATUS] mode=FTG front=10.00 L=2.01 R=0.85 gap=-0.16 v=+0.17 w=+0.23 personLvl=1
[INFO] [1784727558.802291114] [yolo_navigator]: [PERSON] level=2 h=201px
[INFO] [1784727562.301499411] [yolo_navigator]: [STATUS] mode=FTG front=10.00 L=2.10 R=0.64 gap=-0.17 v=+0.10 w=+0.21 personLvl=2
[INFO] [1784727567.302757325] [yolo_navigator]: [STATUS] mode=FTG front=10.00 L=2.11 R=0.62 gap=+0.17 v=+0.10 w=-0.18 personLvl=2
[INFO] [1784727572.351906272] [yolo_navigator]: [STATUS] mode=FTG front=10.00 L=2.25 R=0.76 gap=-0.18 v=+0.10 w=+0.21 personLvl=2
[INFO] [1784727577.362545180] [yolo_navigator]: [STATUS] mode=FTG front=10.00 L=2.29 R=0.98 gap=+0.24 v=+0.10 w=-0.10 personLvl=2
[INFO] [1784727582.402466017] [yolo_navigator]: [STATUS] mode=FTG front=10.00 L=2.45 R=1.10 gap=+0.33 v=+0.10 w=+0.02 personLvl=2
[INFO] [1784727587.459156119] [yolo_navigator]: [STATUS] mode=FTG front=10.00 L=2.52 R=1.29 gap=-0.23 v=+0.10 w=+0.19 personLvl=2
[INFO] [1784727592.469255020] [yolo_navigator]: [STATUS] mode=FTG front=10.00 L=2.46 R=1.72 gap=+0.37 v=+0.10 w=+0.11 personLvl=2
[INFO] [1784727593.453341544] [yolo_navigator]: [PERSON] level=0 h=0px
[INFO] [1784727597.509662945] [yolo_navigator]: [STATUS] mode=FTG front=10.00 L=2.47 R=2.14 gap=+0.30 v=+0.25 w=+0.01 personLvl=0
[INFO] [1784727602.551024303] [yolo_navigator]: [STATUS] mode=FTG front=10.00 L=2.54 R=1.48 gap=+0.31 v=+0.25 w=+0.00 personLvl=0
[INFO] [1784727607.551166789] [yolo_navigator]: [STATUS] mode=FTG front=10.00 L=2.58 R=0.90 gap=+0.32 v=+0.25 w=-0.00 personLvl=0
[INFO] [1784727612.552085970] [yolo_navigator]: [STATUS] mode=FTG front=10.00 L=2.61 R=0.52 gap=+0.34 v=+0.24 w=+0.02 personLvl=0
[INFO] [1784727617.553929443] [yolo_navigator]: [STATUS] mode=FTG front=10.00 L=2.64 R=2.53 gap=-0.60 v=+0.11 w=-0.32 personLvl=0
[INFO] [1784727622.601565499] [yolo_navigator]: [STATUS] mode=FTG front=10.00 L=2.32 R=2.31 gap=-0.59 v=+0.12 w=-0.36 personLvl=0
[INFO] [1784727627.640984582] [yolo_navigator]: [STATUS] mode=FTG front=10.00 L=1.97 R=2.11 gap=-0.47 v=+0.17 w=-0.02 personLvl=0
[INFO] [1784727632.655328340] [yolo_navigator]: [STATUS] mode=FTG front=10.00 L=1.61 R=1.93 gap=-0.47 v=+0.18 w=-0.35 personLvl=0
[INFO] [1784727637.705631673] [yolo_navigator]: [STATUS] mode=FTG front=10.00 L=1.37 R=1.53 gap=+0.27 v=+0.27 w=-0.00 personLvl=0
[INFO] [1784727642.751245325] [yolo_navigator]: [STATUS] mode=FTG front=10.00 L=1.25 R=1.01 gap=+0.29 v=+0.26 w=+0.01 personLvl=0
[INFO] [1784727647.805652054] [yolo_navigator]: [STATUS] mode=FTG front=10.00 L=3.87 R=0.74 gap=+0.30 v=+0.26 w=+0.02 personLvl=0
[INFO] [1784727652.858514978] [yolo_navigator]: [STATUS] mode=FTG front=10.00 L=3.43 R=2.39 gap=-0.21 v=+0.30 w=+0.09 personLvl=0
[INFO] [1784727658.005023787] [yolo_navigator]: [STATUS] mode=FTG front=10.00 L=2.78 R=1.71 gap=-0.29 v=+0.26 w=-0.04 personLvl=0
[INFO] [1784727662.973195198] [yolo_navigator]: [STATUS] mode=FTG front=10.00 L=2.16 R=1.07 gap=-0.23 v=+0.29 w=-0.43 personLvl=0
[INFO] [1784727668.022114332] [yolo_navigator]: [STATUS] mode=FTG front=10.00 L=1.61 R=0.30 gap=-0.00 v=+0.40 w=+0.39 personLvl=0
[INFO] [1784727670.300761896] [yolo_navigator]: [WEDGE] open=+0.17
[INFO] [1784727670.553221137] [yolo_navigator]: [FTG] gap=-0.16 W=3.56
[INFO] [1784727670.555411333] [yolo_navigator]: [WEDGE] open=+0.24
[INFO] [1784727671.401496186] [yolo_navigator]: [FTG] gap=-0.80 W=3.45
[INFO] [1784727673.051494344] [yolo_navigator]: [STATUS] mode=FTG front=10.00 L=1.09 R=0.40 gap=-0.89 v=+0.10 w=-0.65 personLvl=0
[INFO] [1784727675.301200368] [yolo_navigator]: [REVERSE] front=0.19 dir=+1
[INFO] [1784727676.101584944] [yolo_navigator]: [FTG] gap=-0.62 W=4.70
[INFO] [1784727678.101540364] [yolo_navigator]: [STATUS] mode=FTG front=10.00 L=1.15 R=0.24 gap=-0.70 v=+0.10 w=-0.59 personLvl=0
[INFO] [1784727678.601003821] [yolo_navigator]: [REVERSE] front=0.10 dir=+1
[INFO] [1784727679.551995401] [yolo_navigator]: [FTG] gap=-0.47 W=4.49
[INFO] [1784727683.150914199] [yolo_navigator]: [STATUS] mode=FTG front=10.00 L=2.85 R=0.29 gap=-0.30 v=+0.26 w=-0.04 personLvl=0
[INFO] [1784727688.201575296] [yolo_navigator]: [STATUS] mode=FTG front=10.00 L=2.34 R=0.60 gap=-0.27 v=+0.27 w=-0.02 personLvl=0
[INFO] [1784727693.250793079] [yolo_navigator]: [STATUS] mode=FTG front=10.00 L=1.85 R=0.88 gap=-0.27 v=+0.27 w=-0.01 personLvl=0
[INFO] [1784727698.251403677] [yolo_navigator]: [STATUS] mode=FTG front=10.00 L=1.39 R=4.32 gap=-0.31 v=+0.25 w=-0.03 personLvl=0
[INFO] [1784727703.265542032] [yolo_navigator]: [STATUS] mode=FTG front=10.00 L=0.98 R=3.56 gap=-0.19 v=+0.31 w=+0.07 personLvl=0
[INFO] [1784727708.301403266] [yolo_navigator]: [STATUS] mode=FTG front=0.63 L=0.53 R=2.01 gap=-0.29 v=+0.21 w=-0.02 personLvl=0
[INFO] [1784727711.651102382] [yolo_navigator]: [ROTATE_OPEN] front=0.39 open=-1.27
[INFO] [1784727712.351430029] [yolo_navigator]: [FTG] gap=-0.29 W=2.88
[INFO] [1784727713.301055144] [yolo_navigator]: [STATUS] mode=FTG front=1.20 L=0.41 R=5.84 gap=+0.06 v=+0.37 w=+0.46 personLvl=0
[INFO] [1784727718.350599638] [yolo_navigator]: [STATUS] mode=FTG front=10.00 L=0.75 R=4.75 gap=-0.19 v=+0.31 w=+0.20 personLvl=0
[INFO] [1784727723.416832008] [yolo_navigator]: [STATUS] mode=FTG front=10.00 L=1.18 R=4.56 gap=+0.34 v=+0.24 w=+0.02 personLvl=0
[INFO] [1784727728.456000828] [yolo_navigator]: [STATUS] mode=FTG front=10.00 L=1.53 R=4.48 gap=+0.34 v=+0.24 w=+0.02 personLvl=0
[INFO] [1784727733.482826721] [yolo_navigator]: [STATUS] mode=FTG front=10.00 L=1.84 R=4.91 gap=+0.35 v=+0.23 w=+0.02 personLvl=0
[INFO] [1784727738.502932497] [yolo_navigator]: [STATUS] mode=FTG front=10.00 L=2.33 R=2.99 gap=+0.35 v=+0.23 w=+0.02 personLvl=0
[INFO] [1784727743.551454205] [yolo_navigator]: [STATUS] mode=FTG front=10.00 L=2.14 R=1.60 gap=+0.24 v=+0.28 w=+0.02 personLvl=0
[INFO] [1784727748.601969116] [yolo_navigator]: [STATUS] mode=FTG front=10.00 L=2.06 R=1.04 gap=+0.25 v=+0.28 w=+0.02 personLvl=0
[INFO] [1784727753.651557318] [yolo_navigator]: [STATUS] mode=FTG front=1.01 L=2.10 R=0.68 gap=+0.25 v=+0.28 w=+0.00 personLvl=0
[INFO] [1784727758.700939449] [yolo_navigator]: [STATUS] mode=FTG front=0.41 L=2.12 R=0.38 gap=+0.25 v=+0.07 w=-0.01 personLvl=0
[INFO] [1784727759.051398926] [yolo_navigator]: [ROTATE_OPEN] front=0.40 open=+0.31
[INFO] [1784727759.851509304] [yolo_navigator]: [FTG] gap=+0.22 W=3.35
[INFO] [1784727763.701162116] [yolo_navigator]: [STATUS] mode=FTG front=10.00 L=1.89 R=2.45 gap=-0.17 v=+0.32 w=-0.20 personLvl=0
[INFO] [1784727768.764971977] [yolo_navigator]: [STATUS] mode=FTG front=10.00 L=1.93 R=1.16 gap=-0.36 v=+0.23 w=-0.00 personLvl=0
[INFO] [1784727773.801516582] [yolo_navigator]: [STATUS] mode=FTG front=10.00 L=1.44 R=1.05 gap=-0.01 v=+0.39 w=+0.01 personLvl=0
[INFO] [1784727778.860435794] [yolo_navigator]: [STATUS] mode=FTG front=10.00 L=0.58 R=2.44 gap=-0.01 v=+0.40 w=+0.03 personLvl=0
[INFO] [1784727783.901068029] [yolo_navigator]: [STATUS] mode=FTG front=10.00 L=0.47 R=1.71 gap=-0.00 v=+0.40 w=+0.06 personLvl=0
[INFO] [1784727788.901409643] [yolo_navigator]: [STATUS] mode=FTG front=10.00 L=2.70 R=1.48 gap=-0.79 v=+0.10 w=-0.60 personLvl=0
[INFO] [1784727793.961110450] [yolo_navigator]: [STATUS] mode=FTG front=10.00 L=2.61 R=1.09 gap=-0.29 v=+0.26 w=-0.66 personLvl=0
[INFO] [1784727795.052145534] [yolo_navigator]: [PERSON] level=1 h=169px
[INFO] [1784727799.001962556] [yolo_navigator]: [STATUS] mode=FTG front=0.53 L=2.34 R=0.57 gap=+0.07 v=+0.05 w=-0.19 personLvl=1
[INFO] [1784727800.700332692] [yolo_navigator]: [ROTATE_OPEN] front=0.39 open=-1.45
[INFO] [1784727801.800789586] [yolo_navigator]: [FTG] gap=+0.10 W=1.90
[INFO] [1784727802.901777942] [yolo_navigator]: [PERSON] level=0 h=0px
[INFO] [1784727804.018508306] [yolo_navigator]: [STATUS] mode=FTG front=0.41 L=2.22 R=0.44 gap=+0.43 v=+0.05 w=+0.29 personLvl=0
[INFO] [1784727804.301397944] [yolo_navigator]: [ROTATE_OPEN] front=0.40 open=-1.24
[INFO] [1784727804.652183624] [yolo_navigator]: [PERSON] level=1 h=188px
[INFO] [1784727805.601738137] [yolo_navigator]: [PERSON] level=0 h=0px
[INFO] [1784727807.301177278] [yolo_navigator]: [FTG] gap=-0.35 W=2.19
[INFO] [1784727809.050678193] [yolo_navigator]: [STATUS] mode=FTG front=10.00 L=0.44 R=1.66 gap=+0.02 v=+0.39 w=-0.43 personLvl=0
[INFO] [1784727814.051675972] [yolo_navigator]: [STATUS] mode=FTG front=10.00 L=2.93 R=1.59 gap=+0.38 v=+0.22 w=+0.17 personLvl=0
[INFO] [1784727819.100956633] [yolo_navigator]: [STATUS] mode=FTG front=10.00 L=2.49 R=1.74 gap=+0.44 v=+0.19 w=+0.04 personLvl=0
[INFO] [1784727824.151079268] [yolo_navigator]: [STATUS] mode=FTG front=1.08 L=1.94 R=0.99 gap=+0.43 v=+0.19 w=+0.05 personLvl=0
[INFO] [1784727829.153267200] [yolo_navigator]: [STATUS] mode=FTG front=0.76 L=3.39 R=0.61 gap=+0.29 v=+0.26 w=-0.11 personLvl=0
[INFO] [1784727834.231695454] [yolo_navigator]: [STATUS] mode=FTG front=0.85 L=2.99 R=0.45 gap=+0.23 v=+0.29 w=-0.15 personLvl=0
[INFO] [1784727838.166151198] [yolo_navigator]: [PERSON] level=1 h=129px
[INFO] [1784727839.251655151] [yolo_navigator]: [STATUS] mode=FTG front=10.00 L=2.53 R=0.49 gap=-0.15 v=+0.18 w=+0.27 personLvl=1
[INFO] [1784727840.102902204] [yolo_navigator]: [PERSON] level=0 h=0px
[INFO] [1784727844.252554848] [yolo_navigator]: [STATUS] mode=FTG front=10.00 L=2.22 R=1.84 gap=-0.38 v=+0.22 w=+0.01 personLvl=0
[INFO] [1784727849.301262264] [yolo_navigator]: [STATUS] mode=FTG front=10.00 L=1.67 R=1.44 gap=-0.48 v=+0.17 w=-0.04 personLvl=0
[INFO] [1784727854.302167608] [yolo_navigator]: [STATUS] mode=FTG front=1.04 L=1.17 R=1.08 gap=-0.47 v=+0.18 w=-0.06 personLvl=0
[INFO] [1784727859.351766440] [yolo_navigator]: [STATUS] mode=FTG front=0.66 L=0.69 R=4.44 gap=-0.47 v=+0.15 w=-0.16 personLvl=0
[INFO] [1784727863.801936115] [yolo_navigator]: [ROTATE_OPEN] front=0.40 open=-0.63
[INFO] [1784727864.200893680] [yolo_navigator]: [FTG] gap=-0.18 W=5.39
[INFO] [1784727864.352153817] [yolo_navigator]: [STATUS] mode=FTG front=10.00 L=0.44 R=5.98 gap=-0.18 v=+0.32 w=+0.05 personLvl=0
[INFO] [1784727869.352157680] [yolo_navigator]: [STATUS] mode=FTG front=10.00 L=3.61 R=1.89 gap=+0.36 v=+0.23 w=-0.02 personLvl=0
[INFO] [1784727874.401454977] [yolo_navigator]: [STATUS] mode=FTG front=10.00 L=3.37 R=2.02 gap=+0.38 v=+0.22 w=+0.00 personLvl=0
[INFO] [1784727879.401739587] [yolo_navigator]: [STATUS] mode=FTG front=10.00 L=3.17 R=2.20 gap=+0.40 v=+0.21 w=+0.03 personLvl=0
[INFO] [1784727884.466572552] [yolo_navigator]: [STATUS] mode=FTG front=10.00 L=3.00 R=4.31 gap=+0.40 v=+0.21 w=+0.03 personLvl=0
[INFO] [1784727889.501681357] [yolo_navigator]: [STATUS] mode=FTG front=10.00 L=2.88 R=3.93 gap=+0.39 v=+0.21 w=+0.01 personLvl=0
[INFO] [1784727894.501716675] [yolo_navigator]: [STATUS] mode=FTG front=10.00 L=2.84 R=3.55 gap=+0.39 v=+0.21 w=+0.01 personLvl=0
[INFO] [1784727899.552349348] [yolo_navigator]: [STATUS] mode=FTG front=10.00 L=3.02 R=3.21 gap=+0.40 v=+0.21 w=+0.02 personLvl=0
[INFO] [1784727904.604897743] [yolo_navigator]: [STATUS] mode=FTG front=10.00 L=2.84 R=2.90 gap=+0.40 v=+0.21 w=+0.00 personLvl=0
[INFO] [1784727909.601566888] [yolo_navigator]: [STATUS] mode=FTG front=10.00 L=2.58 R=2.58 gap=-0.44 v=+0.19 w=-0.16 personLvl=0
[INFO] [1784727914.650670616] [yolo_navigator]: [STATUS] mode=FTG front=10.00 L=2.43 R=2.16 gap=-0.35 v=+0.23 w=-0.01 personLvl=0
[INFO] [1784727919.651585078] [yolo_navigator]: [STATUS] mode=FTG front=10.00 L=2.31 R=1.70 gap=-0.35 v=+0.23 w=-0.13 personLvl=0
[INFO] [1784727924.701496686] [yolo_navigator]: [STATUS] mode=FTG front=10.00 L=1.82 R=1.63 gap=-0.07 v=+0.36 w=+0.04 personLvl=0
[INFO] [1784727929.751705135] [yolo_navigator]: [STATUS] mode=FTG front=10.00 L=1.06 R=1.63 gap=-0.09 v=+0.36 w=+0.01 personLvl=0
[INFO] [1784727934.752257249] [yolo_navigator]: [STATUS] mode=FTG front=10.00 L=0.86 R=1.62 gap=-0.09 v=+0.35 w=-0.02 personLvl=0
[INFO] [1784727939.800639546] [yolo_navigator]: [STATUS] mode=FTG front=10.00 L=1.74 R=1.38 gap=+0.22 v=+0.30 w=+0.20 personLvl=0
[INFO] [1784727944.800975173] [yolo_navigator]: [STATUS] mode=FTG front=10.00 L=1.88 R=1.28 gap=+0.06 v=+0.37 w=-0.03 personLvl=0
[INFO] [1784727949.804644415] [yolo_navigator]: [STATUS] mode=FTG front=10.00 L=1.64 R=1.15 gap=-0.21 v=+0.30 w=-0.53 personLvl=0
[INFO] [1784727954.851383699] [yolo_navigator]: [STATUS] mode=FTG front=10.00 L=1.50 R=1.05 gap=+0.30 v=+0.26 w=+0.09 personLvl=0
[INFO] [1784727959.851255754] [yolo_navigator]: [STATUS] mode=FTG front=10.00 L=1.33 R=1.08 gap=+0.30 v=+0.26 w=+0.11 personLvl=0
[INFO] [1784727964.851391818] [yolo_navigator]: [STATUS] mode=FTG front=10.00 L=1.03 R=1.33 gap=+0.32 v=+0.25 w=+0.16 personLvl=0
[INFO] [1784727967.401439746] [yolo_navigator]: [WEDGE] open=+0.59
[INFO] [1784727968.650533940] [yolo_navigator]: [FTG] gap=+0.31 W=0.55
[INFO] [1784727969.929046580] [yolo_navigator]: [STATUS] mode=FTG front=10.00 L=0.53 R=1.01 gap=-0.11 v=+0.35 w=-0.42 personLvl=0
[INFO] [1784727974.901647312] [yolo_navigator]: [STATUS] mode=FTG front=0.71 L=0.44 R=0.61 gap=+0.58 v=+0.12 w=+0.31 personLvl=0
[INFO] [1784727979.951463855] [yolo_navigator]: [STATUS] mode=FTG front=0.54 L=0.49 R=0.42 gap=+0.35 v=+0.13 w=+0.01 personLvl=0
[INFO] [1784727983.201085974] [yolo_navigator]: [ROTATE_OPEN] front=0.40 open=+0.51
[INFO] [1784727983.951323529] [yolo_navigator]: [FTG] gap=+0.34 W=2.81
[INFO] [1784727985.002012084] [yolo_navigator]: [STATUS] mode=FTG front=10.00 L=0.47 R=0.38 gap=+0.04 v=+0.38 w=-0.40 personLvl=0
[INFO] [1784727986.150475563] [yolo_navigator]: [ROTATE_OPEN] front=0.37 open=+0.47
[INFO] [1784727986.351720682] [yolo_navigator]: [REVERSE] front=0.31 dir=+1
[INFO] [1784727987.351470337] [yolo_navigator]: [FTG] gap=+0.14 W=3.18
[INFO] [1784727990.051410504] [yolo_navigator]: [STATUS] mode=FTG front=10.00 L=0.40 R=0.35 gap=+0.01 v=+0.40 w=-0.45 personLvl=0
[INFO] [1784727991.007617620] [yolo_navigator]: [ROTATE_OPEN] front=0.38 open=+0.47
[INFO] [1784727991.251075919] [yolo_navigator]: [REVERSE] front=0.29 dir=+1
[INFO] [1784727992.401653725] [yolo_navigator]: [FTG] gap=+0.03 W=1.90
[INFO] [1784727993.605837368] [yolo_navigator]: [PERSON] level=2 h=259px
[INFO] [1784727994.168264570] [yolo_navigator]: [PERSON] level=0 h=0px
[INFO] [1784727995.053001772] [yolo_navigator]: [STATUS] mode=FTG front=10.00 L=0.35 R=0.33 gap=-0.03 v=+0.39 w=-0.49 personLvl=0
[INFO] [1784727995.950104773] [yolo_navigator]: [ROTATE_OPEN] front=0.38 open=+0.49
[INFO] [1784727996.150478965] [yolo_navigator]: [REVERSE] front=0.27 dir=+1
[INFO] [1784727996.151639593] [yolo_navigator]: [COMMIT] Ταλάντωση σε περατό στενό (W=2.56) -> αποφασιστικό πέρασμα
[INFO] [1784727996.218872289] [yolo_navigator]: [COMMIT] steer=-0.40 front=0.27
[INFO] [1784727996.502955824] [yolo_navigator]: [COMMIT] Απέτυχε (front<0.15), αποτυχία #1
[INFO] [1784727996.504817774] [yolo_navigator]: [REVERSE] front=0.15 dir=+1
[INFO] [1784727997.801151899] [yolo_navigator]: [FTG] gap=+0.07 W=2.46
[INFO] [1784727998.351464564] [yolo_navigator]: [TRAP] L=0.35 R=0.31
[INFO] [1784727998.352609718] [yolo_navigator]: [WALL_FOLLOW] 5x REVERSE/TRAP σε 60s -> ακολουθώ τον δεξιό τοίχο για 25s (L=0.35 R=0.31)
[INFO] [1784727998.400723837] [yolo_navigator]: [WALL_FOLLOW] side=R d=0.31 front=0.47
[INFO] [1784728000.072921389] [yolo_navigator]: [STATUS] mode=WALL_FOLLOW front=0.18 L=0.29 R=0.42 gap=-0.39 v=+0.00 w=+1.00 personLvl=0
[INFO] [1784728005.101094274] [yolo_navigator]: [STATUS] mode=WALL_FOLLOW front=0.71 L=0.40 R=0.33 gap=+0.51 v=+0.22 w=+0.25 personLvl=0
[INFO] [1784728010.150676335] [yolo_navigator]: [STATUS] mode=WALL_FOLLOW front=10.00 L=0.31 R=0.55 gap=+0.02 v=+0.22 w=-0.08 personLvl=0
[INFO] [1784728015.150936168] [yolo_navigator]: [STATUS] mode=WALL_FOLLOW front=10.00 L=0.37 R=0.60 gap=-0.70 v=+0.22 w=-0.15 personLvl=0
[INFO] [1784728020.201534084] [yolo_navigator]: [STATUS] mode=WALL_FOLLOW front=10.00 L=1.07 R=0.57 gap=-0.26 v=+0.22 w=-0.11 personLvl=0
[INFO] [1784728023.400761944] [yolo_navigator]: [FTG] gap=+0.18 W=6.10
[INFO] [1784728025.216146468] [yolo_navigator]: [STATUS] mode=FTG front=10.00 L=1.54 R=0.91 gap=+0.16 v=+0.32 w=+0.51 personLvl=0
[INFO] [1784728030.251280562] [yolo_navigator]: [STATUS] mode=FTG front=10.00 L=1.12 R=2.79 gap=-0.32 v=+0.25 w=-0.03 personLvl=0
[INFO] [1784728035.251608950] [yolo_navigator]: [STATUS] mode=FTG front=0.84 L=0.70 R=1.88 gap=-0.57 v=+0.13 w=-0.31 personLvl=0
[INFO] [1784728040.300972744] [yolo_navigator]: [STATUS] mode=FTG front=0.75 L=0.51 R=2.82 gap=-0.35 v=+0.23 w=-0.01 personLvl=0
[INFO] [1784728045.307908295] [yolo_navigator]: [STATUS] mode=FTG front=0.41 L=0.36 R=2.83 gap=-0.34 v=+0.06 w=+0.01 personLvl=0
[INFO] [1784728045.651062164] [yolo_navigator]: [ROTATE_OPEN] front=0.40 open=-0.96
[INFO] [1784728046.550687898] [yolo_navigator]: [FTG] gap=-0.28 W=2.63
[INFO] [1784728050.351211957] [yolo_navigator]: [STATUS] mode=FTG front=10.00 L=0.61 R=2.44 gap=-0.11 v=+0.35 w=+0.25 personLvl=0
[INFO] [1784728055.351722488] [yolo_navigator]: [STATUS] mode=FTG front=10.00 L=0.85 R=1.97 gap=-0.16 v=+0.32 w=+0.19 personLvl=0
[INFO] [1784728060.420999833] [yolo_navigator]: [STATUS] mode=FTG front=10.00 L=1.08 R=1.48 gap=+0.15 v=+0.33 w=-0.24 personLvl=0
[INFO] [1784728065.446695224] [yolo_navigator]: [STATUS] mode=FTG front=10.00 L=1.36 R=1.15 gap=-0.16 v=+0.32 w=+0.20 personLvl=0
[INFO] [1784728070.451270066] [yolo_navigator]: [STATUS] mode=FTG front=10.00 L=1.57 R=3.88 gap=+0.22 v=+0.29 w=-0.15 personLvl=0
[INFO] [1784728075.500688486] [yolo_navigator]: [STATUS] mode=FTG front=10.00 L=1.82 R=3.63 gap=+0.25 v=+0.28 w=-0.11 personLvl=0
[INFO] [1784728080.501713537] [yolo_navigator]: [STATUS] mode=FTG front=10.00 L=2.14 R=3.46 gap=+0.35 v=+0.23 w=+0.00 personLvl=0
[INFO] [1784728085.551135427] [yolo_navigator]: [STATUS] mode=FTG front=10.00 L=2.34 R=3.40 gap=+0.35 v=+0.23 w=+0.00 personLvl=0
[INFO] [1784728090.552994705] [yolo_navigator]: [STATUS] mode=FTG front=10.00 L=2.51 R=3.74 gap=+0.37 v=+0.22 w=+0.02 personLvl=0
[INFO] [1784728095.601565667] [yolo_navigator]: [STATUS] mode=FTG front=10.00 L=2.65 R=4.36 gap=+0.50 v=+0.16 w=+0.24 personLvl=0
[INFO] [1784728100.617024038] [yolo_navigator]: [STATUS] mode=FTG front=10.00 L=2.66 R=3.55 gap=+0.26 v=+0.28 w=-0.12 personLvl=0
[INFO] [1784728105.665118723] [yolo_navigator]: [STATUS] mode=FTG front=10.00 L=3.06 R=2.57 gap=+0.38 v=+0.22 w=+0.08 personLvl=0
[INFO] [1784728110.701080547] [yolo_navigator]: [STATUS] mode=FTG front=10.00 L=2.54 R=1.28 gap=+0.14 v=+0.33 w=+0.53 personLvl=0
[INFO] [1784728115.702461534] [yolo_navigator]: [STATUS] mode=FTG front=10.00 L=2.11 R=1.07 gap=-0.27 v=+0.27 w=-0.01 personLvl=0
[INFO] [1784728120.750933895] [yolo_navigator]: [STATUS] mode=FTG front=10.00 L=1.67 R=1.22 gap=-0.29 v=+0.26 w=-0.02 personLvl=0
[INFO] [1784728125.764443788] [yolo_navigator]: [STATUS] mode=FTG front=10.00 L=1.31 R=1.32 gap=-0.29 v=+0.26 w=-0.05 personLvl=0
[INFO] [1784728130.801651335] [yolo_navigator]: [STATUS] mode=FTG front=10.00 L=0.96 R=3.31 gap=-0.59 v=+0.12 w=-0.72 personLvl=0
[INFO] [1784728135.802783375] [yolo_navigator]: [STATUS] mode=FTG front=10.00 L=0.90 R=1.59 gap=-0.01 v=+0.40 w=+0.09 personLvl=0
[INFO] [1784728140.851305194] [yolo_navigator]: [STATUS] mode=FTG front=10.00 L=0.99 R=2.13 gap=-0.08 v=+0.36 w=-0.03 personLvl=0
[INFO] [1784728145.901417689] [yolo_navigator]: [STATUS] mode=FTG front=10.00 L=1.20 R=1.43 gap=-0.16 v=+0.32 w=-0.05 personLvl=0
[INFO] [1784728150.919926975] [yolo_navigator]: [STATUS] mode=FTG front=10.00 L=1.28 R=0.90 gap=-0.16 v=+0.33 w=-0.06 personLvl=0
[INFO] [1784728155.951332069] [yolo_navigator]: [STATUS] mode=FTG front=10.00 L=1.65 R=0.74 gap=-0.30 v=+0.25 w=-0.08 personLvl=0
[INFO] [1784728161.001635400] [yolo_navigator]: [STATUS] mode=FTG front=10.00 L=2.20 R=0.78 gap=-0.29 v=+0.26 w=-0.08 personLvl=0
[INFO] [1784728166.001080598] [yolo_navigator]: [STATUS] mode=FTG front=10.00 L=1.84 R=0.70 gap=-0.42 v=+0.20 w=-0.16 personLvl=0
[INFO] [1784728171.014893166] [yolo_navigator]: [STATUS] mode=FTG front=10.00 L=1.47 R=0.95 gap=-0.07 v=+0.36 w=+0.19 personLvl=0
[INFO] [1784728176.051488486] [yolo_navigator]: [STATUS] mode=FTG front=10.00 L=1.13 R=3.23 gap=-0.32 v=+0.25 w=-0.03 personLvl=0
[INFO] [1784728181.057255511] [yolo_navigator]: [STATUS] mode=FTG front=1.06 L=0.79 R=2.55 gap=-0.14 v=+0.33 w=+0.15 personLvl=0
[INFO] [1784728186.100937453] [yolo_navigator]: [STATUS] mode=FTG front=0.80 L=0.54 R=3.01 gap=-0.35 v=+0.23 w=-0.01 personLvl=0
[INFO] [1784728191.165494820] [yolo_navigator]: [STATUS] mode=FTG front=0.43 L=0.37 R=3.01 gap=-0.35 v=+0.06 w=-0.01 personLvl=0
[INFO] [1784728192.051016887] [yolo_navigator]: [ROTATE_OPEN] front=0.40 open=-1.24
[INFO] [1784728192.900723325] [yolo_navigator]: [FTG] gap=-0.32 W=2.22
[INFO] [1784728196.208691551] [yolo_navigator]: [STATUS] mode=FTG front=10.00 L=0.54 R=2.68 gap=+0.32 v=+0.24 w=+0.04 personLvl=0
[INFO] [1784728201.202184835] [yolo_navigator]: [STATUS] mode=FTG front=10.00 L=0.71 R=2.37 gap=+0.23 v=+0.29 w=-0.14 personLvl=0
[INFO] [1784728206.251201450] [yolo_navigator]: [STATUS] mode=FTG front=10.00 L=0.91 R=1.94 gap=+0.37 v=+0.22 w=+0.07 personLvl=0
[INFO] [1784728211.256146915] [yolo_navigator]: [STATUS] mode=FTG front=10.00 L=0.89 R=1.23 gap=+0.46 v=+0.18 w=+0.93 personLvl=0
[INFO] [1784728216.301171214] [yolo_navigator]: [STATUS] mode=FTG front=0.91 L=0.60 R=1.01 gap=-0.67 v=+0.10 w=-0.32 personLvl=0
[INFO] [1784728221.351058246] [yolo_navigator]: [STATUS] mode=FTG front=0.47 L=0.40 R=1.05 gap=-0.35 v=+0.09 w=-0.02 personLvl=0
[INFO] [1784728223.200677400] [yolo_navigator]: [ROTATE_OPEN] front=0.40 open=-0.66
[INFO] [1784728224.000306470] [yolo_navigator]: [FTG] gap=-0.50 W=1.90
[INFO] [1784728226.351479259] [yolo_navigator]: [STATUS] mode=FTG front=0.93 L=0.36 R=0.96 gap=-0.07 v=+0.37 w=+0.10 personLvl=0
[INFO] [1784728227.700806190] [yolo_navigator]: [ROTATE_OPEN] front=0.40 open=-0.58
[INFO] [1784728228.600899303] [yolo_navigator]: [FTG] gap=-0.09 W=1.89
[INFO] [1784728231.401290846] [yolo_navigator]: [STATUS] mode=FTG front=10.00 L=0.41 R=0.75 gap=+0.33 v=+0.24 w=-0.08 personLvl=0
[INFO] [1784728236.402443496] [yolo_navigator]: [STATUS] mode=FTG front=10.00 L=0.53 R=0.43 gap=+0.49 v=+0.16 w=+0.08 personLvl=0
[INFO] [1784728241.470959983] [yolo_navigator]: [STATUS] mode=FTG front=10.00 L=0.73 R=0.38 gap=-0.12 v=+0.34 w=+0.03 personLvl=0
[INFO] [1784728246.501557150] [yolo_navigator]: [STATUS] mode=FTG front=10.00 L=1.27 R=0.69 gap=-0.31 v=+0.25 w=-0.04 personLvl=0
[INFO] [1784728251.551956116] [yolo_navigator]: [STATUS] mode=FTG front=10.00 L=1.90 R=2.28 gap=-0.25 v=+0.28 w=-0.01 personLvl=0
[INFO] [1784728256.600975996] [yolo_navigator]: [STATUS] mode=FTG front=10.00 L=1.64 R=1.82 gap=+0.09 v=+0.36 w=+0.41 personLvl=0
[INFO] [1784728261.601606256] [yolo_navigator]: [STATUS] mode=FTG front=10.00 L=1.23 R=1.37 gap=-0.32 v=+0.24 w=-0.04 personLvl=0
[INFO] [1784728266.601255855] [yolo_navigator]: [STATUS] mode=FTG front=10.00 L=0.92 R=1.07 gap=+0.01 v=+0.40 w=+0.31 personLvl=0
[INFO] [1784728271.613462662] [yolo_navigator]: [STATUS] mode=FTG front=0.93 L=0.62 R=0.96 gap=-0.39 v=+0.21 w=-0.06 personLvl=0
[INFO] [1784728276.652089051] [yolo_navigator]: [STATUS] mode=FTG front=0.51 L=0.41 R=3.60 gap=-0.35 v=+0.12 w=-0.01 personLvl=0
[INFO] [1784728279.551177442] [yolo_navigator]: [ROTATE_OPEN] front=0.39 open=-0.86
[INFO] [1784728280.351346064] [yolo_navigator]: [FTG] gap=-0.32 W=2.24
[INFO] [1784728281.704954292] [yolo_navigator]: [STATUS] mode=FTG front=10.00 L=0.41 R=0.97 gap=+0.01 v=+0.39 w=+0.15 personLvl=0
[INFO] [1784728286.752150902] [yolo_navigator]: [STATUS] mode=FTG front=10.00 L=0.68 R=3.34 gap=-0.06 v=+0.37 w=+0.36 personLvl=0
[INFO] [1784728287.105660943] [yolo_navigator]: [PERSON] level=1 h=121px
[INFO] [1784728291.750770167] [yolo_navigator]: [STATUS] mode=FTG front=10.00 L=0.86 R=2.85 gap=-0.13 v=+0.19 w=+0.20 personLvl=1
[INFO] [1784728296.752043207] [yolo_navigator]: [STATUS] mode=FTG front=10.00 L=0.97 R=2.48 gap=+0.06 v=+0.22 w=-0.25 personLvl=1
[INFO] [1784728301.751507085] [yolo_navigator]: [STATUS] mode=FTG front=10.00 L=1.19 R=2.10 gap=-0.11 v=+0.20 w=+0.30 personLvl=1
[INFO] [1784728306.751866386] [yolo_navigator]: [STATUS] mode=FTG front=10.00 L=1.31 R=1.74 gap=-0.17 v=+0.17 w=+0.17 personLvl=1
[INFO] [1784728311.801084282] [yolo_navigator]: [STATUS] mode=FTG front=10.00 L=1.41 R=1.41 gap=+0.10 v=+0.20 w=-0.25 personLvl=1
[INFO] [1784728316.851479391] [yolo_navigator]: [STATUS] mode=FTG front=10.00 L=1.62 R=1.13 gap=-0.16 v=+0.17 w=+0.25 personLvl=1
[INFO] [1784728318.352303202] [yolo_navigator]: [PERSON] level=2 h=201px
[INFO] [1784728321.901529925] [yolo_navigator]: [STATUS] mode=FTG front=10.00 L=1.68 R=1.03 gap=+0.18 v=+0.10 w=-0.17 personLvl=2
[INFO] [1784728326.951237565] [yolo_navigator]: [STATUS] mode=FTG front=10.00 L=1.75 R=1.06 gap=+0.15 v=+0.10 w=-0.15 personLvl=2
[INFO] [1784728332.001225494] [yolo_navigator]: [STATUS] mode=FTG front=10.00 L=1.88 R=1.16 gap=-0.18 v=+0.10 w=+0.23 personLvl=2
[INFO] [1784728337.057740814] [yolo_navigator]: [STATUS] mode=FTG front=10.00 L=1.91 R=1.35 gap=+0.21 v=+0.10 w=-0.12 personLvl=2
[INFO] [1784728342.100856432] [yolo_navigator]: [STATUS] mode=FTG front=10.00 L=1.97 R=1.54 gap=+0.16 v=+0.10 w=-0.13 personLvl=2
[INFO] [1784728344.602032876] [yolo_navigator]: [PERSON] level=0 h=0px
[INFO] [1784728345.401479191] [yolo_navigator]: [PERSON] level=2 h=253px
[INFO] [1784728347.101688839] [yolo_navigator]: [STATUS] mode=FTG front=10.00 L=2.15 R=1.65 gap=+0.30 v=+0.10 w=-0.02 personLvl=2
[INFO] [1784728349.503442385] [yolo_navigator]: [PERSON] level=0 h=0px
[INFO] [1784728352.151420691] [yolo_navigator]: [STATUS] mode=FTG front=10.00 L=2.13 R=2.14 gap=+0.27 v=+0.27 w=-0.11 personLvl=0
[INFO] [1784728357.201508586] [yolo_navigator]: [STATUS] mode=FTG front=10.00 L=2.18 R=2.06 gap=+0.31 v=+0.25 w=+0.03 personLvl=0
[INFO] [1784728362.201433493] [yolo_navigator]: [STATUS] mode=FTG front=10.00 L=2.28 R=1.52 gap=+0.34 v=+0.24 w=+0.04 personLvl=0
[INFO] [1784728367.252159139] [yolo_navigator]: [STATUS] mode=FTG front=10.00 L=2.32 R=1.07 gap=+0.31 v=+0.25 w=+0.02 personLvl=0
[INFO] [1784728372.301799692] [yolo_navigator]: [STATUS] mode=FTG front=10.00 L=2.36 R=0.78 gap=+0.32 v=+0.24 w=+0.01 personLvl=0
[INFO] [1784728377.350943650] [yolo_navigator]: [STATUS] mode=FTG front=10.00 L=2.39 R=2.79 gap=+0.30 v=+0.25 w=+0.47 personLvl=0
[INFO] [1784728382.351098402] [yolo_navigator]: [STATUS] mode=FTG front=10.00 L=2.14 R=2.15 gap=-0.08 v=+0.36 w=-0.04 personLvl=0
[INFO] [1784728387.400758857] [yolo_navigator]: [STATUS] mode=FTG front=10.00 L=1.89 R=1.31 gap=+0.32 v=+0.24 w=+0.71 personLvl=0
[INFO] [1784728392.433123568] [yolo_navigator]: [STATUS] mode=FTG front=10.00 L=1.51 R=0.82 gap=-0.01 v=+0.40 w=+0.28 personLvl=0
[INFO] [1784728397.423350275] [yolo_navigator]: [STATUS] mode=FTG front=10.00 L=1.20 R=0.86 gap=+0.23 v=+0.29 w=+0.56 personLvl=0
[INFO] [1784728402.401762440] [yolo_navigator]: [STATUS] mode=FTG front=1.12 L=0.85 R=2.64 gap=-0.12 v=+0.34 w=+0.13 personLvl=0
[INFO] [1784728407.434425923] [yolo_navigator]: [STATUS] mode=FTG front=10.00 L=0.64 R=3.96 gap=+0.27 v=+0.27 w=+0.72 personLvl=0
[INFO] [1784728412.453810458] [yolo_navigator]: [STATUS] mode=FTG front=10.00 L=0.53 R=3.63 gap=+0.43 v=+0.19 w=-0.01 personLvl=0
[INFO] [1784728417.501167747] [yolo_navigator]: [STATUS] mode=FTG front=10.00 L=0.57 R=3.13 gap=+0.47 v=+0.18 w=+0.02 personLvl=0
[INFO] [1784728422.501015947] [yolo_navigator]: [STATUS] mode=FTG front=10.00 L=0.60 R=2.65 gap=-1.09 v=+0.10 w=-0.97 personLvl=0
[INFO] [1784728427.501380811] [yolo_navigator]: [STATUS] mode=FTG front=10.00 L=1.37 R=2.36 gap=-0.27 v=+0.27 w=+0.01 personLvl=0
[INFO] [1784728432.501923861] [yolo_navigator]: [STATUS] mode=FTG front=10.00 L=1.68 R=3.17 gap=-0.19 v=+0.31 w=+0.04 personLvl=0
[INFO] [1784728437.502128223] [yolo_navigator]: [STATUS] mode=FTG front=10.00 L=1.34 R=3.17 gap=-0.37 v=+0.22 w=-0.11 personLvl=0
[INFO] [1784728442.551888593] [yolo_navigator]: [STATUS] mode=FTG front=10.00 L=1.03 R=3.28 gap=+0.05 v=+0.37 w=+0.34 personLvl=0
[INFO] [1784728447.560925235] [yolo_navigator]: [STATUS] mode=FTG front=0.84 L=0.66 R=2.12 gap=-0.53 v=+0.15 w=-0.24 personLvl=0
[INFO] [1784728452.605211078] [yolo_navigator]: [STATUS] mode=FTG front=0.66 L=0.47 R=2.63 gap=-0.35 v=+0.21 w=-0.01 personLvl=0
[INFO] [1784728457.201171119] [yolo_navigator]: [ROTATE_OPEN] front=0.40 open=-1.45
[INFO] [1784728457.614518448] [yolo_navigator]: [STATUS] mode=ROTATE_OPEN front=0.39 L=0.36 R=2.44 gap=-0.35 v=+0.00 w=-1.00 personLvl=0
[INFO] [1784728458.000393961] [yolo_navigator]: [FTG] gap=-0.34 W=2.96
[INFO] [1784728461.704772095] [yolo_navigator]: [PERSON] level=2 h=270px
[INFO] [1784728462.651450112] [yolo_navigator]: [STATUS] mode=FTG front=10.00 L=0.56 R=3.06 gap=+0.36 v=+0.10 w=+0.07 personLvl=2
[INFO] [1784728465.351320676] [yolo_navigator]: [PERSON] level=0 h=0px
[INFO] [1784728467.733411964] [yolo_navigator]: [STATUS] mode=FTG front=10.00 L=0.65 R=1.70 gap=+0.34 v=+0.24 w=+0.00 personLvl=0
[INFO] [1784728472.752292245] [yolo_navigator]: [STATUS] mode=FTG front=1.10 L=0.80 R=1.07 gap=+0.36 v=+0.23 w=+0.03 personLvl=0
[INFO] [1784728477.800930016] [yolo_navigator]: [STATUS] mode=FTG front=0.54 L=0.94 R=0.55 gap=+0.25 v=+0.16 w=+0.00 personLvl=0
[INFO] [1784728480.200508593] [yolo_navigator]: [ROTATE_OPEN] front=0.39 open=-1.45
[INFO] [1784728482.851232848] [yolo_navigator]: [STATUS] mode=ROTATE_OPEN front=0.39 L=0.41 R=2.63 gap=+1.04 v=+0.00 w=-1.00 personLvl=0
[INFO] [1784728484.251047537] [yolo_navigator]: [FTG] gap=-0.14 W=2.50
[INFO] [1784728484.750815246] [yolo_navigator]: [ROTATE_OPEN] front=0.39 open=+0.31
[INFO] [1784728485.650828737] [yolo_navigator]: [REVERSE] front=0.31 dir=-1
[INFO] [1784728487.500990195] [yolo_navigator]: [FTG] gap=-0.04 W=2.27
[INFO] [1784728487.900960393] [yolo_navigator]: [STATUS] mode=FTG front=10.00 L=0.38 R=2.94 gap=+0.13 v=+0.34 w=-0.44 personLvl=0
[INFO] [1784728492.901623128] [yolo_navigator]: [STATUS] mode=FTG front=10.00 L=2.24 R=3.11 gap=+0.41 v=+0.21 w=+0.07 personLvl=0
[INFO] [1784728497.951987155] [yolo_navigator]: [STATUS] mode=FTG front=10.00 L=1.71 R=2.32 gap=+0.42 v=+0.20 w=+0.05 personLvl=0
[INFO] [1784728502.956978851] [yolo_navigator]: [STATUS] mode=FTG front=10.00 L=3.93 R=1.52 gap=+0.67 v=+0.10 w=+0.41 personLvl=0
[INFO] [1784728508.000911244] [yolo_navigator]: [STATUS] mode=FTG front=10.00 L=3.28 R=0.76 gap=-0.24 v=+0.28 w=+0.13 personLvl=0
[INFO] [1784728513.001701328] [yolo_navigator]: [STATUS] mode=FTG front=10.00 L=3.14 R=0.29 gap=+0.39 v=+0.21 w=+0.05 personLvl=0
[INFO] [1784728518.051235669] [yolo_navigator]: [STATUS] mode=FTG front=10.00 L=2.39 R=0.34 gap=-0.34 v=+0.24 w=-0.04 personLvl=0
[INFO] [1784728523.101961473] [yolo_navigator]: [STATUS] mode=FTG front=10.00 L=1.73 R=3.55 gap=-0.32 v=+0.25 w=-0.02 personLvl=0
[INFO] [1784728528.195047925] [yolo_navigator]: [STATUS] mode=FTG front=10.00 L=1.20 R=3.08 gap=-0.32 v=+0.25 w=-0.02 personLvl=0
[INFO] [1784728533.151931873] [yolo_navigator]: [STATUS] mode=FTG front=0.69 L=0.68 R=2.61 gap=-0.33 v=+0.24 w=-0.02 personLvl=0
[INFO] [1784728537.697633011] [yolo_navigator]: [ROTATE_OPEN] front=0.39 open=-0.44
[INFO] [1784728538.210825197] [yolo_navigator]: [STATUS] mode=ROTATE_OPEN front=0.38 L=0.43 R=2.36 gap=-0.32 v=+0.00 w=-1.00 personLvl=0
[INFO] [1784728538.552642688] [yolo_navigator]: [FTG] gap=-0.23 W=8.42
[INFO] [1784728540.700521773] [yolo_navigator]: [ROTATE_OPEN] front=0.35 open=-0.24
[INFO] [1784728540.870794222] [yolo_navigator]: [REVERSE] front=0.30 dir=-1
[INFO] [1784728541.400616243] [yolo_navigator]: [FTG] gap=-0.07 W=8.75
[INFO] [1784728542.752925398] [yolo_navigator]: [PERSON] level=2 h=263px
[INFO] [1784728543.250959589] [yolo_navigator]: [STATUS] mode=FTG front=10.00 L=0.60 R=2.40 gap=+0.43 v=+0.10 w=+0.26 personLvl=2
[INFO] [1784728543.951702742] [yolo_navigator]: [PERSON] level=0 h=0px
[INFO] [1784728548.251114853] [yolo_navigator]: [STATUS] mode=FTG front=10.00 L=1.39 R=2.02 gap=-0.89 v=+0.10 w=-0.52 personLvl=0
[INFO] [1784728551.300678737] [yolo_navigator]: [WEDGE] open=-1.45
[INFO] [1784728551.400869446] [yolo_navigator]: [FTG] gap=-1.41 W=2.63
[INFO] [1784728551.603938154] [yolo_navigator]: [WEDGE] open=-1.45
[INFO] [1784728551.700841222] [yolo_navigator]: [FTG] gap=-1.44 W=2.20
[INFO] [1784728552.581891766] [yolo_navigator]: [WEDGE] open=-1.45
[INFO] [1784728553.101105724] [yolo_navigator]: [FTG] gap=+1.41 W=5.04
[INFO] [1784728553.251448013] [yolo_navigator]: [STATUS] mode=FTG front=10.00 L=1.48 R=1.87 gap=+1.38 v=+0.10 w=+0.40 personLvl=0
[INFO] [1784728553.705006872] [yolo_navigator]: [WEDGE] open=+1.45
[INFO] [1784728554.200488745] [yolo_navigator]: [FTG] gap=+1.41 W=5.60
[INFO] [1784728557.651094819] [yolo_navigator]: [WEDGE] open=+1.45
[INFO] [1784728557.900861937] [yolo_navigator]: [FTG] gap=+1.47 W=0.76
[INFO] [1784728558.251752607] [yolo_navigator]: [STATUS] mode=FTG front=10.00 L=1.36 R=1.79 gap=-0.85 v=+0.10 w=-0.25 personLvl=0
[INFO] [1784728561.202017591] [yolo_navigator]: [WEDGE] open=+1.45
[INFO] [1784728562.100348301] [yolo_navigator]: [FTG] gap=+1.47 W=0.72
[INFO] [1784728563.251693839] [yolo_navigator]: [STATUS] mode=FTG front=10.00 L=1.46 R=1.72 gap=-1.00 v=+0.10 w=-0.70 personLvl=0
[INFO] [1784728564.600700801] [yolo_navigator]: [WEDGE] open=+1.45
[INFO] [1784728565.851627535] [yolo_navigator]: [FTG] gap=-0.80 W=3.95
[INFO] [1784728568.101070834] [yolo_navigator]: [WEDGE] open=+1.45
[INFO] [1784728568.257823951] [yolo_navigator]: [STATUS] mode=WEDGE front=10.00 L=2.91 R=1.58 gap=+0.00 v=+0.40 w=+0.94 personLvl=0
[INFO] [1784728569.302594221] [yolo_navigator]: [FTG] gap=-0.82 W=4.08
[INFO] [1784728571.601330232] [yolo_navigator]: [WEDGE] open=-0.59
[INFO] [1784728573.312944415] [yolo_navigator]: [STATUS] mode=WEDGE front=10.00 L=2.47 R=1.27 gap=+0.00 v=+0.40 w=-0.31 personLvl=0
[INFO] [1784728574.100856530] [yolo_navigator]: [FTG] gap=+0.36 W=6.06
[INFO] [1784728575.157979864] [yolo_navigator]: [WEDGE] open=-0.19
[INFO] [1784728575.800521675] [yolo_navigator]: [FTG] gap=-0.54 W=4.84
[INFO] [1784728576.950578210] [yolo_navigator]: [WEDGE] open=-0.35
[INFO] [1784728577.754972762] [yolo_navigator]: [FTG] gap=+0.14 W=6.73
[INFO] [1784728578.350613587] [yolo_navigator]: [STATUS] mode=FTG front=10.00 L=2.05 R=0.66 gap=+0.17 v=+0.32 w=+0.46 personLvl=0
[INFO] [1784728583.351100480] [yolo_navigator]: [STATUS] mode=FTG front=10.00 L=1.61 R=0.42 gap=-0.39 v=+0.21 w=-0.22 personLvl=0
[INFO] [1784728588.401929993] [yolo_navigator]: [STATUS] mode=FTG front=10.00 L=1.45 R=0.48 gap=-0.39 v=+0.21 w=-0.18 personLvl=0
[INFO] [1784728593.451358135] [yolo_navigator]: [STATUS] mode=FTG front=10.00 L=1.58 R=0.39 gap=-0.21 v=+0.30 w=+0.32 personLvl=0
[INFO] [1784728598.502212490] [yolo_navigator]: [STATUS] mode=FTG front=10.00 L=1.88 R=1.17 gap=-0.29 v=+0.26 w=-0.12 personLvl=0
[INFO] [1784728603.502115480] [yolo_navigator]: [STATUS] mode=FTG front=10.00 L=2.32 R=2.57 gap=-0.13 v=+0.34 w=+0.01 personLvl=0
[INFO] [1784728608.588109599] [yolo_navigator]: [STATUS] mode=FTG front=10.00 L=2.24 R=2.17 gap=-0.52 v=+0.15 w=-0.19 personLvl=0
[INFO] [1784728613.600952099] [yolo_navigator]: [STATUS] mode=FTG front=10.00 L=1.92 R=2.29 gap=+0.02 v=+0.39 w=+0.27 personLvl=0
[INFO] [1784728618.602035838] [yolo_navigator]: [STATUS] mode=FTG front=10.00 L=1.52 R=2.42 gap=-0.54 v=+0.14 w=-0.20 personLvl=0
[INFO] [1784728623.602071538] [yolo_navigator]: [STATUS] mode=FTG front=10.00 L=1.20 R=2.01 gap=-0.31 v=+0.25 w=-0.02 personLvl=0
[INFO] [1784728628.624617340] [yolo_navigator]: [STATUS] mode=FTG front=10.00 L=0.90 R=1.66 gap=-0.02 v=+0.39 w=+0.27 personLvl=0
[INFO] [1784728633.651430947] [yolo_navigator]: [STATUS] mode=FTG front=0.92 L=0.61 R=1.38 gap=-0.37 v=+0.22 w=-0.04 personLvl=0
[INFO] [1784728638.700832015] [yolo_navigator]: [STATUS] mode=FTG front=0.49 L=0.40 R=1.17 gap=-0.35 v=+0.10 w=-0.01 personLvl=0
[INFO] [1784728641.100681691] [yolo_navigator]: [ROTATE_OPEN] front=0.40 open=-1.06
[INFO] [1784728641.900537074] [yolo_navigator]: [FTG] gap=-0.32 W=2.25
[INFO] [1784728643.718775553] [yolo_navigator]: [STATUS] mode=FTG front=10.00 L=0.37 R=1.05 gap=-0.04 v=+0.38 w=+0.13 personLvl=0
[INFO] [1784728646.050718109] [yolo_navigator]: [ROTATE_OPEN] front=0.40 open=-1.27
[INFO] [1784728646.901651762] [yolo_navigator]: [FTG] gap=-0.09 W=2.24
[INFO] [1784728648.751914384] [yolo_navigator]: [STATUS] mode=FTG front=10.00 L=0.35 R=0.88 gap=+0.21 v=+0.30 w=-0.14 personLvl=0
[INFO] [1784728653.805992620] [yolo_navigator]: [STATUS] mode=FTG front=10.00 L=0.54 R=1.88 gap=+0.38 v=+0.22 w=-0.01 personLvl=0
[INFO] [1784728658.809294679] [yolo_navigator]: [STATUS] mode=FTG front=10.00 L=0.58 R=1.42 gap=+0.49 v=+0.16 w=+0.06 personLvl=0
[INFO] [1784728663.852262971] [yolo_navigator]: [STATUS] mode=FTG front=0.98 L=0.61 R=1.01 gap=+0.45 v=+0.18 w=+0.00 personLvl=0
[INFO] [1784728668.900959626] [yolo_navigator]: [STATUS] mode=FTG front=0.58 L=0.63 R=0.61 gap=+0.54 v=+0.10 w=+0.08 personLvl=0
[INFO] [1784728670.550965943] [yolo_navigator]: [WEDGE] open=-1.45
[INFO] [1784728673.901104261] [yolo_navigator]: [STATUS] mode=WEDGE front=0.44 L=0.58 R=0.49 gap=+0.00 v=+0.05 w=-1.00 personLvl=0
[INFO] [1784728675.151365229] [yolo_navigator]: [FTG] gap=-1.45 W=3.08
[INFO] [1784728675.600368263] [yolo_navigator]: [WEDGE] open=-1.45
[INFO] [1784728676.150632770] [yolo_navigator]: [FTG] gap=-1.38 W=3.84
[INFO] [1784728676.451061390] [yolo_navigator]: [ROTATE_OPEN] front=0.39 open=-1.24
[INFO] [1784728678.050479910] [yolo_navigator]: [FTG] gap=-0.57 W=3.11
[INFO] [1784728678.901283742] [yolo_navigator]: [STATUS] mode=FTG front=0.57 L=0.46 R=1.66 gap=-0.28 v=+0.17 w=-0.00 personLvl=0
[INFO] [1784728681.657253457] [yolo_navigator]: [ROTATE_OPEN] front=0.39 open=-0.28
[INFO] [1784728682.100951344] [yolo_navigator]: [FTG] gap=-0.24 W=3.94
[INFO] [1784728683.901314533] [yolo_navigator]: [STATUS] mode=FTG front=10.00 L=0.46 R=1.50 gap=-0.00 v=+0.40 w=+0.44 personLvl=0
[INFO] [1784728688.908857415] [yolo_navigator]: [STATUS] mode=FTG front=10.00 L=0.44 R=3.13 gap=+0.12 v=+0.34 w=-0.30 personLvl=0
[INFO] [1784728693.951832442] [yolo_navigator]: [STATUS] mode=FTG front=10.00 L=1.87 R=2.60 gap=+0.30 v=+0.26 w=-0.07 personLvl=0
[INFO] [1784728699.001332973] [yolo_navigator]: [STATUS] mode=FTG front=10.00 L=1.55 R=2.23 gap=+0.34 v=+0.24 w=-0.02 personLvl=0
[INFO] [1784728704.051698782] [yolo_navigator]: [STATUS] mode=FTG front=10.00 L=1.74 R=2.01 gap=+0.36 v=+0.23 w=-0.04 personLvl=0
[INFO] [1784728709.051944536] [yolo_navigator]: [STATUS] mode=FTG front=10.00 L=2.15 R=1.83 gap=+0.40 v=+0.21 w=+0.03 personLvl=0
[INFO] [1784728714.101286792] [yolo_navigator]: [STATUS] mode=FTG front=10.00 L=1.97 R=1.50 gap=+0.37 v=+0.22 w=+0.03 personLvl=0
[INFO] [1784728719.151316640] [yolo_navigator]: [STATUS] mode=FTG front=1.01 L=2.13 R=1.01 gap=+0.35 v=+0.23 w=+0.00 personLvl=0
[INFO] [1784728724.229782998] [yolo_navigator]: [STATUS] mode=FTG front=0.51 L=2.29 R=0.55 gap=+0.37 v=+0.11 w=+0.03 personLvl=0
[INFO] [1784728727.000974283] [yolo_navigator]: [ROTATE_OPEN] front=0.40 open=+0.40
[INFO] [1784728728.001590686] [yolo_navigator]: [FTG] gap=+0.25 W=6.77
[INFO] [1784728729.251488552] [yolo_navigator]: [STATUS] mode=FTG front=0.64 L=2.11 R=0.45 gap=+0.01 v=+0.33 w=-0.45 personLvl=0
[INFO] [1784728729.751487726] [yolo_navigator]: [ROTATE_OPEN] front=0.39 open=+0.14
[INFO] [1784728730.201215853] [yolo_navigator]: [REVERSE] front=0.30 dir=+1
[INFO] [1784728731.150619102] [yolo_navigator]: [FTG] gap=-0.01 W=5.09
[INFO] [1784728734.331767067] [yolo_navigator]: [STATUS] mode=FTG front=10.00 L=1.81 R=0.78 gap=-0.36 v=+0.23 w=-0.00 personLvl=0
[INFO] [1784728739.354430660] [yolo_navigator]: [STATUS] mode=FTG front=10.00 L=1.48 R=4.85 gap=-0.23 v=+0.29 w=+0.16 personLvl=0
[INFO] [1784728744.400775294] [yolo_navigator]: [STATUS] mode=FTG front=10.00 L=1.18 R=4.98 gap=+0.39 v=+0.21 w=+0.07 personLvl=0
[INFO] [1784728749.431610367] [yolo_navigator]: [STATUS] mode=FTG front=10.00 L=1.32 R=5.24 gap=+0.36 v=+0.23 w=+0.02 personLvl=0
[INFO] [1784728754.451581912] [yolo_navigator]: [STATUS] mode=FTG front=10.00 L=3.20 R=4.64 gap=+0.37 v=+0.22 w=+0.02 personLvl=0
[INFO] [1784728759.500990370] [yolo_navigator]: [STATUS] mode=FTG front=10.00 L=2.71 R=3.61 gap=-0.98 v=+0.10 w=-0.49 personLvl=0
[INFO] [1784728764.550807029] [yolo_navigator]: [STATUS] mode=FTG front=10.00 L=2.46 R=4.42 gap=-0.04 v=+0.38 w=+0.33 personLvl=0
[INFO] [1784728769.600961375] [yolo_navigator]: [STATUS] mode=FTG front=10.00 L=1.88 R=3.19 gap=-0.34 v=+0.24 w=+0.02 personLvl=0
[INFO] [1784728774.650772216] [yolo_navigator]: [STATUS] mode=FTG front=10.00 L=1.46 R=3.50 gap=-0.23 v=+0.29 w=-0.03 personLvl=0
[INFO] [1784728779.651101246] [yolo_navigator]: [STATUS] mode=FTG front=10.00 L=1.12 R=3.02 gap=+0.18 v=+0.31 w=+0.46 personLvl=0
[INFO] [1784728784.651581263] [yolo_navigator]: [STATUS] mode=FTG front=0.98 L=0.80 R=2.59 gap=-0.60 v=+0.11 w=-0.34 personLvl=0
[INFO] [1784728789.711520992] [yolo_navigator]: [STATUS] mode=FTG front=0.85 L=0.58 R=3.38 gap=-0.39 v=+0.21 w=-0.06 personLvl=0
[INFO] [1784728794.826004037] [yolo_navigator]: [STATUS] mode=FTG front=0.45 L=0.38 R=3.24 gap=-0.21 v=+0.10 w=-0.71 personLvl=0
[INFO] [1784728799.750767605] [yolo_navigator]: [STATUS] mode=FTG front=10.00 L=0.99 R=2.69 gap=+0.13 v=+0.34 w=-0.02 personLvl=0
[INFO] [1784728804.751979921] [yolo_navigator]: [STATUS] mode=FTG front=10.00 L=0.77 R=2.16 gap=+0.18 v=+0.31 w=-0.02 personLvl=0
[INFO] [1784728809.801094013] [yolo_navigator]: [STATUS] mode=FTG front=10.00 L=0.96 R=1.66 gap=+0.20 v=+0.30 w=+0.00 personLvl=0
[INFO] [1784728814.891049113] [yolo_navigator]: [STATUS] mode=FTG front=10.00 L=1.12 R=1.23 gap=+0.20 v=+0.30 w=-0.00 personLvl=0
[INFO] [1784728819.910651532] [yolo_navigator]: [STATUS] mode=FTG front=10.00 L=1.18 R=2.36 gap=-0.06 v=+0.37 w=+0.01 personLvl=0
[INFO] [1784728824.904882647] [yolo_navigator]: [STATUS] mode=FTG front=10.00 L=1.20 R=1.60 gap=-0.13 v=+0.34 w=-0.01 personLvl=0
[INFO] [1784728829.950906319] [yolo_navigator]: [STATUS] mode=FTG front=10.00 L=1.33 R=0.91 gap=-0.14 v=+0.33 w=-0.06 personLvl=0
[INFO] [1784728834.952004143] [yolo_navigator]: [STATUS] mode=FTG front=10.00 L=1.63 R=0.68 gap=-0.31 v=+0.25 w=-0.09 personLvl=0
[INFO] [1784728840.001669729] [yolo_navigator]: [STATUS] mode=FTG front=10.00 L=2.21 R=0.75 gap=-0.33 v=+0.24 w=-0.13 personLvl=0
[INFO] [1784728845.051676774] [yolo_navigator]: [STATUS] mode=FTG front=10.00 L=1.84 R=0.67 gap=-0.55 v=+0.14 w=-0.20 personLvl=0
[INFO] [1784728850.101428381] [yolo_navigator]: [STATUS] mode=FTG front=10.00 L=1.46 R=1.26 gap=-0.07 v=+0.37 w=+0.20 personLvl=0
[INFO] [1784728855.151659575] [yolo_navigator]: [STATUS] mode=FTG front=10.00 L=1.10 R=3.16 gap=-0.32 v=+0.25 w=-0.03 personLvl=0
[INFO] [1784728860.201629495] [yolo_navigator]: [STATUS] mode=FTG front=0.79 L=0.68 R=1.78 gap=-0.61 v=+0.11 w=-0.36 personLvl=0
[INFO] [1784728865.269951267] [yolo_navigator]: [STATUS] mode=FTG front=0.64 L=0.47 R=2.96 gap=-0.35 v=+0.19 w=-0.01 personLvl=0
[INFO] [1784728869.350506423] [yolo_navigator]: [ROTATE_OPEN] front=0.39 open=-1.26
[INFO] [1784728870.150917370] [yolo_navigator]: [FTG] gap=-0.34 W=3.15
[INFO] [1784728870.300856040] [yolo_navigator]: [STATUS] mode=FTG front=0.49 L=0.36 R=2.91 gap=-0.25 v=+0.13 w=-0.30 personLvl=0
[INFO] [1784728875.301215222] [yolo_navigator]: [STATUS] mode=FTG front=10.00 L=0.62 R=2.50 gap=+0.30 v=+0.26 w=+0.03 personLvl=0
[INFO] [1784728880.301430904] [yolo_navigator]: [STATUS] mode=FTG front=10.00 L=0.91 R=2.18 gap=+0.47 v=+0.18 w=+0.21 personLvl=0
[INFO] [1784728885.301791318] [yolo_navigator]: [STATUS] mode=FTG front=10.00 L=0.91 R=1.32 gap=+0.19 v=+0.31 w=+0.49 personLvl=0
[INFO] [1784728890.351593996] [yolo_navigator]: [STATUS] mode=FTG front=10.00 L=0.79 R=0.90 gap=+0.03 v=+0.38 w=+0.38 personLvl=0
[INFO] [1784728895.409983190] [yolo_navigator]: [STATUS] mode=FTG front=0.95 L=0.53 R=0.93 gap=-0.23 v=+0.29 w=+0.14 personLvl=0
[INFO] [1784728900.100669050] [yolo_navigator]: [ROTATE_OPEN] front=0.40 open=-0.66
[INFO] [1784728900.451610168] [yolo_navigator]: [FTG] gap=-0.28 W=1.45
[INFO] [1784728900.453007433] [yolo_navigator]: [STATUS] mode=FTG front=0.41 L=0.36 R=0.98 gap=-0.28 v=+0.06 w=-0.65 personLvl=0
[INFO] [1784728903.250586953] [yolo_navigator]: [ROTATE_OPEN] front=0.40 open=-0.59
[INFO] [1784728904.051358755] [yolo_navigator]: [FTG] gap=-0.12 W=1.73
[INFO] [1784728905.502137538] [yolo_navigator]: [STATUS] mode=FTG front=10.00 L=0.34 R=0.87 gap=-0.11 v=+0.35 w=-0.22 personLvl=0
[INFO] [1784728910.501659221] [yolo_navigator]: [STATUS] mode=FTG front=10.00 L=0.51 R=0.46 gap=+0.47 v=+0.17 w=+0.05 personLvl=0
[INFO] [1784728915.552213797] [yolo_navigator]: [STATUS] mode=FTG front=10.00 L=0.75 R=0.47 gap=-0.54 v=+0.14 w=-0.34 personLvl=0
[INFO] [1784728920.594945352] [yolo_navigator]: [STATUS] mode=FTG front=10.00 L=1.37 R=0.73 gap=-0.30 v=+0.26 w=-0.03 personLvl=0
[INFO] [1784728925.601709085] [yolo_navigator]: [STATUS] mode=FTG front=10.00 L=1.88 R=2.13 gap=-0.19 v=+0.31 w=+0.04 personLvl=0
[INFO] [1784728930.609028654] [yolo_navigator]: [STATUS] mode=FTG front=10.00 L=1.40 R=1.59 gap=-0.43 v=+0.19 w=-0.20 personLvl=0
[INFO] [1784728935.650825060] [yolo_navigator]: [STATUS] mode=FTG front=10.00 L=1.07 R=1.21 gap=+0.08 v=+0.36 w=+0.37 personLvl=0
[INFO] [1784728940.651057268] [yolo_navigator]: [STATUS] mode=FTG front=0.74 L=0.64 R=1.05 gap=-0.61 v=+0.11 w=-0.36 personLvl=0
[INFO] [1784728945.651909210] [yolo_navigator]: [STATUS] mode=FTG front=0.62 L=0.46 R=1.12 gap=-0.35 v=+0.18 w=-0.01 personLvl=0
[INFO] [1784728949.751289908] [yolo_navigator]: [ROTATE_OPEN] front=0.40 open=-0.86
[INFO] [1784728950.601555820] [yolo_navigator]: [FTG] gap=-0.30 W=2.80
[INFO] [1784728950.657261347] [yolo_navigator]: [STATUS] mode=FTG front=0.47 L=0.36 R=4.14 gap=-0.27 v=+0.11 w=-0.30 personLvl=0
[INFO] [1784728955.701477282] [yolo_navigator]: [STATUS] mode=FTG front=10.00 L=0.63 R=1.00 gap=+0.00 v=+0.40 w=-0.46 personLvl=0
[INFO] [1784728960.711929615] [yolo_navigator]: [STATUS] mode=FTG front=10.00 L=1.80 R=2.85 gap=+0.37 v=+0.22 w=+0.03 personLvl=0
[INFO] [1784728965.754565637] [yolo_navigator]: [STATUS] mode=FTG front=10.00 L=1.87 R=2.21 gap=+0.20 v=+0.31 w=+0.07 personLvl=0
[INFO] [1784728967.482649295] [yolo_navigator]: [PERSON] level=1 h=148px
[INFO] [1784728969.252054130] [yolo_navigator]: [PERSON] level=0 h=0px
[INFO] [1784728970.201499470] [yolo_navigator]: [PERSON] level=1 h=157px
[INFO] [1784728970.834012548] [yolo_navigator]: [STATUS] mode=FTG front=10.00 L=1.79 R=1.61 gap=-0.06 v=+0.22 w=+0.38 personLvl=1
[INFO] [1784728975.958021525] [yolo_navigator]: [STATUS] mode=FTG front=10.00 L=1.87 R=1.22 gap=+0.17 v=+0.17 w=-0.18 personLvl=1
[INFO] [1784728980.951592231] [yolo_navigator]: [STATUS] mode=FTG front=10.00 L=1.96 R=0.85 gap=+0.10 v=+0.20 w=-0.23 personLvl=1
[INFO] [1784728982.251888777] [yolo_navigator]: [PERSON] level=2 h=201px
[INFO] [1784728983.051344216] [yolo_navigator]: [PERSON] level=1 h=199px
[INFO] [1784728983.559570607] [yolo_navigator]: [PERSON] level=2 h=204px
[INFO] [1784728986.001279315] [yolo_navigator]: [STATUS] mode=FTG front=10.00 L=2.12 R=0.64 gap=-0.17 v=+0.10 w=+0.21 personLvl=2
[INFO] [1784728991.027461891] [yolo_navigator]: [STATUS] mode=FTG front=10.00 L=2.18 R=0.55 gap=-0.19 v=+0.10 w=+0.19 personLvl=2
[INFO] [1784728996.051533370] [yolo_navigator]: [STATUS] mode=FTG front=10.00 L=2.18 R=0.75 gap=+0.17 v=+0.10 w=-0.18 personLvl=2
[INFO] [1784729001.102123575] [yolo_navigator]: [STATUS] mode=FTG front=10.00 L=2.32 R=0.88 gap=+0.26 v=+0.10 w=-0.07 personLvl=2
[INFO] [1784729006.101803876] [yolo_navigator]: [STATUS] mode=FTG front=10.00 L=2.45 R=1.01 gap=+0.29 v=+0.10 w=+0.00 personLvl=2
[INFO] [1784729011.116286343] [yolo_navigator]: [STATUS] mode=FTG front=10.00 L=2.52 R=1.18 gap=+0.31 v=+0.10 w=-0.01 personLvl=2
[INFO] [1784729016.151382043] [yolo_navigator]: [STATUS] mode=FTG front=10.00 L=2.44 R=1.56 gap=+0.35 v=+0.10 w=+0.08 personLvl=2
[INFO] [1784729018.602064418] [yolo_navigator]: [PERSON] level=0 h=0px
[INFO] [1784729021.200811625] [yolo_navigator]: [STATUS] mode=FTG front=10.00 L=2.46 R=2.06 gap=+0.30 v=+0.25 w=+0.01 personLvl=0
[INFO] [1784729026.251340258] [yolo_navigator]: [STATUS] mode=FTG front=10.00 L=2.53 R=1.79 gap=+0.32 v=+0.25 w=+0.03 personLvl=0
[INFO] [1784729031.301133242] [yolo_navigator]: [STATUS] mode=FTG front=10.00 L=2.57 R=1.20 gap=+0.31 v=+0.25 w=-0.00 personLvl=0
[INFO] [1784729036.302185356] [yolo_navigator]: [STATUS] mode=FTG front=10.00 L=2.61 R=0.71 gap=+0.33 v=+0.24 w=+0.02 personLvl=0
[INFO] [1784729041.351571275] [yolo_navigator]: [STATUS] mode=FTG front=10.00 L=2.63 R=0.49 gap=+0.34 v=+0.24 w=+0.02 personLvl=0
[INFO] [1784729046.400867091] [yolo_navigator]: [STATUS] mode=FTG front=10.00 L=2.63 R=2.52 gap=+0.66 v=+0.10 w=+0.39 personLvl=0
[INFO] [1784729051.401550884] [yolo_navigator]: [STATUS] mode=FTG front=10.00 L=2.37 R=2.43 gap=+0.16 v=+0.32 w=+0.46 personLvl=0
[INFO] [1784729056.450743702] [yolo_navigator]: [STATUS] mode=FTG front=10.00 L=1.91 R=1.85 gap=-0.63 v=+0.10 w=-0.77 personLvl=0
[INFO] [1784729061.501376882] [yolo_navigator]: [STATUS] mode=FTG front=10.00 L=1.53 R=1.34 gap=+0.06 v=+0.37 w=+0.37 personLvl=0
[INFO] [1784729066.501110253] [yolo_navigator]: [STATUS] mode=FTG front=10.00 L=1.13 R=1.11 gap=-0.32 v=+0.25 w=-0.03 personLvl=0
[INFO] [1784729071.501276052] [yolo_navigator]: [STATUS] mode=FTG front=10.00 L=0.80 R=1.30 gap=-0.01 v=+0.40 w=+0.33 personLvl=0
[INFO] [1784729076.501579403] [yolo_navigator]: [STATUS] mode=FTG front=0.59 L=0.47 R=2.65 gap=-0.36 v=+0.16 w=-0.04 personLvl=0
[INFO] [1784729080.851029327] [yolo_navigator]: [ROTATE_OPEN] front=0.39 open=-1.45
[INFO] [1784729081.501543969] [yolo_navigator]: [STATUS] mode=ROTATE_OPEN front=0.39 L=0.36 R=2.69 gap=-0.33 v=+0.00 w=-1.00 personLvl=0
[INFO] [1784729081.710582713] [yolo_navigator]: [FTG] gap=-0.29 W=1.39
[INFO] [1784729086.547979663] [yolo_navigator]: [STATUS] mode=FTG front=10.00 L=0.69 R=1.32 gap=-0.31 v=+0.25 w=-0.15 personLvl=0
[INFO] [1784729091.560179714] [yolo_navigator]: [STATUS] mode=FTG front=10.00 L=1.33 R=1.37 gap=-0.38 v=+0.22 w=-0.11 personLvl=0
[INFO] [1784729096.602066960] [yolo_navigator]: [STATUS] mode=FTG front=10.00 L=1.99 R=2.02 gap=-0.25 v=+0.28 w=-0.00 personLvl=0
[INFO] [1784729101.651651028] [yolo_navigator]: [STATUS] mode=FTG front=10.00 L=1.94 R=2.80 gap=-0.65 v=+0.10 w=-0.35 personLvl=0
[INFO] [1784729106.700992976] [yolo_navigator]: [STATUS] mode=FTG front=10.00 L=1.63 R=2.63 gap=-0.03 v=+0.39 w=+0.25 personLvl=0
[INFO] [1784729111.719667013] [yolo_navigator]: [STATUS] mode=FTG front=10.00 L=1.22 R=2.83 gap=-0.31 v=+0.25 w=-0.03 personLvl=0
[INFO] [1784729116.788062664] [yolo_navigator]: [STATUS] mode=FTG front=10.00 L=0.87 R=2.39 gap=-0.04 v=+0.38 w=+0.26 personLvl=0
[INFO] [1784729121.800977826] [yolo_navigator]: [STATUS] mode=FTG front=0.79 L=0.53 R=2.01 gap=-0.35 v=+0.23 w=-0.02 personLvl=0
[INFO] [1784729126.800702392] [yolo_navigator]: [ROTATE_OPEN] front=0.39 open=-1.38
[INFO] [1784729126.801436360] [yolo_navigator]: [STATUS] mode=ROTATE_OPEN front=0.39 L=0.36 R=1.76 gap=-0.35 v=+0.00 w=-0.36 personLvl=0
[INFO] [1784729127.700593646] [yolo_navigator]: [FTG] gap=-0.30 W=3.09
[INFO] [1784729131.801290252] [yolo_navigator]: [STATUS] mode=FTG front=10.00 L=0.58 R=1.24 gap=+0.37 v=+0.22 w=+0.05 personLvl=0
[INFO] [1784729136.819196375] [yolo_navigator]: [STATUS] mode=FTG front=10.00 L=0.73 R=0.75 gap=+0.38 v=+0.22 w=-0.01 personLvl=0
[INFO] [1784729141.851327995] [yolo_navigator]: [STATUS] mode=FTG front=10.00 L=0.88 R=0.39 gap=-0.39 v=+0.21 w=+0.04 personLvl=0
[INFO] [1784729146.902220214] [yolo_navigator]: [STATUS] mode=FTG front=10.00 L=1.02 R=1.84 gap=-0.44 v=+0.19 w=-0.05 personLvl=0
[INFO] [1784729151.951480820] [yolo_navigator]: [STATUS] mode=FTG front=1.17 L=1.20 R=1.33 gap=-0.43 v=+0.19 w=-0.08 personLvl=0
[INFO] [1784729157.001754879] [yolo_navigator]: [STATUS] mode=FTG front=0.85 L=0.83 R=2.93 gap=-0.41 v=+0.20 w=-0.07 personLvl=0
[INFO] [1784729162.050615851] [yolo_navigator]: [STATUS] mode=FTG front=0.41 L=0.46 R=2.50 gap=-0.33 v=+0.06 w=+0.00 personLvl=0
[INFO] [1784729162.451489643] [yolo_navigator]: [ROTATE_OPEN] front=0.40 open=-0.72
[INFO] [1784729163.501317566] [yolo_navigator]: [FTG] gap=-0.17 W=12.60
[INFO] [1784729167.067701489] [yolo_navigator]: [STATUS] mode=FTG front=10.00 L=1.99 R=2.88 gap=-0.20 v=+0.30 w=+0.20 personLvl=0
[INFO] [1784729172.101976372] [yolo_navigator]: [STATUS] mode=FTG front=10.00 L=1.54 R=2.42 gap=-0.13 v=+0.34 w=+0.29 personLvl=0
[INFO] [1784729177.151533859] [yolo_navigator]: [STATUS] mode=FTG front=10.00 L=1.62 R=2.14 gap=+0.38 v=+0.22 w=-0.09 personLvl=0
[INFO] [1784729182.200512208] [yolo_navigator]: [STATUS] mode=FTG front=10.00 L=2.06 R=1.93 gap=+0.41 v=+0.20 w=+0.03 personLvl=0
[INFO] [1784729187.200825528] [yolo_navigator]: [STATUS] mode=FTG front=10.00 L=1.97 R=1.51 gap=+0.41 v=+0.20 w=+0.07 personLvl=0
[INFO] [1784729192.203752276] [yolo_navigator]: [STATUS] mode=FTG front=0.97 L=2.12 R=0.96 gap=+0.35 v=+0.23 w=+0.00 personLvl=0
[INFO] [1784729197.229267545] [yolo_navigator]: [STATUS] mode=FTG front=0.45 L=2.28 R=0.50 gap=+0.36 v=+0.08 w=+0.00 personLvl=0
[INFO] [1784729198.700859840] [yolo_navigator]: [ROTATE_OPEN] front=0.40 open=+0.40
[INFO] [1784729199.751058911] [yolo_navigator]: [FTG] gap=+0.23 W=6.44
[INFO] [1784729201.750963628] [yolo_navigator]: [ROTATE_OPEN] front=0.38 open=+0.10
[INFO] [1784729201.900794889] [yolo_navigator]: [REVERSE] front=0.31 dir=+1
[INFO] [1784729202.272072145] [yolo_navigator]: [STATUS] mode=REVERSE front=0.24 L=2.12 R=0.30 gap=+0.13 v=+0.05 w=+1.20 personLvl=0
[INFO] [1784729202.701203602] [yolo_navigator]: [FTG] gap=-0.01 W=6.39
[INFO] [1784729207.304756579] [yolo_navigator]: [STATUS] mode=FTG front=10.00 L=1.60 R=5.12 gap=-0.36 v=+0.23 w=-0.00 personLvl=0
[INFO] [1784729212.328386877] [yolo_navigator]: [STATUS] mode=FTG front=10.00 L=1.27 R=4.96 gap=-0.23 v=+0.29 w=+0.16 personLvl=0
[INFO] [1784729217.350647472] [yolo_navigator]: [STATUS] mode=FTG front=10.00 L=1.32 R=5.10 gap=+0.41 v=+0.20 w=+0.09 personLvl=0
[INFO] [1784729222.352617528] [yolo_navigator]: [STATUS] mode=FTG front=10.00 L=3.30 R=4.74 gap=+0.37 v=+0.22 w=+0.02 personLvl=0
[INFO] [1784729227.401068254] [yolo_navigator]: [STATUS] mode=FTG front=10.00 L=2.77 R=3.57 gap=-1.02 v=+0.10 w=-0.56 personLvl=0
[INFO] [1784729232.401433117] [yolo_navigator]: [STATUS] mode=FTG front=10.00 L=2.45 R=4.36 gap=-0.12 v=+0.34 w=+0.21 personLvl=0
[INFO] [1784729237.451394756] [yolo_navigator]: [STATUS] mode=FTG front=10.00 L=1.88 R=3.94 gap=-0.29 v=+0.26 w=+0.09 personLvl=0
[INFO] [1784729242.501354606] [yolo_navigator]: [STATUS] mode=FTG front=10.00 L=1.39 R=2.40 gap=-0.39 v=+0.21 w=-0.03 personLvl=0
[INFO] [1784729247.551320035] [yolo_navigator]: [STATUS] mode=FTG front=1.20 L=0.99 R=2.86 gap=-0.67 v=+0.10 w=-0.43 personLvl=0
[INFO] [1784729252.551669133] [yolo_navigator]: [STATUS] mode=FTG front=0.94 L=0.72 R=2.46 gap=-0.51 v=+0.16 w=-0.22 personLvl=0
[INFO] [1784729257.601610176] [yolo_navigator]: [STATUS] mode=FTG front=0.70 L=0.50 R=3.36 gap=-0.37 v=+0.22 w=-0.03 personLvl=0
[INFO] [1784729262.607785777] [yolo_navigator]: [STATUS] mode=FTG front=10.00 L=0.38 R=3.23 gap=-0.07 v=+0.36 w=-0.79 personLvl=0
[INFO] [1784729267.651236494] [yolo_navigator]: [STATUS] mode=FTG front=10.00 L=0.93 R=2.61 gap=+0.17 v=+0.32 w=-0.01 personLvl=0
[INFO] [1784729272.766029416] [yolo_navigator]: [STATUS] mode=FTG front=10.00 L=0.81 R=2.07 gap=+0.16 v=+0.32 w=+0.01 personLvl=0
[INFO] [1784729277.801620496] [yolo_navigator]: [STATUS] mode=FTG front=10.00 L=1.00 R=1.56 gap=+0.19 v=+0.31 w=-0.00 personLvl=0
[INFO] [1784729282.899356715] [yolo_navigator]: [STATUS] mode=FTG front=10.00 L=1.17 R=1.16 gap=+0.21 v=+0.30 w=+0.01 personLvl=0
[INFO] [1784729287.901888149] [yolo_navigator]: [STATUS] mode=FTG front=10.00 L=1.18 R=2.19 gap=-0.07 v=+0.37 w=-0.01 personLvl=0
[INFO] [1784729292.952153784] [yolo_navigator]: [STATUS] mode=FTG front=10.00 L=1.33 R=1.36 gap=-0.18 v=+0.31 w=-0.08 personLvl=0
[INFO] [1784729297.951530246] [yolo_navigator]: [STATUS] mode=FTG front=10.00 L=1.38 R=0.77 gap=-0.15 v=+0.33 w=-0.07 personLvl=0
[INFO] [1784729303.001202967] [yolo_navigator]: [STATUS] mode=FTG front=10.00 L=1.77 R=0.71 gap=-0.29 v=+0.26 w=-0.08 personLvl=0
[INFO] [1784729308.001885949] [yolo_navigator]: [STATUS] mode=FTG front=10.00 L=2.08 R=0.74 gap=-0.68 v=+0.10 w=-0.49 personLvl=0
[INFO] [1784729313.007233983] [yolo_navigator]: [STATUS] mode=FTG front=10.00 L=1.74 R=0.62 gap=-0.03 v=+0.39 w=+0.24 personLvl=0
[INFO] [1784729318.067802991] [yolo_navigator]: [STATUS] mode=FTG front=10.00 L=1.31 R=3.30 gap=-0.37 v=+0.22 w=-0.11 personLvl=0
[INFO] [1784729323.122111413] [yolo_navigator]: [STATUS] mode=FTG front=1.12 L=0.90 R=2.28 gap=-0.60 v=+0.11 w=-0.34 personLvl=0
[INFO] [1784729328.156153975] [yolo_navigator]: [STATUS] mode=FTG front=0.82 L=0.58 R=3.00 gap=-0.40 v=+0.21 w=-0.08 personLvl=0
[INFO] [1784729333.202102141] [yolo_navigator]: [STATUS] mode=FTG front=0.45 L=0.38 R=3.03 gap=-0.35 v=+0.08 w=-0.01 personLvl=0
[INFO] [1784729334.661235736] [yolo_navigator]: [ROTATE_OPEN] front=0.39 open=-1.24
[INFO] [1784729335.400951078] [yolo_navigator]: [FTG] gap=-0.34 W=2.97
[INFO] [1784729338.254594949] [yolo_navigator]: [STATUS] mode=FTG front=10.00 L=0.52 R=2.70 gap=+0.32 v=+0.25 w=+0.05 personLvl=0
[INFO] [1784729343.300786010] [yolo_navigator]: [STATUS] mode=FTG front=10.00 L=0.75 R=2.33 gap=+0.29 v=+0.26 w=-0.07 personLvl=0
[INFO] [1784729348.310425352] [yolo_navigator]: [STATUS] mode=FTG front=10.00 L=0.91 R=1.74 gap=+0.34 v=+0.24 w=+0.06 personLvl=0
[INFO] [1784729353.368798512] [yolo_navigator]: [STATUS] mode=FTG front=10.00 L=0.87 R=1.09 gap=+0.43 v=+0.20 w=+0.89 personLvl=0
[INFO] [1784729358.401669508] [yolo_navigator]: [STATUS] mode=FTG front=1.07 L=0.58 R=0.93 gap=-0.20 v=+0.30 w=+0.16 personLvl=0
[INFO] [1784729363.403697551] [yolo_navigator]: [STATUS] mode=FTG front=0.52 L=0.38 R=0.97 gap=-0.22 v=+0.15 w=-0.09 personLvl=0
[INFO] [1784729367.901342378] [yolo_navigator]: [ROTATE_OPEN] front=0.40 open=-0.59
[INFO] [1784729368.408632484] [yolo_navigator]: [STATUS] mode=ROTATE_OPEN front=0.39 L=0.31 R=0.95 gap=-0.16 v=+0.00 w=-1.00 personLvl=0
[INFO] [1784729368.651155278] [yolo_navigator]: [FTG] gap=-0.14 W=1.86
[INFO] [1784729373.490093986] [yolo_navigator]: [STATUS] mode=FTG front=10.00 L=0.46 R=0.58 gap=-0.04 v=+0.38 w=+0.03 personLvl=0
[INFO] [1784729378.501645235] [yolo_navigator]: [STATUS] mode=FTG front=10.00 L=0.66 R=0.27 gap=-0.18 v=+0.31 w=-0.01 personLvl=0
[INFO] [1784729383.506339870] [yolo_navigator]: [STATUS] mode=FTG front=10.00 L=1.23 R=0.68 gap=-0.32 v=+0.25 w=-0.05 personLvl=0
[INFO] [1784729388.552508658] [yolo_navigator]: [STATUS] mode=FTG front=10.00 L=1.92 R=2.19 gap=-0.21 v=+0.30 w=+0.02 personLvl=0
[INFO] [1784729393.562882115] [yolo_navigator]: [STATUS] mode=FTG front=10.00 L=1.44 R=1.65 gap=-0.43 v=+0.19 w=-0.19 personLvl=0
[INFO] [1784729398.601545299] [yolo_navigator]: [STATUS] mode=FTG front=10.00 L=1.08 R=1.24 gap=+0.08 v=+0.36 w=+0.37 personLvl=0
[INFO] [1784729403.651592562] [yolo_navigator]: [STATUS] mode=FTG front=0.79 L=0.67 R=1.03 gap=-0.58 v=+0.12 w=-0.31 personLvl=0
[INFO] [1784729408.701935173] [yolo_navigator]: [STATUS] mode=FTG front=0.63 L=0.46 R=1.10 gap=-0.35 v=+0.19 w=-0.01 personLvl=0
[INFO] [1784729412.650884758] [yolo_navigator]: [ROTATE_OPEN] front=0.40 open=-0.86
[INFO] [1784729413.400840504] [yolo_navigator]: [FTG] gap=-0.34 W=2.73
[INFO] [1784729413.705495830] [yolo_navigator]: [STATUS] mode=FTG front=0.54 L=0.37 R=4.13 gap=-0.23 v=+0.17 w=-0.99 personLvl=0
[INFO] [1784729418.758242063] [yolo_navigator]: [STATUS] mode=FTG front=10.00 L=0.69 R=1.11 gap=+0.00 v=+0.40 w=-0.45 personLvl=0
[INFO] [1784729423.810149927] [yolo_navigator]: [STATUS] mode=FTG front=10.00 L=1.91 R=2.73 gap=+0.37 v=+0.22 w=+0.03 personLvl=0
[INFO] [1784729428.851894403] [yolo_navigator]: [STATUS] mode=FTG front=10.00 L=1.89 R=2.05 gap=+0.14 v=+0.33 w=+0.51 personLvl=0
[INFO] [1784729429.752051747] [yolo_navigator]: [PERSON] level=1 h=150px
[INFO] [1784729431.725284253] [yolo_navigator]: [PERSON] level=0 h=0px
[INFO] [1784729432.077928066] [yolo_navigator]: [PERSON] level=1 h=157px
[INFO] [1784729433.904086339] [yolo_navigator]: [STATUS] mode=FTG front=10.00 L=1.78 R=1.52 gap=+0.10 v=+0.20 w=-0.03 personLvl=1
[INFO] [1784729438.951204623] [yolo_navigator]: [STATUS] mode=FTG front=10.00 L=1.97 R=1.10 gap=-0.06 v=+0.22 w=+0.38 personLvl=1
[INFO] [1784729443.706254989] [yolo_navigator]: [PERSON] level=2 h=201px
[INFO] [1784729443.975503001] [yolo_navigator]: [STATUS] mode=FTG front=10.00 L=2.00 R=0.74 gap=+0.10 v=+0.10 w=-0.23 personLvl=2
[INFO] [1784729449.001346058] [yolo_navigator]: [STATUS] mode=FTG front=10.00 L=2.15 R=0.59 gap=-0.17 v=+0.10 w=+0.21 personLvl=2
[INFO] [1784729454.001374566] [yolo_navigator]: [STATUS] mode=FTG front=10.00 L=2.18 R=0.61 gap=+0.20 v=+0.10 w=-0.14 personLvl=2
[INFO] [1784729459.001260696] [yolo_navigator]: [STATUS] mode=FTG front=10.00 L=2.28 R=0.77 gap=-0.18 v=+0.10 w=+0.21 personLvl=2
[INFO] [1784729464.003847767] [yolo_navigator]: [STATUS] mode=FTG front=10.00 L=2.39 R=0.91 gap=+0.30 v=+0.10 w=-0.03 personLvl=2
[INFO] [1784729469.051818301] [yolo_navigator]: [STATUS] mode=FTG front=10.00 L=2.48 R=1.08 gap=+0.31 v=+0.10 w=-0.01 personLvl=2
[INFO] [1784729474.066061929] [yolo_navigator]: [STATUS] mode=FTG front=10.00 L=2.53 R=1.27 gap=-0.25 v=+0.10 w=+0.17 personLvl=2
[INFO] [1784729479.101082031] [yolo_navigator]: [STATUS] mode=FTG front=10.00 L=2.45 R=1.74 gap=+0.32 v=+0.10 w=+0.03 personLvl=2
[INFO] [1784729479.303399380] [yolo_navigator]: [PERSON] level=0 h=0px
[INFO] [1784729484.108265928] [yolo_navigator]: [STATUS] mode=FTG front=10.00 L=2.50 R=2.05 gap=+0.30 v=+0.25 w=+0.01 personLvl=0
[INFO] [1784729489.151176088] [yolo_navigator]: [STATUS] mode=FTG front=10.00 L=2.56 R=1.43 gap=+0.31 v=+0.25 w=-0.00 personLvl=0
[INFO] [1784729494.201354046] [yolo_navigator]: [STATUS] mode=FTG front=10.00 L=2.60 R=0.88 gap=+0.32 v=+0.25 w=-0.00 personLvl=0
[INFO] [1784729499.251212894] [yolo_navigator]: [STATUS] mode=FTG front=10.00 L=2.63 R=0.51 gap=+0.34 v=+0.24 w=+0.02 personLvl=0
[INFO] [1784729504.257340283] [yolo_navigator]: [STATUS] mode=FTG front=10.00 L=2.63 R=2.53 gap=-0.64 v=+0.10 w=-0.22 personLvl=0
[INFO] [1784729509.312649126] [yolo_navigator]: [STATUS] mode=FTG front=10.00 L=2.35 R=2.48 gap=+0.19 v=+0.31 w=+0.51 personLvl=0
[INFO] [1784729514.351605955] [yolo_navigator]: [STATUS] mode=FTG front=10.00 L=1.87 R=1.89 gap=-0.63 v=+0.10 w=-0.76 personLvl=0
[INFO] [1784729519.401396503] [yolo_navigator]: [STATUS] mode=FTG front=10.00 L=1.43 R=1.35 gap=-0.33 v=+0.24 w=-0.06 personLvl=0
[INFO] [1784729524.408587125] [yolo_navigator]: [STATUS] mode=FTG front=10.00 L=1.05 R=1.17 gap=+0.08 v=+0.36 w=+0.37 personLvl=0
[INFO] [1784729529.401589066] [yolo_navigator]: [STATUS] mode=FTG front=0.81 L=0.68 R=1.93 gap=-0.51 v=+0.16 w=-0.24 personLvl=0
[INFO] [1784729534.403223983] [yolo_navigator]: [STATUS] mode=FTG front=0.51 L=0.43 R=2.63 gap=-0.37 v=+0.11 w=-0.05 personLvl=0
[INFO] [1784729537.450583478] [yolo_navigator]: [ROTATE_OPEN] front=0.40 open=-1.45
[INFO] [1784729538.301186321] [yolo_navigator]: [FTG] gap=-0.28 W=1.14
[INFO] [1784729539.451975792] [yolo_navigator]: [STATUS] mode=FTG front=10.00 L=0.44 R=1.48 gap=+0.26 v=+0.28 w=-0.18 personLvl=0
[INFO] [1784729544.512624192] [yolo_navigator]: [STATUS] mode=FTG front=10.00 L=0.92 R=1.15 gap=-0.12 v=+0.34 w=-0.01 personLvl=0
[INFO] [1784729549.551894303] [yolo_navigator]: [STATUS] mode=FTG front=10.00 L=1.62 R=1.43 gap=-0.30 v=+0.26 w=-0.03 personLvl=0
[INFO] [1784729554.570569284] [yolo_navigator]: [STATUS] mode=FTG front=10.00 L=2.27 R=2.30 gap=-0.20 v=+0.30 w=+0.03 personLvl=0
[INFO] [1784729559.568883195] [yolo_navigator]: [STATUS] mode=FTG front=10.00 L=1.93 R=2.25 gap=+0.04 v=+0.38 w=+0.32 personLvl=0
[INFO] [1784729564.601920158] [yolo_navigator]: [STATUS] mode=FTG front=10.00 L=1.44 R=2.87 gap=-0.31 v=+0.25 w=-0.04 personLvl=0
[INFO] [1784729569.603841342] [yolo_navigator]: [STATUS] mode=FTG front=10.00 L=1.06 R=2.47 gap=+0.08 v=+0.36 w=+0.37 personLvl=0
[INFO] [1784729574.651713863] [yolo_navigator]: [STATUS] mode=FTG front=0.86 L=0.67 R=2.07 gap=-0.51 v=+0.16 w=-0.22 personLvl=0
[INFO] [1784729579.652184477] [yolo_navigator]: [STATUS] mode=FTG front=0.62 L=0.46 R=1.73 gap=-0.35 v=+0.18 w=-0.01 personLvl=0
[INFO] [1784729583.151479670] [yolo_navigator]: [ROTATE_OPEN] front=0.40 open=-1.40
[INFO] [1784729583.951768500] [yolo_navigator]: [FTG] gap=-0.32 W=1.94
[INFO] [1784729584.709005785] [yolo_navigator]: [STATUS] mode=FTG front=10.00 L=0.39 R=1.58 gap=-0.02 v=+0.39 w=-0.05 personLvl=0
[INFO] [1784729589.701628591] [yolo_navigator]: [STATUS] mode=FTG front=0.52 L=0.30 R=1.02 gap=-0.09 v=+0.18 w=+0.04 personLvl=0
[INFO] [1784729590.150865170] [yolo_navigator]: [ROTATE_OPEN] front=0.40 open=-0.89
[INFO] [1784729590.953516014] [yolo_navigator]: [FTG] gap=-0.09 W=3.02
[INFO] [1784729594.751434419] [yolo_navigator]: [STATUS] mode=FTG front=10.00 L=0.48 R=0.78 gap=+0.38 v=+0.22 w=-0.00 personLvl=0
[INFO] [1784729599.801608582] [yolo_navigator]: [STATUS] mode=FTG front=10.00 L=0.81 R=0.75 gap=-0.26 v=+0.28 w=+0.15 personLvl=0
[INFO] [1784729604.809874667] [yolo_navigator]: [STATUS] mode=FTG front=10.00 L=1.24 R=3.26 gap=-0.38 v=+0.22 w=-0.02 personLvl=0
[INFO] [1784729609.802920805] [yolo_navigator]: [STATUS] mode=FTG front=0.76 L=0.75 R=2.91 gap=-0.35 v=+0.23 w=-0.02 personLvl=0
[INFO] [1784729614.851044039] [yolo_navigator]: [STATUS] mode=FTG front=0.40 L=0.45 R=2.56 gap=-0.35 v=+0.05 w=-0.01 personLvl=0
[INFO] [1784729614.900584950] [yolo_navigator]: [ROTATE_OPEN] front=0.40 open=-0.44
[INFO] [1784729615.851576769] [yolo_navigator]: [FTG] gap=-0.26 W=13.37
[INFO] [1784729617.355598735] [yolo_navigator]: [ROTATE_OPEN] front=0.40 open=-0.14
[INFO] [1784729617.701156117] [yolo_navigator]: [REVERSE] front=0.31 dir=-1
[INFO] [1784729618.551198845] [yolo_navigator]: [FTG] gap=-0.02 W=1.88
[INFO] [1784729619.901485161] [yolo_navigator]: [STATUS] mode=FTG front=10.00 L=2.21 R=1.39 gap=-0.06 v=+0.37 w=+0.38 personLvl=0
[INFO] [1784729620.352352750] [yolo_navigator]: [PERSON] level=1 h=128px
[INFO] [1784729623.555123547] [yolo_navigator]: [PERSON] level=0 h=0px
[INFO] [1784729624.902115928] [yolo_navigator]: [STATUS] mode=FTG front=10.00 L=1.74 R=2.42 gap=+0.18 v=+0.31 w=-0.23 personLvl=0
[INFO] [1784729629.951042872] [yolo_navigator]: [STATUS] mode=FTG front=10.00 L=1.51 R=2.10 gap=+0.28 v=+0.26 w=-0.08 personLvl=0
[INFO] [1784729634.951915057] [yolo_navigator]: [STATUS] mode=FTG front=10.00 L=2.02 R=1.89 gap=+0.40 v=+0.21 w=+0.03 personLvl=0
[INFO] [1784729639.956159824] [yolo_navigator]: [STATUS] mode=FTG front=10.00 L=1.93 R=1.76 gap=-0.41 v=+0.20 w=-0.04 personLvl=0
[INFO] [1784729645.000746482] [yolo_navigator]: [STATUS] mode=FTG front=1.07 L=1.14 R=1.50 gap=-0.41 v=+0.20 w=-0.05 personLvl=0
[INFO] [1784729650.023400885] [yolo_navigator]: [STATUS] mode=FTG front=0.71 L=2.33 R=0.74 gap=+0.62 v=+0.10 w=+0.38 personLvl=0
[INFO] [1784729655.059380044] [yolo_navigator]: [STATUS] mode=FTG front=10.00 L=2.07 R=0.35 gap=-0.19 v=+0.31 w=+0.93 personLvl=0
[INFO] [1784729660.104524875] [yolo_navigator]: [STATUS] mode=FTG front=10.00 L=1.49 R=5.16 gap=-0.80 v=+0.10 w=-0.55 personLvl=0
[INFO] [1784729665.102136444] [yolo_navigator]: [STATUS] mode=FTG front=10.00 L=1.21 R=4.81 gap=-0.52 v=+0.15 w=-0.33 personLvl=0
[INFO] [1784729670.151597587] [yolo_navigator]: [STATUS] mode=FTG front=10.00 L=1.45 R=5.17 gap=+0.36 v=+0.23 w=+0.02 personLvl=0
[INFO] [1784729675.201288966] [yolo_navigator]: [STATUS] mode=FTG front=10.00 L=3.07 R=4.37 gap=+0.35 v=+0.23 w=+0.00 personLvl=0
[INFO] [1784729680.201946915] [yolo_navigator]: [STATUS] mode=FTG front=10.00 L=2.59 R=3.43 gap=-1.00 v=+0.10 w=-0.76 personLvl=0
[INFO] [1784729685.227325856] [yolo_navigator]: [STATUS] mode=FTG front=10.00 L=2.17 R=4.24 gap=-0.28 v=+0.26 w=+0.02 personLvl=0
[INFO] [1784729690.252161903] [yolo_navigator]: [STATUS] mode=FTG front=10.00 L=1.62 R=2.73 gap=-0.39 v=+0.21 w=-0.03 personLvl=0
[INFO] [1784729695.317949910] [yolo_navigator]: [STATUS] mode=FTG front=10.00 L=1.23 R=3.29 gap=-0.63 v=+0.10 w=-0.39 personLvl=0
[INFO] [1784729700.350724719] [yolo_navigator]: [STATUS] mode=FTG front=10.00 L=0.94 R=3.02 gap=+0.18 v=+0.32 w=+0.49 personLvl=0
[INFO] [1784729705.351728478] [yolo_navigator]: [STATUS] mode=FTG front=0.92 L=0.65 R=2.95 gap=-0.44 v=+0.19 w=-0.13 personLvl=0
[INFO] [1784729710.351399124] [yolo_navigator]: [STATUS] mode=FTG front=0.49 L=0.41 R=3.00 gap=-0.25 v=+0.12 w=+0.04 personLvl=0
[INFO] [1784729711.851009348] [yolo_navigator]: [ROTATE_OPEN] front=0.40 open=-1.45
[INFO] [1784729712.750783687] [yolo_navigator]: [FTG] gap=-0.32 W=2.20
[INFO] [1784729715.364806855] [yolo_navigator]: [STATUS] mode=FTG front=10.00 L=0.52 R=3.01 gap=+0.16 v=+0.32 w=+0.08 personLvl=0
[INFO] [1784729720.402390753] [yolo_navigator]: [STATUS] mode=FTG front=10.00 L=0.86 R=2.43 gap=+0.16 v=+0.32 w=-0.00 personLvl=0
[INFO] [1784729725.451608989] [yolo_navigator]: [STATUS] mode=FTG front=10.00 L=0.92 R=1.90 gap=+0.19 v=+0.31 w=-0.00 personLvl=0
[INFO] [1784729730.527387289] [yolo_navigator]: [STATUS] mode=FTG front=10.00 L=1.08 R=1.43 gap=+0.21 v=+0.30 w=+0.03 personLvl=0
[INFO] [1784729735.552025342] [yolo_navigator]: [STATUS] mode=FTG front=10.00 L=1.24 R=1.40 gap=+0.10 v=+0.35 w=+0.21 personLvl=0
[INFO] [1784729740.553244892] [yolo_navigator]: [STATUS] mode=FTG front=10.00 L=1.23 R=1.88 gap=-0.09 v=+0.36 w=+0.07 personLvl=0
[INFO] [1784729745.574764875] [yolo_navigator]: [STATUS] mode=FTG front=10.00 L=1.30 R=1.17 gap=-0.19 v=+0.31 w=-0.10 personLvl=0
[INFO] [1784729750.602507445] [yolo_navigator]: [STATUS] mode=FTG front=10.00 L=1.47 R=0.66 gap=-0.16 v=+0.33 w=-0.08 personLvl=0
[INFO] [1784729755.671192839] [yolo_navigator]: [STATUS] mode=FTG front=10.00 L=1.94 R=0.73 gap=-0.30 v=+0.26 w=-0.09 personLvl=0
[INFO] [1784729760.701800207] [yolo_navigator]: [STATUS] mode=FTG front=10.00 L=1.97 R=0.71 gap=-0.60 v=+0.11 w=-0.26 personLvl=0
[INFO] [1784729765.751661183] [yolo_navigator]: [STATUS] mode=FTG front=10.00 L=1.61 R=0.58 gap=-0.06 v=+0.37 w=+0.21 personLvl=0
[INFO] [1784729770.753235702] [yolo_navigator]: [STATUS] mode=FTG front=10.00 L=1.16 R=3.21 gap=-0.32 v=+0.25 w=-0.03 personLvl=0
[INFO] [1784729775.801110758] [yolo_navigator]: [STATUS] mode=FTG front=1.12 L=0.79 R=3.03 gap=-0.09 v=+0.36 w=+0.21 personLvl=0
[INFO] [1784729780.801625031] [yolo_navigator]: [STATUS] mode=FTG front=0.72 L=0.50 R=2.98 gap=-0.35 v=+0.23 w=-0.01 personLvl=0
[INFO] [1784729785.501043335] [yolo_navigator]: [ROTATE_OPEN] front=0.40 open=-1.24
[INFO] [1784729785.802440372] [yolo_navigator]: [STATUS] mode=ROTATE_OPEN front=0.39 L=0.36 R=3.09 gap=-0.35 v=+0.00 w=-1.00 personLvl=0
[INFO] [1784729786.301637317] [yolo_navigator]: [FTG] gap=-0.32 W=2.29
[INFO] [1784729790.814238398] [yolo_navigator]: [STATUS] mode=FTG front=10.00 L=0.58 R=2.58 gap=+0.30 v=+0.26 w=+0.02 personLvl=0
[INFO] [1784729795.851679665] [yolo_navigator]: [STATUS] mode=FTG front=10.00 L=0.86 R=2.21 gap=+0.46 v=+0.18 w=+0.21 personLvl=0
[INFO] [1784729800.902033534] [yolo_navigator]: [STATUS] mode=FTG front=10.00 L=0.88 R=1.34 gap=+0.52 v=+0.15 w=+0.09 personLvl=0
[INFO] [1784729805.958918041] [yolo_navigator]: [STATUS] mode=FTG front=0.79 L=0.64 R=1.02 gap=-0.78 v=+0.10 w=-0.47 personLvl=0
[INFO] [1784729810.952625562] [yolo_navigator]: [STATUS] mode=FTG front=0.52 L=0.42 R=1.01 gap=-0.33 v=+0.12 w=-0.09 personLvl=0
[INFO] [1784729814.452329191] [yolo_navigator]: [ROTATE_OPEN] front=0.40 open=-0.63
[INFO] [1784729815.351714565] [yolo_navigator]: [FTG] gap=-0.23 W=1.29
[INFO] [1784729816.011013200] [yolo_navigator]: [STATUS] mode=FTG front=10.00 L=0.37 R=0.97 gap=+0.03 v=+0.38 w=+0.25 personLvl=0
[INFO] [1784729821.051184673] [yolo_navigator]: [STATUS] mode=FTG front=10.00 L=0.45 R=0.61 gap=-0.10 v=+0.35 w=-0.04 personLvl=0
[INFO] [1784729826.052956813] [yolo_navigator]: [STATUS] mode=FTG front=10.00 L=0.56 R=0.35 gap=-0.21 v=+0.30 w=-0.14 personLvl=0
[INFO] [1784729831.102452637] [yolo_navigator]: [STATUS] mode=FTG front=10.00 L=1.20 R=0.74 gap=-0.34 v=+0.23 w=-0.08 personLvl=0
[INFO] [1784729836.101747528] [yolo_navigator]: [STATUS] mode=FTG front=10.00 L=1.92 R=2.27 gap=-0.21 v=+0.30 w=+0.03 personLvl=0
[INFO] [1784729841.114500793] [yolo_navigator]: [STATUS] mode=FTG front=10.00 L=1.48 R=1.73 gap=-0.56 v=+0.13 w=-0.31 personLvl=0
[INFO] [1784729846.152294887] [yolo_navigator]: [STATUS] mode=FTG front=10.00 L=1.10 R=1.32 gap=-0.32 v=+0.25 w=-0.03 personLvl=0
[INFO] [1784729851.201543457] [yolo_navigator]: [STATUS] mode=FTG front=0.82 L=0.69 R=1.07 gap=-0.60 v=+0.11 w=-0.33 personLvl=0
[INFO] [1784729856.202270763] [yolo_navigator]: [STATUS] mode=FTG front=0.70 L=0.49 R=1.01 gap=-0.35 v=+0.23 w=-0.01 personLvl=0
[INFO] [1784729860.450558105] [yolo_navigator]: [ROTATE_OPEN] front=0.40 open=-0.86
[INFO] [1784729861.251637544] [yolo_navigator]: [STATUS] mode=ROTATE_OPEN front=0.39 L=0.36 R=3.60 gap=-0.34 v=+0.00 w=-1.00 personLvl=0
[INFO] [1784729861.301909749] [yolo_navigator]: [FTG] gap=-0.34 W=3.18
[INFO] [1784729866.301593232] [yolo_navigator]: [STATUS] mode=FTG front=10.00 L=0.52 R=3.49 gap=+0.03 v=+0.39 w=-0.28 personLvl=0
[INFO] [1784729867.652643338] [yolo_navigator]: [PERSON] level=1 h=121px
[INFO] [1784729871.352032035] [yolo_navigator]: [STATUS] mode=FTG front=10.00 L=0.78 R=2.88 gap=+0.06 v=+0.22 w=-0.24 personLvl=1
[INFO] [1784729876.401255857] [yolo_navigator]: [STATUS] mode=FTG front=10.00 L=1.00 R=2.43 gap=-0.13 v=+0.19 w=+0.27 personLvl=1
[INFO] [1784729881.401404719] [yolo_navigator]: [STATUS] mode=FTG front=10.00 L=1.18 R=2.03 gap=-0.11 v=+0.19 w=+0.30 personLvl=1
[INFO] [1784729886.450909693] [yolo_navigator]: [STATUS] mode=FTG front=10.00 L=1.30 R=1.62 gap=+0.10 v=+0.20 w=-0.20 personLvl=1
[INFO] [1784729891.451666254] [yolo_navigator]: [STATUS] mode=FTG front=10.00 L=1.47 R=1.28 gap=+0.16 v=+0.17 w=-0.18 personLvl=1
[INFO] [1784729894.465383272] [yolo_navigator]: [PERSON] level=2 h=203px
[INFO] [1784729896.452095914] [yolo_navigator]: [STATUS] mode=FTG front=10.00 L=1.61 R=1.09 gap=+0.16 v=+0.10 w=-0.19 personLvl=2
[INFO] [1784729901.458363856] [yolo_navigator]: [STATUS] mode=FTG front=10.00 L=1.71 R=1.05 gap=+0.16 v=+0.10 w=-0.13 personLvl=2
[INFO] [1784729906.523567843] [yolo_navigator]: [STATUS] mode=FTG front=10.00 L=1.84 R=1.17 gap=-0.16 v=+0.10 w=+0.25 personLvl=2
[INFO] [1784729911.551872836] [yolo_navigator]: [STATUS] mode=FTG front=10.00 L=1.88 R=1.36 gap=-0.21 v=+0.10 w=+0.18 personLvl=2
[INFO] [1784729916.601722041] [yolo_navigator]: [STATUS] mode=FTG front=10.00 L=1.93 R=1.59 gap=+0.19 v=+0.10 w=-0.15 personLvl=2
[INFO] [1784729916.751730102] [yolo_navigator]: [PERSON] level=0 h=0px
[INFO] [1784729916.952307478] [yolo_navigator]: [PERSON] level=2 h=253px
[INFO] [1784729921.651645682] [yolo_navigator]: [STATUS] mode=FTG front=10.00 L=2.14 R=1.63 gap=+0.31 v=+0.10 w=+0.01 personLvl=2
[INFO] [1784729925.213339892] [yolo_navigator]: [PERSON] level=0 h=0px
[INFO] [1784729926.700737024] [yolo_navigator]: [STATUS] mode=FTG front=10.00 L=2.10 R=2.12 gap=+0.37 v=+0.22 w=+0.10 personLvl=0
[INFO] [1784729931.702256946] [yolo_navigator]: [STATUS] mode=FTG front=10.00 L=2.17 R=2.04 gap=+0.32 v=+0.25 w=+0.03 personLvl=0
[INFO] [1784729936.751381964] [yolo_navigator]: [STATUS] mode=FTG front=10.00 L=2.26 R=1.46 gap=+0.33 v=+0.24 w=+0.05 personLvl=0
[INFO] [1784729941.751665699] [yolo_navigator]: [STATUS] mode=FTG front=10.00 L=2.31 R=1.00 gap=+0.32 v=+0.25 w=+0.02 personLvl=0
[INFO] [1784729946.751994241] [yolo_navigator]: [STATUS] mode=FTG front=10.00 L=2.35 R=0.77 gap=+0.32 v=+0.25 w=+0.01 personLvl=0
[INFO] [1784729951.802958882] [yolo_navigator]: [STATUS] mode=FTG front=10.00 L=2.28 R=2.65 gap=-0.02 v=+0.39 w=+0.07 personLvl=0
[INFO] [1784729956.850672082] [yolo_navigator]: [STATUS] mode=FTG front=10.00 L=1.98 R=1.70 gap=-0.11 v=+0.35 w=+0.02 personLvl=0
[INFO] [1784729961.851768425] [yolo_navigator]: [STATUS] mode=FTG front=10.00 L=1.57 R=1.03 gap=+0.12 v=+0.34 w=+0.45 personLvl=0
[INFO] [1784729966.901138341] [yolo_navigator]: [STATUS] mode=FTG front=10.00 L=1.14 R=1.01 gap=-0.32 v=+0.25 w=-0.03 personLvl=0
[INFO] [1784729971.913743519] [yolo_navigator]: [STATUS] mode=FTG front=10.00 L=0.86 R=1.14 gap=+0.17 v=+0.32 w=+0.54 personLvl=0
[INFO] [1784729976.951626629] [yolo_navigator]: [STATUS] mode=FTG front=0.85 L=0.55 R=3.80 gap=-0.27 v=+0.27 w=+0.06 personLvl=0
[INFO] [1784729981.951770723] [yolo_navigator]: [STATUS] mode=FTG front=10.00 L=0.52 R=3.70 gap=+0.44 v=+0.19 w=-0.54 personLvl=0
[INFO] [1784729987.001796816] [yolo_navigator]: [STATUS] mode=FTG front=10.00 L=1.12 R=1.35 gap=-0.33 v=+0.24 w=-0.04 personLvl=0
[INFO] [1784729992.056892552] [yolo_navigator]: [STATUS] mode=FTG front=10.00 L=1.83 R=2.12 gap=-0.25 v=+0.28 w=+0.01 personLvl=0
[INFO] [1784729997.052386025] [yolo_navigator]: [STATUS] mode=FTG front=10.00 L=1.82 R=3.13 gap=-0.70 v=+0.10 w=-0.42 personLvl=0
[INFO] [1784730002.101801001] [yolo_navigator]: [STATUS] mode=FTG front=10.00 L=1.50 R=2.78 gap=-0.05 v=+0.38 w=+0.23 personLvl=0
[INFO] [1784730007.102195036] [yolo_navigator]: [STATUS] mode=FTG front=10.00 L=1.10 R=2.90 gap=-0.32 v=+0.25 w=-0.03 personLvl=0
[INFO] [1784730012.152555255] [yolo_navigator]: [STATUS] mode=FTG front=0.76 L=0.66 R=1.74 gap=-0.60 v=+0.11 w=-0.34 personLvl=0
[INFO] [1784730017.165050871] [yolo_navigator]: [STATUS] mode=FTG front=0.63 L=0.46 R=2.10 gap=-0.35 v=+0.19 w=-0.01 personLvl=0
[INFO] [1784730020.804197213] [yolo_navigator]: [ROTATE_OPEN] front=0.39 open=-1.45
[INFO] [1784730021.151338740] [yolo_navigator]: [FTG] gap=-0.30 W=1.99
[INFO] [1784730022.237669122] [yolo_navigator]: [STATUS] mode=FTG front=0.94 L=0.37 R=1.87 gap=-0.09 v=+0.36 w=-0.27 personLvl=0
[INFO] [1784730027.251707730] [yolo_navigator]: [STATUS] mode=FTG front=10.00 L=0.58 R=1.15 gap=+0.38 v=+0.22 w=+0.08 personLvl=0
[INFO] [1784730032.301535479] [yolo_navigator]: [STATUS] mode=FTG front=10.00 L=0.74 R=0.66 gap=+0.40 v=+0.21 w=+0.01 personLvl=0
[INFO] [1784730037.322013899] [yolo_navigator]: [STATUS] mode=FTG front=10.00 L=0.87 R=0.39 gap=-0.44 v=+0.19 w=-0.05 personLvl=0
[INFO] [1784730042.351889824] [yolo_navigator]: [STATUS] mode=FTG front=10.00 L=1.04 R=1.75 gap=-0.44 v=+0.19 w=-0.05 personLvl=0
[INFO] [1784730047.402084576] [yolo_navigator]: [STATUS] mode=FTG front=1.11 L=1.14 R=1.28 gap=-0.43 v=+0.19 w=-0.08 personLvl=0
[INFO] [1784730052.402807623] [yolo_navigator]: [STATUS] mode=FTG front=0.78 L=0.76 R=2.86 gap=-0.33 v=+0.24 w=+0.00 personLvl=0
[INFO] [1784730056.951131288] [yolo_navigator]: [ROTATE_OPEN] front=0.40 open=-0.45
[INFO] [1784730057.451344944] [yolo_navigator]: [STATUS] mode=ROTATE_OPEN front=0.39 L=0.44 R=2.49 gap=-0.35 v=+0.00 w=-1.00 personLvl=0
[INFO] [1784730057.901521938] [yolo_navigator]: [FTG] gap=-0.23 W=12.62
[INFO] [1784730060.101863930] [yolo_navigator]: [REVERSE] front=0.21 dir=-1
[INFO] [1784730060.200769505] [yolo_navigator]: [FTG] gap=-0.21 W=2.13
[INFO] [1784730062.451377911] [yolo_navigator]: [STATUS] mode=FTG front=10.00 L=1.88 R=2.89 gap=+0.21 v=+0.30 w=-0.19 personLvl=0
[INFO] [1784730067.452166888] [yolo_navigator]: [STATUS] mode=FTG front=10.00 L=1.45 R=2.44 gap=+0.28 v=+0.26 w=-0.09 personLvl=0
[INFO] [1784730072.459393468] [yolo_navigator]: [STATUS] mode=FTG front=10.00 L=1.53 R=2.16 gap=+0.31 v=+0.25 w=+0.76 personLvl=0
[INFO] [1784730077.501255618] [yolo_navigator]: [STATUS] mode=FTG front=10.00 L=1.37 R=1.68 gap=+0.11 v=+0.35 w=-0.31 personLvl=0
[INFO] [1784730082.501429860] [yolo_navigator]: [STATUS] mode=FTG front=10.00 L=1.62 R=0.99 gap=-0.07 v=+0.37 w=+0.28 personLvl=0
[INFO] [1784730087.552363059] [yolo_navigator]: [STATUS] mode=FTG front=10.00 L=4.80 R=0.57 gap=-0.15 v=+0.33 w=+0.17 personLvl=0
[INFO] [1784730092.552295570] [yolo_navigator]: [STATUS] mode=FTG front=10.00 L=4.66 R=0.92 gap=-0.14 v=+0.33 w=+0.20 personLvl=0
[INFO] [1784730097.601687398] [yolo_navigator]: [STATUS] mode=FTG front=10.00 L=4.55 R=3.28 gap=-0.20 v=+0.30 w=+0.12 personLvl=0
[INFO] [1784730102.601779562] [yolo_navigator]: [STATUS] mode=FTG front=10.00 L=4.45 R=2.92 gap=-0.24 v=+0.28 w=+0.08 personLvl=0
[INFO] [1784730107.625578678] [yolo_navigator]: [STATUS] mode=FTG front=10.00 L=4.33 R=2.64 gap=-0.35 v=+0.23 w=-0.05 personLvl=0
[INFO] [1784730112.658114349] [yolo_navigator]: [STATUS] mode=FTG front=10.00 L=4.18 R=2.42 gap=-0.41 v=+0.20 w=+0.00 personLvl=0
[INFO] [1784730117.701131384] [yolo_navigator]: [STATUS] mode=FTG front=10.00 L=1.84 R=2.15 gap=-0.43 v=+0.19 w=-0.05 personLvl=0
[INFO] [1784730122.701644892] [yolo_navigator]: [STATUS] mode=FTG front=10.00 L=1.38 R=2.17 gap=-0.69 v=+0.10 w=-0.45 personLvl=0
[INFO] [1784730127.752489141] [yolo_navigator]: [STATUS] mode=FTG front=10.00 L=1.05 R=1.92 gap=+0.18 v=+0.31 w=-0.22 personLvl=0
[INFO] [1784730132.830866149] [yolo_navigator]: [STATUS] mode=FTG front=10.00 L=0.59 R=1.82 gap=-0.34 v=+0.24 w=+0.00 personLvl=0
[INFO] [1784730137.852851439] [yolo_navigator]: [STATUS] mode=FTG front=10.00 L=0.55 R=2.14 gap=-0.36 v=+0.23 w=-0.04 personLvl=0
[INFO] [1784730142.901779529] [yolo_navigator]: [STATUS] mode=FTG front=10.00 L=0.62 R=2.30 gap=-0.23 v=+0.29 w=-0.05 personLvl=0
[INFO] [1784730147.917594037] [yolo_navigator]: [STATUS] mode=FTG front=10.00 L=0.74 R=1.75 gap=-1.08 v=+0.10 w=+0.53 personLvl=0
[INFO] [1784730152.950690579] [yolo_navigator]: [STATUS] mode=FTG front=10.00 L=0.68 R=1.65 gap=-1.40 v=+0.10 w=-0.58 personLvl=0
[INFO] [1784730157.951666781] [yolo_navigator]: [STATUS] mode=FTG front=10.00 L=0.55 R=1.52 gap=+0.05 v=+0.38 w=+0.27 personLvl=0
[INFO] [1784730162.952143886] [yolo_navigator]: [STATUS] mode=FTG front=10.00 L=1.13 R=1.11 gap=-0.14 v=+0.34 w=-0.05 personLvl=0
[INFO] [1784730168.001426264] [yolo_navigator]: [STATUS] mode=FTG front=10.00 L=2.04 R=1.15 gap=+0.16 v=+0.32 w=+0.03 personLvl=0
[INFO] [1784730173.050943145] [yolo_navigator]: [STATUS] mode=FTG front=10.00 L=1.26 R=1.67 gap=+0.24 v=+0.29 w=+0.01 personLvl=0
[INFO] [1784730178.051685009] [yolo_navigator]: [STATUS] mode=FTG front=0.67 L=0.70 R=0.80 gap=+0.28 v=+0.25 w=-0.01 personLvl=0
[INFO] [1784730180.451461909] [yolo_navigator]: [ROTATE_OPEN] front=0.39 open=+0.21
[INFO] [1784730181.000830612] [yolo_navigator]: [FTG] gap=-0.00 W=1.72
[INFO] [1784730182.201224940] [yolo_navigator]: [ROTATE_OPEN] front=0.39 open=+1.36
[INFO] [1784730182.500755911] [yolo_navigator]: [FTG] gap=-0.25 W=1.75
[INFO] [1784730183.050573283] [yolo_navigator]: [ROTATE_OPEN] front=0.35 open=+1.36
[INFO] [1784730183.107464939] [yolo_navigator]: [STATUS] mode=ROTATE_OPEN front=0.32 L=0.38 R=0.37 gap=-0.32 v=+0.00 w=+0.57 personLvl=0
[INFO] [1784730183.208364303] [yolo_navigator]: [REVERSE] front=0.31 dir=+1
[INFO] [1784730184.700788411] [yolo_navigator]: [FTG] gap=-0.67 W=1.78
[INFO] [1784730188.151369394] [yolo_navigator]: [STATUS] mode=FTG front=0.47 L=1.94 R=0.50 gap=+0.44 v=+0.07 w=+0.13 personLvl=0
[INFO] [1784730190.200991722] [yolo_navigator]: [ROTATE_OPEN] front=0.39 open=+0.91
[INFO] [1784730191.101793767] [yolo_navigator]: [FTG] gap=+0.30 W=2.16
[INFO] [1784730193.202258673] [yolo_navigator]: [STATUS] mode=FTG front=0.43 L=2.68 R=0.32 gap=+0.16 v=+0.09 w=+0.70 personLvl=0
[INFO] [1784730198.252788413] [yolo_navigator]: [STATUS] mode=FTG front=10.00 L=1.89 R=0.84 gap=-0.04 v=+0.38 w=+0.34 personLvl=0
[INFO] [1784730203.301413267] [yolo_navigator]: [STATUS] mode=FTG front=10.00 L=1.08 R=1.53 gap=-0.09 v=+0.36 w=+0.28 personLvl=0
[INFO] [1784730208.301497250] [yolo_navigator]: [STATUS] mode=FTG front=10.00 L=0.68 R=2.85 gap=+0.09 v=+0.36 w=-0.34 personLvl=0
[INFO] [1784730213.350361410] [yolo_navigator]: [STATUS] mode=FTG front=10.00 L=0.53 R=2.98 gap=-0.18 v=+0.31 w=+0.18 personLvl=0
[INFO] [1784730218.352004761] [yolo_navigator]: [STATUS] mode=FTG front=10.00 L=3.34 R=3.79 gap=+0.15 v=+0.33 w=-0.27 personLvl=0
[INFO] [1784730223.352500379] [yolo_navigator]: [STATUS] mode=FTG front=10.00 L=2.98 R=3.87 gap=-0.13 v=+0.34 w=+0.25 personLvl=0
[INFO] [1784730228.369110701] [yolo_navigator]: [STATUS] mode=FTG front=10.00 L=2.79 R=4.38 gap=+0.33 v=+0.24 w=+0.15 personLvl=0
[INFO] [1784730233.405665188] [yolo_navigator]: [STATUS] mode=FTG front=10.00 L=2.65 R=2.83 gap=+0.26 v=+0.28 w=+0.03 personLvl=0
[INFO] [1784730236.030661684] [yolo_navigator]: [PERSON] level=2 h=202px
[INFO] [1784730238.469538858] [yolo_navigator]: [STATUS] mode=FTG front=10.00 L=2.39 R=2.12 gap=-0.31 v=+0.10 w=-0.03 personLvl=2
[INFO] [1784730243.502020408] [yolo_navigator]: [STATUS] mode=FTG front=10.00 L=2.26 R=1.91 gap=-0.27 v=+0.10 w=-0.03 personLvl=2
[INFO] [1784730248.565800250] [yolo_navigator]: [STATUS] mode=FTG front=10.00 L=2.14 R=1.74 gap=-0.27 v=+0.10 w=-0.02 personLvl=2
[INFO] [1784730253.620533611] [yolo_navigator]: [STATUS] mode=FTG front=10.00 L=2.02 R=1.57 gap=-0.25 v=+0.10 w=+0.01 personLvl=2
[INFO] [1784730258.652279865] [yolo_navigator]: [STATUS] mode=FTG front=10.00 L=1.91 R=1.42 gap=-0.26 v=+0.10 w=-0.01 personLvl=2
[INFO] [1784730263.710068958] [yolo_navigator]: [STATUS] mode=FTG front=10.00 L=1.79 R=1.27 gap=-0.26 v=+0.10 w=-0.00 personLvl=2
[INFO] [1784730267.502308638] [yolo_navigator]: [PERSON] level=0 h=0px
[INFO] [1784730268.751111640] [yolo_navigator]: [STATUS] mode=FTG front=10.00 L=1.97 R=1.04 gap=+0.08 v=+0.36 w=-0.01 personLvl=0
[INFO] [1784730273.751897959] [yolo_navigator]: [STATUS] mode=FTG front=10.00 L=1.83 R=0.57 gap=+0.10 v=+0.35 w=+0.03 personLvl=0
[INFO] [1784730278.802746408] [yolo_navigator]: [STATUS] mode=FTG front=10.00 L=0.95 R=3.21 gap=+0.09 v=+0.36 w=+0.05 personLvl=0
[INFO] [1784730283.850812137] [yolo_navigator]: [STATUS] mode=FTG front=10.00 L=0.46 R=2.75 gap=+0.24 v=+0.29 w=+0.22 personLvl=0
[INFO] [1784730288.852163430] [yolo_navigator]: [STATUS] mode=FTG front=10.00 L=0.50 R=2.68 gap=+1.22 v=+0.10 w=+1.11 personLvl=0
[INFO] [1784730290.151660581] [yolo_navigator]: [WEDGE] open=+0.84
[INFO] [1784730291.201076622] [yolo_navigator]: [FTG] gap=+0.40 W=0.73
[INFO] [1784730291.451261356] [yolo_navigator]: [REVERSE] front=0.14 dir=-1
[INFO] [1784730292.701131188] [yolo_navigator]: [FTG] gap=+0.57 W=3.71
[INFO] [1784730293.888948381] [yolo_navigator]: [STATUS] mode=FTG front=10.00 L=0.36 R=2.97 gap=+0.92 v=+0.10 w=+0.67 personLvl=0
[INFO] [1784730298.901715419] [yolo_navigator]: [STATUS] mode=FTG front=10.00 L=3.28 R=2.67 gap=+0.86 v=+0.10 w=+0.57 personLvl=0
[INFO] [1784730303.951611898] [yolo_navigator]: [STATUS] mode=FTG front=10.00 L=3.09 R=2.41 gap=+0.56 v=+0.13 w=+0.19 personLvl=0
[INFO] [1784730309.001976649] [yolo_navigator]: [STATUS] mode=FTG front=10.00 L=2.98 R=2.02 gap=+0.63 v=+0.10 w=+0.25 personLvl=0
[INFO] [1784730314.025769407] [yolo_navigator]: [STATUS] mode=FTG front=10.00 L=2.88 R=1.69 gap=+0.02 v=+0.39 w=-0.25 personLvl=0
[INFO] [1784730319.051542773] [yolo_navigator]: [STATUS] mode=FTG front=10.00 L=2.72 R=1.25 gap=+0.31 v=+0.25 w=+0.02 personLvl=0
[INFO] [1784730324.051953259] [yolo_navigator]: [STATUS] mode=FTG front=10.00 L=2.55 R=0.90 gap=+0.01 v=+0.40 w=-0.29 personLvl=0
[INFO] [1784730329.126721773] [yolo_navigator]: [STATUS] mode=FTG front=0.87 L=2.46 R=0.58 gap=+0.37 v=+0.22 w=+0.04 personLvl=0
[INFO] [1784730334.158064065] [yolo_navigator]: [STATUS] mode=FTG front=0.43 L=2.93 R=0.38 gap=+0.35 v=+0.07 w=+0.01 personLvl=0
[INFO] [1784730335.250587690] [yolo_navigator]: [ROTATE_OPEN] front=0.40 open=+1.15
[INFO] [1784730336.001013485] [yolo_navigator]: [FTG] gap=+0.34 W=2.93
[INFO] [1784730337.902448555] [yolo_navigator]: [PERSON] level=2 h=214px
[INFO] [1784730339.202720952] [yolo_navigator]: [STATUS] mode=FTG front=10.00 L=2.20 R=0.47 gap=-0.10 v=+0.10 w=+0.19 personLvl=2
[INFO] [1784730344.251073632] [yolo_navigator]: [STATUS] mode=FTG front=10.00 L=2.10 R=0.53 gap=-0.15 v=+0.10 w=+0.11 personLvl=2
[INFO] [1784730349.251755855] [yolo_navigator]: [STATUS] mode=FTG front=10.00 L=2.05 R=0.57 gap=-0.16 v=+0.10 w=+0.14 personLvl=2
[INFO] [1784730354.251670136] [yolo_navigator]: [STATUS] mode=FTG front=10.00 L=2.06 R=0.60 gap=-0.11 v=+0.10 w=+0.17 personLvl=2
[INFO] [1784730359.252120000] [yolo_navigator]: [STATUS] mode=FTG front=10.00 L=2.12 R=0.66 gap=-0.17 v=+0.10 w=+0.12 personLvl=2
[INFO] [1784730364.302297033] [yolo_navigator]: [STATUS] mode=FTG front=10.00 L=2.21 R=0.71 gap=+0.18 v=+0.10 w=-0.22 personLvl=2
[INFO] [1784730368.002447564] [yolo_navigator]: [PERSON] level=0 h=0px
[INFO] [1784730369.351955038] [yolo_navigator]: [STATUS] mode=FTG front=10.00 L=2.67 R=0.68 gap=+0.09 v=+0.36 w=+0.00 personLvl=0
[INFO] [1784730374.352440276] [yolo_navigator]: [STATUS] mode=FTG front=10.00 L=1.75 R=0.67 gap=+0.10 v=+0.35 w=+0.06 personLvl=0
[INFO] [1784730379.401580758] [yolo_navigator]: [STATUS] mode=FTG front=10.00 L=0.99 R=0.73 gap=+0.14 v=+0.33 w=+0.06 personLvl=0
[INFO] [1784730384.402683006] [yolo_navigator]: [STATUS] mode=FTG front=10.00 L=0.49 R=0.91 gap=+0.02 v=+0.39 w=-0.00 personLvl=0
[INFO] [1784730389.402011925] [yolo_navigator]: [STATUS] mode=FTG front=10.00 L=2.02 R=1.03 gap=+0.44 v=+0.19 w=+0.23 personLvl=0
[INFO] [1784730394.452205299] [yolo_navigator]: [STATUS] mode=FTG front=10.00 L=1.61 R=1.27 gap=+0.27 v=+0.27 w=+0.06 personLvl=0
[INFO] [1784730399.501856183] [yolo_navigator]: [STATUS] mode=FTG front=10.00 L=1.34 R=1.60 gap=+0.25 v=+0.28 w=+0.08 personLvl=0
[INFO] [1784730400.151416426] [yolo_navigator]: [WEDGE] open=+0.73
[INFO] [1784730400.401965078] [yolo_navigator]: [FTG] gap=+0.91 W=2.60
[INFO] [1784730401.051149531] [yolo_navigator]: [WEDGE] open=+0.68
[INFO] [1784730401.251458493] [yolo_navigator]: [FTG] gap=+0.60 W=0.59
[INFO] [1784730401.400287148] [yolo_navigator]: [WEDGE] open=+1.45
[INFO] [1784730401.752084758] [yolo_navigator]: [FTG] gap=+1.40 W=3.97
[INFO] [1784730404.051005178] [yolo_navigator]: [WEDGE] open=+1.45
[INFO] [1784730404.151089742] [yolo_navigator]: [FTG] gap=+0.36 W=0.50
[INFO] [1784730404.251501604] [yolo_navigator]: [WEDGE] open=+0.44
[INFO] [1784730404.351306391] [yolo_navigator]: [FTG] gap=+0.66 W=3.03
[INFO] [1784730404.576274376] [yolo_navigator]: [STATUS] mode=FTG front=10.00 L=1.02 R=1.15 gap=+0.66 v=+0.10 w=+0.22 personLvl=0
[INFO] [1784730404.701081278] [yolo_navigator]: [WEDGE] open=+1.45
[INFO] [1784730404.750928226] [yolo_navigator]: [FTG] gap=+0.27 W=0.52
[INFO] [1784730406.300394352] [yolo_navigator]: [WEDGE] open=+0.42
[INFO] [1784730406.650410537] [yolo_navigator]: [FTG] gap=+0.44 W=0.91
[INFO] [1784730409.561590038] [yolo_navigator]: [STATUS] mode=FTG front=0.86 L=0.58 R=0.72 gap=+0.60 v=+0.11 w=+0.34 personLvl=0
[INFO] [1784730414.616219908] [yolo_navigator]: [STATUS] mode=FTG front=0.71 L=0.47 R=0.50 gap=+0.35 v=+0.23 w=+0.01 personLvl=0
[INFO] [1784730419.002985019] [yolo_navigator]: [ROTATE_OPEN] front=0.40 open=+0.96
[INFO] [1784730419.652096047] [yolo_navigator]: [STATUS] mode=ROTATE_OPEN front=0.38 L=0.79 R=0.36 gap=+0.35 v=+0.00 w=+1.00 personLvl=0
[INFO] [1784730419.851033066] [yolo_navigator]: [FTG] gap=+0.28 W=1.99
[INFO] [1784730422.401057279] [yolo_navigator]: [ROTATE_OPEN] front=0.39 open=+0.94
[INFO] [1784730422.851364529] [yolo_navigator]: [REVERSE] front=0.31 dir=+1
[INFO] [1784730423.351799922] [yolo_navigator]: [FTG] gap=+0.10 W=1.97
[INFO] [1784730424.701867434] [yolo_navigator]: [STATUS] mode=FTG front=10.00 L=0.72 R=0.37 gap=-0.07 v=+0.37 w=+0.28 personLvl=0
[INFO] [1784730429.709290886] [yolo_navigator]: [STATUS] mode=FTG front=10.00 L=0.77 R=0.60 gap=-0.15 v=+0.33 w=-0.00 personLvl=0
[INFO] [1784730434.701579408] [yolo_navigator]: [STATUS] mode=FTG front=10.00 L=2.40 R=0.82 gap=-0.18 v=+0.31 w=-0.02 personLvl=0
[INFO] [1784730439.704242408] [yolo_navigator]: [STATUS] mode=FTG front=10.00 L=2.03 R=1.00 gap=-0.21 v=+0.30 w=-0.02 personLvl=0
[INFO] [1784730444.712350326] [yolo_navigator]: [STATUS] mode=FTG front=10.00 L=1.95 R=1.02 gap=+0.07 v=+0.37 w=+0.01 personLvl=0
[INFO] [1784730449.752060041] [yolo_navigator]: [STATUS] mode=FTG front=10.00 L=1.35 R=1.09 gap=+0.27 v=+0.27 w=+0.04 personLvl=0
[INFO] [1784730454.801898267] [yolo_navigator]: [STATUS] mode=FTG front=10.00 L=0.86 R=1.20 gap=+0.25 v=+0.28 w=+0.03 personLvl=0
[INFO] [1784730459.801821472] [yolo_navigator]: [STATUS] mode=FTG front=10.00 L=0.73 R=1.27 gap=+0.34 v=+0.24 w=+0.04 personLvl=0
[INFO] [1784730464.851755109] [yolo_navigator]: [STATUS] mode=FTG front=10.00 L=1.11 R=1.50 gap=+0.34 v=+0.24 w=+0.04 personLvl=0
[INFO] [1784730469.852198670] [yolo_navigator]: [STATUS] mode=FTG front=10.00 L=1.64 R=1.41 gap=+1.01 v=+0.10 w=+0.94 personLvl=0
[INFO] [1784730474.983085556] [yolo_navigator]: [STATUS] mode=FTG front=10.00 L=1.35 R=1.15 gap=+0.32 v=+0.25 w=+0.03 personLvl=0
[INFO] [1784730480.001297052] [yolo_navigator]: [STATUS] mode=FTG front=1.20 L=3.45 R=0.81 gap=+0.18 v=+0.32 w=-0.08 personLvl=0
[INFO] [1784730485.002236159] [yolo_navigator]: [STATUS] mode=FTG front=0.51 L=2.08 R=0.44 gap=+0.26 v=+0.13 w=-0.01 personLvl=0
[INFO] [1784730487.700904040] [yolo_navigator]: [ROTATE_OPEN] front=0.40 open=+0.94
[INFO] [1784730488.402095302] [yolo_navigator]: [FTG] gap=+0.41 W=2.60
[INFO] [1784730490.003143506] [yolo_navigator]: [STATUS] mode=FTG front=10.00 L=3.17 R=0.40 gap=-0.00 v=+0.40 w=+0.25 personLvl=0
[INFO] [1784730495.056953084] [yolo_navigator]: [STATUS] mode=FTG front=10.00 L=2.51 R=0.35 gap=-0.02 v=+0.39 w=+0.64 personLvl=0
[INFO] [1784730500.068727873] [yolo_navigator]: [STATUS] mode=FTG front=10.00 L=1.53 R=1.23 gap=+0.09 v=+0.36 w=-0.33 personLvl=0
[INFO] [1784730505.102191868] [yolo_navigator]: [STATUS] mode=FTG front=10.00 L=0.83 R=1.97 gap=+0.12 v=+0.34 w=-0.29 personLvl=0
[INFO] [1784730510.102236792] [yolo_navigator]: [STATUS] mode=FTG front=10.00 L=0.65 R=2.70 gap=-0.14 v=+0.33 w=+0.22 personLvl=0
[INFO] [1784730515.151473966] [yolo_navigator]: [STATUS] mode=FTG front=10.00 L=1.50 R=3.11 gap=-0.06 v=+0.37 w=+0.38 personLvl=0
[INFO] [1784730520.201143691] [yolo_navigator]: [STATUS] mode=FTG front=10.00 L=3.14 R=4.05 gap=+0.18 v=+0.32 w=-0.23 personLvl=0
[INFO] [1784730525.201693316] [yolo_navigator]: [STATUS] mode=FTG front=10.00 L=2.88 R=4.63 gap=+0.20 v=+0.30 w=-0.20 personLvl=0
[INFO] [1784730530.251453031] [yolo_navigator]: [STATUS] mode=FTG front=10.00 L=2.72 R=3.36 gap=+0.26 v=+0.28 w=+0.04 personLvl=0
[INFO] [1784730534.852872433] [yolo_navigator]: [PERSON] level=1 h=200px
[INFO] [1784730535.251617684] [yolo_navigator]: [STATUS] mode=FTG front=10.00 L=2.51 R=2.26 gap=-0.23 v=+0.14 w=+0.08 personLvl=1
[INFO] [1784730535.402382393] [yolo_navigator]: [PERSON] level=2 h=202px
[INFO] [1784730540.300730880] [yolo_navigator]: [STATUS] mode=FTG front=10.00 L=2.34 R=2.03 gap=-0.30 v=+0.10 w=-0.00 personLvl=2
[INFO] [1784730545.301146447] [yolo_navigator]: [STATUS] mode=FTG front=10.00 L=2.22 R=1.85 gap=-0.25 v=+0.10 w=+0.00 personLvl=2
[INFO] [1784730550.301469759] [yolo_navigator]: [STATUS] mode=FTG front=10.00 L=2.11 R=1.68 gap=-0.27 v=+0.10 w=-0.02 personLvl=2
[INFO] [1784730555.352231463] [yolo_navigator]: [STATUS] mode=FTG front=10.00 L=1.99 R=1.52 gap=-0.26 v=+0.10 w=-0.01 personLvl=2
[INFO] [1784730560.402058350] [yolo_navigator]: [STATUS] mode=FTG front=10.00 L=1.86 R=1.35 gap=-0.25 v=+0.10 w=+0.01 personLvl=2
[INFO] [1784730565.402193137] [yolo_navigator]: [STATUS] mode=FTG front=10.00 L=1.76 R=1.21 gap=-0.14 v=+0.10 w=-0.31 personLvl=2
[INFO] [1784730566.902177857] [yolo_navigator]: [PERSON] level=0 h=0px
[INFO] [1784730570.451934731] [yolo_navigator]: [STATUS] mode=FTG front=10.00 L=2.30 R=0.77 gap=+0.11 v=+0.35 w=+0.04 personLvl=0
[INFO] [1784730575.503047076] [yolo_navigator]: [STATUS] mode=FTG front=10.00 L=1.48 R=0.54 gap=+0.08 v=+0.36 w=+0.02 personLvl=0
[INFO] [1784730580.551736818] [yolo_navigator]: [STATUS] mode=FTG front=10.00 L=0.75 R=3.04 gap=+0.11 v=+0.35 w=+0.08 personLvl=0
[INFO] [1784730585.560582588] [yolo_navigator]: [STATUS] mode=FTG front=10.00 L=0.43 R=2.69 gap=+0.36 v=+0.23 w=+0.33 personLvl=0
[INFO] [1784730590.550718237] [yolo_navigator]: [WEDGE] open=+0.87
[INFO] [1784730590.615401268] [yolo_navigator]: [STATUS] mode=WEDGE front=10.00 L=0.35 R=3.21 gap=+0.00 v=+0.40 w=+1.00 personLvl=0
[INFO] [1784730591.550755086] [yolo_navigator]: [FTG] gap=+0.45 W=0.69
[INFO] [1784730591.801828127] [yolo_navigator]: [REVERSE] front=0.10 dir=-1
[INFO] [1784730592.651536396] [yolo_navigator]: [FTG] gap=+0.57 W=3.17
[INFO] [1784730595.651786897] [yolo_navigator]: [STATUS] mode=FTG front=10.00 L=0.25 R=2.93 gap=+0.48 v=+0.15 w=+0.10 personLvl=0
[INFO] [1784730600.701710160] [yolo_navigator]: [STATUS] mode=FTG front=10.00 L=3.15 R=2.66 gap=-0.12 v=+0.34 w=-0.39 personLvl=0
[INFO] [1784730605.701432768] [yolo_navigator]: [STATUS] mode=FTG front=10.00 L=3.05 R=2.29 gap=+0.64 v=+0.10 w=+0.28 personLvl=0
[INFO] [1784730610.701509021] [yolo_navigator]: [STATUS] mode=FTG front=10.00 L=2.96 R=2.00 gap=-0.04 v=+0.38 w=-0.31 personLvl=0
[INFO] [1784730615.752302085] [yolo_navigator]: [STATUS] mode=FTG front=10.00 L=2.85 R=1.55 gap=+0.60 v=+0.11 w=+0.35 personLvl=0
[INFO] [1784730620.752320519] [yolo_navigator]: [STATUS] mode=FTG front=10.00 L=2.69 R=1.17 gap=+0.32 v=+0.25 w=+0.03 personLvl=0
[INFO] [1784730625.827841362] [yolo_navigator]: [STATUS] mode=FTG front=0.91 L=2.12 R=0.72 gap=+0.25 v=+0.28 w=-0.03 personLvl=0
[INFO] [1784730630.851522940] [yolo_navigator]: [STATUS] mode=FTG front=0.66 L=2.45 R=0.47 gap=+0.35 v=+0.21 w=+0.01 personLvl=0
[INFO] [1784730634.901609977] [yolo_navigator]: [ROTATE_OPEN] front=0.40 open=+1.13
[INFO] [1784730635.750993631] [yolo_navigator]: [FTG] gap=+0.32 W=2.55
[INFO] [1784730635.861809396] [yolo_navigator]: [STATUS] mode=FTG front=0.41 L=2.75 R=0.36 gap=+0.32 v=+0.06 w=-0.04 personLvl=0
[INFO] [1784730637.902345559] [yolo_navigator]: [PERSON] level=2 h=212px
[INFO] [1784730640.900820952] [yolo_navigator]: [STATUS] mode=FTG front=10.00 L=2.16 R=0.50 gap=-0.12 v=+0.10 w=+0.16 personLvl=2
[INFO] [1784730645.901656605] [yolo_navigator]: [STATUS] mode=FTG front=10.00 L=2.08 R=0.54 gap=-0.11 v=+0.10 w=+0.15 personLvl=2
[INFO] [1784730649.552129464] [yolo_navigator]: [PERSON] level=0 h=0px
[INFO] [1784730649.901348766] [yolo_navigator]: [PERSON] level=2 h=254px
[INFO] [1784730650.952634006] [yolo_navigator]: [STATUS] mode=FTG front=10.00 L=2.01 R=0.61 gap=+0.14 v=+0.10 w=-0.26 personLvl=2
[INFO] [1784730652.451487962] [yolo_navigator]: [PERSON] level=0 h=0px
[INFO] [1784730652.802972462] [yolo_navigator]: [PERSON] level=2 h=256px
[INFO] [1784730656.001181673] [yolo_navigator]: [STATUS] mode=FTG front=10.00 L=2.09 R=0.65 gap=-0.16 v=+0.10 w=+0.12 personLvl=2
[INFO] [1784730661.001439650] [yolo_navigator]: [STATUS] mode=FTG front=10.00 L=2.24 R=0.69 gap=-0.16 v=+0.10 w=+0.12 personLvl=2
[INFO] [1784730665.552943325] [yolo_navigator]: [PERSON] level=0 h=0px
[INFO] [1784730666.003537388] [yolo_navigator]: [STATUS] mode=FTG front=10.00 L=2.71 R=0.69 gap=+0.05 v=+0.38 w=-0.06 personLvl=0
[INFO] [1784730671.058420840] [yolo_navigator]: [STATUS] mode=FTG front=10.00 L=1.97 R=0.66 gap=+0.09 v=+0.36 w=+0.02 personLvl=0
[INFO] [1784730676.101471638] [yolo_navigator]: [STATUS] mode=FTG front=10.00 L=1.18 R=0.70 gap=+0.12 v=+0.34 w=+0.03 personLvl=0
[INFO] [1784730681.101491524] [yolo_navigator]: [STATUS] mode=FTG front=10.00 L=0.57 R=0.85 gap=+0.03 v=+0.39 w=-0.01 personLvl=0
[INFO] [1784730686.101509886] [yolo_navigator]: [STATUS] mode=FTG front=10.00 L=2.07 R=1.05 gap=-0.72 v=+0.10 w=-0.30 personLvl=0
[INFO] [1784730691.152221153] [yolo_navigator]: [STATUS] mode=FTG front=10.00 L=1.64 R=1.24 gap=+0.25 v=+0.28 w=+0.04 personLvl=0
[INFO] [1784730696.201266742] [yolo_navigator]: [STATUS] mode=FTG front=10.00 L=1.35 R=1.57 gap=+0.27 v=+0.27 w=+0.09 personLvl=0
[INFO] [1784730697.350718756] [yolo_navigator]: [WEDGE] open=+0.73
[INFO] [1784730697.658941188] [yolo_navigator]: [FTG] gap=+0.91 W=2.60
[INFO] [1784730698.401494041] [yolo_navigator]: [WEDGE] open=+0.65
[INFO] [1784730698.452716381] [yolo_navigator]: [FTG] gap=+0.60 W=0.60
[INFO] [1784730698.550809809] [yolo_navigator]: [WEDGE] open=+1.45
[INFO] [1784730698.751774623] [yolo_navigator]: [FTG] gap=+0.53 W=0.59
[INFO] [1784730698.801384897] [yolo_navigator]: [WEDGE] open=+1.41
[INFO] [1784730698.901694106] [yolo_navigator]: [FTG] gap=+0.49 W=0.60
[INFO] [1784730699.151801698] [yolo_navigator]: [WEDGE] open=+1.36
[INFO] [1784730699.351070727] [yolo_navigator]: [FTG] gap=+0.39 W=0.46
[INFO] [1784730701.202874355] [yolo_navigator]: [STATUS] mode=FTG front=1.08 L=1.07 R=1.29 gap=-0.57 v=+0.12 w=-1.00 personLvl=0
[INFO] [1784730702.551240985] [yolo_navigator]: [WEDGE] open=+1.45
[INFO] [1784730702.901160034] [yolo_navigator]: [FTG] gap=+0.68 W=3.00
[INFO] [1784730703.150862760] [yolo_navigator]: [WEDGE] open=+0.45
[INFO] [1784730703.450940690] [yolo_navigator]: [FTG] gap=-0.17 W=3.75
[INFO] [1784730705.201096515] [yolo_navigator]: [WEDGE] open=+0.37
[INFO] [1784730705.751202349] [yolo_navigator]: [FTG] gap=+0.45 W=0.45
[INFO] [1784730706.261320904] [yolo_navigator]: [STATUS] mode=FTG front=1.16 L=0.69 R=0.90 gap=+0.48 v=+0.17 w=+0.22 personLvl=0
[INFO] [1784730711.300626308] [yolo_navigator]: [STATUS] mode=FTG front=0.85 L=0.38 R=0.58 gap=+0.39 v=+0.21 w=+0.06 personLvl=0
[INFO] [1784730716.314963406] [yolo_navigator]: [STATUS] mode=FTG front=0.44 L=0.75 R=0.38 gap=+0.35 v=+0.08 w=+0.01 personLvl=0
[INFO] [1784730717.801487738] [yolo_navigator]: [ROTATE_OPEN] front=0.39 open=+0.96
[INFO] [1784730718.501538365] [yolo_navigator]: [FTG] gap=+0.13 W=2.78
[INFO] [1784730720.700704777] [yolo_navigator]: [ROTATE_OPEN] front=0.40 open=+0.96
[INFO] [1784730721.251779933] [yolo_navigator]: [REVERSE] front=0.31 dir=+1
[INFO] [1784730721.362684754] [yolo_navigator]: [STATUS] mode=REVERSE front=0.31 L=0.95 R=0.30 gap=+0.19 v=+0.05 w=+1.20 personLvl=0
[INFO] [1784730721.600825276] [yolo_navigator]: [FTG] gap=+0.11 W=1.98
[INFO] [1784730726.403531703] [yolo_navigator]: [STATUS] mode=FTG front=10.00 L=0.76 R=0.55 gap=-0.16 v=+0.32 w=-0.06 personLvl=0
[INFO] [1784730731.451617173] [yolo_navigator]: [STATUS] mode=FTG front=10.00 L=2.56 R=0.76 gap=-0.19 v=+0.31 w=+0.01 personLvl=0
[INFO] [1784730736.451317721] [yolo_navigator]: [STATUS] mode=FTG front=10.00 L=2.11 R=0.95 gap=-0.21 v=+0.30 w=-0.00 personLvl=0
[INFO] [1784730741.458734758] [yolo_navigator]: [STATUS] mode=FTG front=10.00 L=2.18 R=1.01 gap=+0.07 v=+0.37 w=-0.00 personLvl=0
[INFO] [1784730746.502014244] [yolo_navigator]: [STATUS] mode=FTG front=10.00 L=1.54 R=1.06 gap=+0.12 v=+0.34 w=+0.01 personLvl=0
[INFO] [1784730751.501745208] [yolo_navigator]: [STATUS] mode=FTG front=10.00 L=0.96 R=1.16 gap=+0.25 v=+0.28 w=+0.03 personLvl=0
[INFO] [1784730756.557627835] [yolo_navigator]: [STATUS] mode=FTG front=10.00 L=0.76 R=1.22 gap=+0.43 v=+0.19 w=+0.16 personLvl=0
[INFO] [1784730761.601281118] [yolo_navigator]: [STATUS] mode=FTG front=10.00 L=1.03 R=1.45 gap=+0.34 v=+0.23 w=+0.05 personLvl=0
[INFO] [1784730766.651127917] [yolo_navigator]: [STATUS] mode=FTG front=10.00 L=2.03 R=1.67 gap=+0.11 v=+0.35 w=-0.07 personLvl=0
[INFO] [1784730771.701885970] [yolo_navigator]: [STATUS] mode=FTG front=10.00 L=1.35 R=1.28 gap=+0.32 v=+0.24 w=+0.04 personLvl=0
[INFO] [1784730776.750769505] [yolo_navigator]: [STATUS] mode=FTG front=10.00 L=3.82 R=0.94 gap=+0.38 v=+0.22 w=+0.07 personLvl=0
[INFO] [1784730781.752894310] [yolo_navigator]: [STATUS] mode=FTG front=0.75 L=2.61 R=0.57 gap=+0.40 v=+0.21 w=+0.08 personLvl=0
[INFO] [1784730786.801958997] [yolo_navigator]: [STATUS] mode=FTG front=0.69 L=2.26 R=0.28 gap=+0.37 v=+0.22 w=+0.03 personLvl=0
[INFO] [1784730791.250489646] [yolo_navigator]: [ROTATE_OPEN] front=0.39 open=+0.87
[INFO] [1784730791.851811315] [yolo_navigator]: [STATUS] mode=ROTATE_OPEN front=0.38 L=1.91 R=0.46 gap=+0.38 v=+0.00 w=+1.00 personLvl=0
[INFO] [1784730793.001049809] [yolo_navigator]: [FTG] gap=+0.01 W=5.63
[INFO] [1784730796.901626453] [yolo_navigator]: [STATUS] mode=FTG front=10.00 L=1.84 R=1.41 gap=+0.32 v=+0.24 w=-0.03 personLvl=0
[INFO] [1784730801.901772888] [yolo_navigator]: [STATUS] mode=FTG front=10.00 L=1.58 R=1.83 gap=+0.02 v=+0.39 w=+0.30 personLvl=0
[INFO] [1784730806.951897845] [yolo_navigator]: [STATUS] mode=FTG front=10.00 L=1.01 R=1.45 gap=-0.22 v=+0.30 w=-0.00 personLvl=0
[INFO] [1784730812.027854470] [yolo_navigator]: [STATUS] mode=FTG front=10.00 L=0.91 R=1.16 gap=-0.23 v=+0.29 w=-0.01 personLvl=0
[INFO] [1784730817.052206917] [yolo_navigator]: [STATUS] mode=FTG front=10.00 L=1.65 R=1.00 gap=-0.05 v=+0.38 w=-0.38 personLvl=0
[INFO] [1784730822.053354817] [yolo_navigator]: [STATUS] mode=FTG front=10.00 L=1.22 R=1.56 gap=+0.26 v=+0.28 w=+0.03 personLvl=0
[INFO] [1784730827.083756325] [yolo_navigator]: [STATUS] mode=FTG front=10.00 L=1.06 R=2.91 gap=+0.18 v=+0.31 w=+0.01 personLvl=0
[INFO] [1784730832.103192456] [yolo_navigator]: [STATUS] mode=FTG front=10.00 L=0.82 R=2.34 gap=-0.12 v=+0.34 w=+0.02 personLvl=0
[INFO] [1784730837.156807646] [yolo_navigator]: [STATUS] mode=FTG front=10.00 L=0.83 R=1.85 gap=-0.18 v=+0.31 w=-0.04 personLvl=0
[INFO] [1784730842.202163172] [yolo_navigator]: [STATUS] mode=FTG front=10.00 L=2.91 R=1.33 gap=-0.23 v=+0.29 w=-0.09 personLvl=0
[INFO] [1784730847.251683267] [yolo_navigator]: [STATUS] mode=FTG front=10.00 L=2.55 R=0.95 gap=-0.20 v=+0.31 w=-0.11 personLvl=0
[INFO] [1784730852.251975658] [yolo_navigator]: [STATUS] mode=FTG front=10.00 L=2.26 R=0.66 gap=-0.55 v=+0.13 w=-0.17 personLvl=0
[INFO] [1784730852.552134499] [yolo_navigator]: [WEDGE] open=-0.42
[INFO] [1784730852.601221151] [yolo_navigator]: [FTG] gap=+1.34 W=1.94
[INFO] [1784730857.301693439] [yolo_navigator]: [STATUS] mode=FTG front=10.00 L=2.30 R=0.63 gap=-0.47 v=+0.18 w=-0.10 personLvl=0
[INFO] [1784730862.373793293] [yolo_navigator]: [STATUS] mode=FTG front=10.00 L=3.03 R=0.65 gap=-0.41 v=+0.20 w=-0.03 personLvl=0
[INFO] [1784730867.401680878] [yolo_navigator]: [STATUS] mode=FTG front=10.00 L=2.69 R=0.67 gap=-0.51 v=+0.16 w=-0.25 personLvl=0
[INFO] [1784730872.401266373] [yolo_navigator]: [STATUS] mode=FTG front=10.00 L=2.36 R=0.69 gap=-0.54 v=+0.14 w=-0.30 personLvl=0
[INFO] [1784730877.452134690] [yolo_navigator]: [STATUS] mode=FTG front=10.00 L=1.98 R=4.36 gap=+0.08 v=+0.36 w=+0.36 personLvl=0
[INFO] [1784730882.501480503] [yolo_navigator]: [STATUS] mode=FTG front=10.00 L=1.58 R=4.06 gap=-0.04 v=+0.38 w=+0.24 personLvl=0
[INFO] [1784730887.553560721] [yolo_navigator]: [STATUS] mode=FTG front=10.00 L=1.15 R=3.79 gap=-0.32 v=+0.25 w=-0.03 personLvl=0
[INFO] [1784730892.601495152] [yolo_navigator]: [STATUS] mode=FTG front=1.08 L=0.79 R=2.67 gap=-0.11 v=+0.35 w=+0.17 personLvl=0
[INFO] [1784730897.651345820] [yolo_navigator]: [STATUS] mode=FTG front=0.75 L=0.52 R=3.48 gap=-0.35 v=+0.23 w=-0.01 personLvl=0
[INFO] [1784730902.651749379] [yolo_navigator]: [STATUS] mode=FTG front=0.41 L=0.36 R=3.39 gap=-0.35 v=+0.05 w=-0.01 personLvl=0
[INFO] [1784730902.902852990] [yolo_navigator]: [ROTATE_OPEN] front=0.40 open=-1.27
[INFO] [1784730903.660013717] [yolo_navigator]: [FTG] gap=-0.35 W=3.14
[INFO] [1784730907.701453131] [yolo_navigator]: [STATUS] mode=FTG front=10.00 L=0.75 R=2.91 gap=+0.32 v=+0.25 w=-0.04 personLvl=0
[INFO] [1784730912.717704059] [yolo_navigator]: [STATUS] mode=FTG front=10.00 L=1.15 R=2.28 gap=-0.27 v=+0.27 w=+0.11 personLvl=0
[INFO] [1784730917.752172492] [yolo_navigator]: [STATUS] mode=FTG front=10.00 L=1.55 R=1.83 gap=+0.37 v=+0.22 w=+0.03 personLvl=0
[INFO] [1784730922.754605598] [yolo_navigator]: [STATUS] mode=FTG front=10.00 L=1.80 R=1.56 gap=+0.37 v=+0.22 w=+0.03 personLvl=0
[INFO] [1784730927.801930271] [yolo_navigator]: [STATUS] mode=FTG front=10.00 L=1.68 R=2.85 gap=+0.02 v=+0.39 w=-0.41 personLvl=0
[INFO] [1784730932.965466283] [yolo_navigator]: [STATUS] mode=FTG front=10.00 L=1.58 R=1.77 gap=-0.09 v=+0.36 w=-0.07 personLvl=0
[INFO] [1784730937.902284310] [yolo_navigator]: [STATUS] mode=FTG front=10.00 L=1.37 R=1.00 gap=-0.09 v=+0.36 w=+0.26 personLvl=0
[INFO] [1784730942.918725185] [yolo_navigator]: [STATUS] mode=FTG front=10.00 L=0.91 R=1.31 gap=-0.94 v=+0.10 w=-1.09 personLvl=0
[INFO] [1784730947.951152864] [yolo_navigator]: [STATUS] mode=FTG front=10.00 L=0.63 R=1.32 gap=+0.19 v=+0.31 w=+0.59 personLvl=0
[INFO] [1784730952.951935481] [yolo_navigator]: [STATUS] mode=FTG front=0.49 L=0.42 R=2.63 gap=-1.11 v=+0.05 w=-1.25 personLvl=0
[INFO] [1784730958.001507024] [yolo_navigator]: [STATUS] mode=FTG front=10.00 L=0.54 R=3.66 gap=+0.47 v=+0.18 w=+0.04 personLvl=0
[INFO] [1784730963.001943520] [yolo_navigator]: [STATUS] mode=FTG front=10.00 L=0.58 R=3.12 gap=+0.45 v=+0.18 w=+0.00 personLvl=0
[INFO] [1784730968.012471564] [yolo_navigator]: [STATUS] mode=FTG front=10.00 L=0.61 R=2.62 gap=-1.11 v=+0.10 w=-0.99 personLvl=0
[INFO] [1784730973.051629491] [yolo_navigator]: [STATUS] mode=FTG front=10.00 L=1.50 R=2.52 gap=-0.26 v=+0.27 w=+0.00 personLvl=0
[INFO] [1784730978.051708601] [yolo_navigator]: [STATUS] mode=FTG front=10.00 L=1.54 R=3.11 gap=-0.68 v=+0.10 w=-0.38 personLvl=0
[INFO] [1784730983.062992093] [yolo_navigator]: [STATUS] mode=FTG front=10.00 L=1.22 R=3.12 gap=-0.32 v=+0.24 w=-0.04 personLvl=0
[INFO] [1784730988.148491158] [yolo_navigator]: [STATUS] mode=FTG front=10.00 L=0.89 R=3.22 gap=-0.01 v=+0.39 w=+0.29 personLvl=0
[INFO] [1784730993.152106583] [yolo_navigator]: [STATUS] mode=FTG front=0.82 L=0.56 R=2.82 gap=-0.37 v=+0.22 w=-0.04 personLvl=0
[INFO] [1784730998.204336765] [yolo_navigator]: [STATUS] mode=FTG front=0.43 L=0.37 R=2.50 gap=-0.35 v=+0.06 w=-0.01 personLvl=0
[INFO] [1784730999.101157236] [yolo_navigator]: [ROTATE_OPEN] front=0.40 open=-1.33
[INFO] [1784730999.901862440] [yolo_navigator]: [FTG] gap=-0.34 W=2.84
[INFO] [1784731002.501861207] [yolo_navigator]: [PERSON] level=2 h=267px
[INFO] [1784731003.270170192] [yolo_navigator]: [STATUS] mode=FTG front=10.00 L=0.53 R=3.11 gap=+0.35 v=+0.10 w=+0.03 personLvl=2
[INFO] [1784731008.251327952] [yolo_navigator]: [STATUS] mode=FTG front=10.00 L=0.60 R=3.02 gap=+0.34 v=+0.10 w=+0.01 personLvl=2
[INFO] [1784731009.302156679] [yolo_navigator]: [PERSON] level=0 h=0px
[INFO] [1784731013.251819059] [yolo_navigator]: [STATUS] mode=FTG front=10.00 L=0.73 R=1.40 gap=+0.34 v=+0.24 w=+0.00 personLvl=0
[INFO] [1784731018.266738470] [yolo_navigator]: [STATUS] mode=FTG front=0.85 L=0.87 R=0.84 gap=+0.37 v=+0.22 w=+0.03 personLvl=0
[INFO] [1784731023.001028176] [yolo_navigator]: [ROTATE_OPEN] front=0.40 open=-1.08
[INFO] [1784731023.301778061] [yolo_navigator]: [STATUS] mode=ROTATE_OPEN front=0.39 L=0.98 R=0.43 gap=+0.24 v=+0.00 w=-1.00 personLvl=0
[INFO] [1784731025.101622465] [yolo_navigator]: [FTG] gap=+0.84 W=2.74
[INFO] [1784731025.473797629] [yolo_navigator]: [ROTATE_OPEN] front=0.39 open=-0.37
[INFO] [1784731025.502389220] [yolo_navigator]: [PERSON] level=3 h=409px
[INFO] [1784731027.001329838] [yolo_navigator]: [PERSON] level=0 h=0px
[INFO] [1784731027.501209418] [yolo_navigator]: [FTG] gap=-0.16 W=2.46
[INFO] [1784731027.901809529] [yolo_navigator]: [ROTATE_OPEN] front=0.39 open=+0.31
[INFO] [1784731028.302062014] [yolo_navigator]: [STATUS] mode=ROTATE_OPEN front=0.35 L=0.41 R=2.59 gap=-0.35 v=+0.00 w=+1.00 personLvl=0
[INFO] [1784731028.550690130] [yolo_navigator]: [REVERSE] front=0.31 dir=-1
[INFO] [1784731030.362286559] [yolo_navigator]: [FTG] gap=-0.11 W=2.21
[INFO] [1784731033.337570810] [yolo_navigator]: [STATUS] mode=FTG front=10.00 L=2.30 R=2.71 gap=+0.52 v=+0.15 w=+0.16 personLvl=0
[INFO] [1784731038.352208690] [yolo_navigator]: [STATUS] mode=FTG front=10.00 L=1.87 R=2.53 gap=+0.41 v=+0.20 w=+0.02 personLvl=0
[INFO] [1784731043.401574827] [yolo_navigator]: [STATUS] mode=FTG front=10.00 L=1.31 R=1.72 gap=+0.78 v=+0.10 w=+0.55 personLvl=0
[INFO] [1784731048.401851199] [yolo_navigator]: [STATUS] mode=FTG front=0.92 L=3.78 R=0.96 gap=+0.38 v=+0.22 w=+0.02 personLvl=0
[INFO] [1784731053.402696576] [yolo_navigator]: [STATUS] mode=FTG front=10.00 L=3.34 R=0.34 gap=+0.27 v=+0.27 w=+0.69 personLvl=0
[INFO] [1784731058.403061448] [yolo_navigator]: [STATUS] mode=FTG front=10.00 L=2.63 R=2.38 gap=-0.35 v=+0.23 w=-0.03 personLvl=0
[INFO] [1784731063.452107726] [yolo_navigator]: [STATUS] mode=FTG front=10.00 L=2.08 R=2.11 gap=-0.34 v=+0.23 w=-0.01 personLvl=0
[INFO] [1784731068.501766551] [yolo_navigator]: [STATUS] mode=FTG front=10.00 L=1.53 R=1.90 gap=-0.33 v=+0.24 w=-0.03 personLvl=0
[INFO] [1784731073.503092468] [yolo_navigator]: [STATUS] mode=FTG front=10.00 L=1.10 R=1.84 gap=-0.33 v=+0.24 w=-0.01 personLvl=0
[INFO] [1784731078.551951982] [yolo_navigator]: [STATUS] mode=FTG front=0.86 L=0.71 R=2.29 gap=-0.38 v=+0.22 w=-0.06 personLvl=0
[INFO] [1784731083.551987710] [yolo_navigator]: [STATUS] mode=FTG front=0.45 L=0.44 R=6.12 gap=-0.37 v=+0.08 w=-0.02 personLvl=0
[INFO] [1784731085.301399835] [yolo_navigator]: [ROTATE_OPEN] front=0.40 open=-0.73
[INFO] [1784731086.202324760] [yolo_navigator]: [FTG] gap=-0.30 W=10.75
[INFO] [1784731088.351697470] [yolo_navigator]: [ROTATE_OPEN] front=0.38 open=-0.52
[INFO] [1784731088.679148363] [yolo_navigator]: [STATUS] mode=ROTATE_OPEN front=0.34 L=0.33 R=2.40 gap=-0.16 v=+0.00 w=-1.00 personLvl=0
[INFO] [1784731089.201006838] [yolo_navigator]: [FTG] gap=-0.02 W=8.56
[INFO] [1784731093.725800695] [yolo_navigator]: [STATUS] mode=FTG front=10.00 L=3.78 R=1.66 gap=+0.09 v=+0.36 w=-0.34 personLvl=0
[INFO] [1784731098.751932177] [yolo_navigator]: [STATUS] mode=FTG front=10.00 L=3.76 R=1.66 gap=+0.18 v=+0.31 w=-0.22 personLvl=0
[INFO] [1784731103.800957264] [yolo_navigator]: [STATUS] mode=FTG front=10.00 L=3.73 R=4.08 gap=+0.16 v=+0.32 w=-0.25 personLvl=0
[INFO] [1784731108.850451322] [yolo_navigator]: [STATUS] mode=FTG front=10.00 L=3.73 R=3.63 gap=-0.18 v=+0.31 w=+0.20 personLvl=0
[INFO] [1784731113.851670879] [yolo_navigator]: [STATUS] mode=FTG front=10.00 L=3.68 R=3.22 gap=+0.27 v=+0.27 w=-0.11 personLvl=0
[INFO] [1784731118.851749938] [yolo_navigator]: [STATUS] mode=FTG front=10.00 L=2.21 R=2.87 gap=+0.49 v=+0.16 w=+0.96 personLvl=0
[INFO] [1784731123.901926348] [yolo_navigator]: [STATUS] mode=FTG front=10.00 L=3.19 R=1.52 gap=-0.26 v=+0.27 w=-0.02 personLvl=0
[INFO] [1784731128.950766590] [yolo_navigator]: [STATUS] mode=FTG front=10.00 L=2.75 R=1.00 gap=-0.26 v=+0.28 w=-0.01 personLvl=0
[INFO] [1784731133.951162066] [yolo_navigator]: [STATUS] mode=FTG front=10.00 L=2.23 R=0.85 gap=-0.26 v=+0.27 w=+0.00 personLvl=0
[INFO] [1784731138.963346191] [yolo_navigator]: [STATUS] mode=FTG front=10.00 L=1.80 R=1.01 gap=-0.28 v=+0.26 w=-0.01 personLvl=0
[INFO] [1784731143.952307587] [yolo_navigator]: [STATUS] mode=FTG front=10.00 L=1.40 R=3.34 gap=-0.26 v=+0.27 w=-0.02 personLvl=0
[INFO] [1784731149.002308707] [yolo_navigator]: [STATUS] mode=FTG front=10.00 L=1.02 R=3.06 gap=-0.32 v=+0.24 w=-0.03 personLvl=0
[INFO] [1784731154.051560888] [yolo_navigator]: [STATUS] mode=FTG front=10.00 L=0.99 R=2.50 gap=-0.09 v=+0.36 w=-0.03 personLvl=0
[INFO] [1784731159.104233550] [yolo_navigator]: [STATUS] mode=FTG front=10.00 L=1.07 R=1.74 gap=-0.11 v=+0.35 w=-0.05 personLvl=0
[INFO] [1784731164.101596270] [yolo_navigator]: [STATUS] mode=FTG front=10.00 L=1.24 R=1.00 gap=-0.13 v=+0.34 w=-0.04 personLvl=0
[INFO] [1784731169.151668794] [yolo_navigator]: [STATUS] mode=FTG front=10.00 L=1.55 R=0.74 gap=-0.35 v=+0.23 w=-0.14 personLvl=0
[INFO] [1784731174.203080767] [yolo_navigator]: [STATUS] mode=FTG front=10.00 L=2.16 R=0.78 gap=-0.32 v=+0.24 w=-0.12 personLvl=0
[INFO] [1784731179.252142335] [yolo_navigator]: [STATUS] mode=FTG front=10.00 L=1.91 R=0.72 gap=+0.04 v=+0.38 w=+0.32 personLvl=0
[INFO] [1784731184.252609086] [yolo_navigator]: [STATUS] mode=FTG front=10.00 L=1.47 R=1.36 gap=-0.60 v=+0.11 w=-0.22 personLvl=0
[INFO] [1784731189.309116567] [yolo_navigator]: [STATUS] mode=FTG front=10.00 L=1.15 R=3.23 gap=-0.32 v=+0.25 w=-0.03 personLvl=0
[INFO] [1784731194.361820268] [yolo_navigator]: [STATUS] mode=FTG front=0.86 L=0.71 R=1.98 gap=-0.26 v=+0.27 w=+0.01 personLvl=0
[INFO] [1784731199.401678848] [yolo_navigator]: [STATUS] mode=FTG front=0.71 L=0.49 R=2.96 gap=-0.35 v=+0.23 w=-0.01 personLvl=0
[INFO] [1784731204.003389106] [yolo_navigator]: [ROTATE_OPEN] front=0.40 open=-1.24
[INFO] [1784731204.402160102] [yolo_navigator]: [STATUS] mode=ROTATE_OPEN front=0.39 L=0.36 R=3.08 gap=-0.35 v=+0.00 w=-1.00 personLvl=0
[INFO] [1784731204.757078065] [yolo_navigator]: [FTG] gap=-0.34 W=3.07
[INFO] [1784731209.452113430] [yolo_navigator]: [STATUS] mode=FTG front=10.00 L=0.59 R=2.57 gap=+0.31 v=+0.25 w=+0.07 personLvl=0
[INFO] [1784731214.509221490] [yolo_navigator]: [STATUS] mode=FTG front=10.00 L=0.88 R=2.21 gap=+0.37 v=+0.22 w=+0.03 personLvl=0
[INFO] [1784731219.653889485] [yolo_navigator]: [STATUS] mode=FTG front=10.00 L=0.91 R=1.37 gap=+0.20 v=+0.30 w=+0.49 personLvl=0
[INFO] [1784731224.602201956] [yolo_navigator]: [STATUS] mode=FTG front=0.88 L=0.69 R=1.03 gap=-0.58 v=+0.12 w=-0.23 personLvl=0
[INFO] [1784731229.611001776] [yolo_navigator]: [STATUS] mode=FTG front=0.56 L=0.43 R=1.05 gap=-0.33 v=+0.15 w=+0.01 personLvl=0
[INFO] [1784731232.200734802] [yolo_navigator]: [ROTATE_OPEN] front=0.40 open=-0.66
[INFO] [1784731233.001648127] [yolo_navigator]: [FTG] gap=-0.32 W=1.43
[INFO] [1784731234.652817910] [yolo_navigator]: [STATUS] mode=FTG front=10.00 L=0.38 R=0.99 gap=-0.02 v=+0.39 w=+0.17 personLvl=0
[INFO] [1784731236.501138076] [yolo_navigator]: [ROTATE_OPEN] front=0.38 open=-0.58
[INFO] [1784731237.351856190] [yolo_navigator]: [FTG] gap=-0.11 W=1.37
[INFO] [1784731239.654643063] [yolo_navigator]: [STATUS] mode=FTG front=10.00 L=0.39 R=0.78 gap=+0.04 v=+0.38 w=+0.00 personLvl=0
[INFO] [1784731244.701221070] [yolo_navigator]: [STATUS] mode=FTG front=10.00 L=0.54 R=0.41 gap=+0.50 v=+0.16 w=+0.08 personLvl=0
[INFO] [1784731249.701450076] [yolo_navigator]: [STATUS] mode=FTG front=10.00 L=0.89 R=0.43 gap=-0.32 v=+0.25 w=-0.09 personLvl=0
[INFO] [1784731254.701957153] [yolo_navigator]: [STATUS] mode=FTG front=10.00 L=1.54 R=0.84 gap=-0.29 v=+0.26 w=-0.03 personLvl=0
[INFO] [1784731259.739639866] [yolo_navigator]: [STATUS] mode=FTG front=10.00 L=1.71 R=1.97 gap=-0.99 v=+0.10 w=-0.80 personLvl=0
[INFO] [1784731264.752427031] [yolo_navigator]: [STATUS] mode=FTG front=10.00 L=1.34 R=1.48 gap=-0.32 v=+0.25 w=-0.04 personLvl=0
[INFO] [1784731269.801851354] [yolo_navigator]: [STATUS] mode=FTG front=10.00 L=0.96 R=1.10 gap=-0.58 v=+0.12 w=-0.32 personLvl=0
[INFO] [1784731274.827715716] [yolo_navigator]: [STATUS] mode=FTG front=0.88 L=0.64 R=0.97 gap=-0.44 v=+0.19 w=-0.13 personLvl=0
[INFO] [1784731279.883734672] [yolo_navigator]: [STATUS] mode=FTG front=0.53 L=0.42 R=3.65 gap=-0.35 v=+0.13 w=-0.01 personLvl=0
[INFO] [1784731282.701918834] [yolo_navigator]: [ROTATE_OPEN] front=0.40 open=-0.86
[INFO] [1784731283.503146990] [yolo_navigator]: [FTG] gap=-0.30 W=1.96
[INFO] [1784731284.852090186] [yolo_navigator]: [STATUS] mode=FTG front=10.00 L=0.41 R=0.96 gap=+0.05 v=+0.38 w=+0.26 personLvl=0
[INFO] [1784731289.901697738] [yolo_navigator]: [STATUS] mode=FTG front=10.00 L=0.57 R=3.28 gap=+0.08 v=+0.36 w=-0.28 personLvl=0
[INFO] [1784731289.951603118] [yolo_navigator]: [PERSON] level=1 h=121px
[INFO] [1784731294.901999360] [yolo_navigator]: [STATUS] mode=FTG front=10.00 L=0.79 R=2.79 gap=+0.09 v=+0.20 w=-0.19 personLvl=1
[INFO] [1784731299.952180667] [yolo_navigator]: [STATUS] mode=FTG front=10.00 L=1.01 R=2.37 gap=-0.08 v=+0.21 w=+0.34 personLvl=1
[INFO] [1784731305.001647711] [yolo_navigator]: [STATUS] mode=FTG front=10.00 L=1.14 R=1.96 gap=+0.14 v=+0.18 w=-0.14 personLvl=1
[INFO] [1784731310.003398133] [yolo_navigator]: [STATUS] mode=FTG front=10.00 L=1.26 R=1.59 gap=+0.10 v=+0.20 w=-0.25 personLvl=1
[INFO] [1784731313.767365170] [yolo_navigator]: [PERSON] level=0 h=0px
[INFO] [1784731313.851493079] [yolo_navigator]: [PERSON] level=1 h=188px
[INFO] [1784731315.051337229] [yolo_navigator]: [STATUS] mode=FTG front=10.00 L=1.52 R=1.27 gap=-0.13 v=+0.19 w=+0.29 personLvl=1
[INFO] [1784731318.002651975] [yolo_navigator]: [PERSON] level=2 h=203px
[INFO] [1784731320.102147346] [yolo_navigator]: [STATUS] mode=FTG front=10.00 L=1.60 R=1.12 gap=+0.19 v=+0.10 w=-0.14 personLvl=2
[INFO] [1784731325.151445630] [yolo_navigator]: [STATUS] mode=FTG front=10.00 L=1.73 R=1.08 gap=-0.17 v=+0.10 w=+0.25 personLvl=2
[INFO] [1784731330.214902933] [yolo_navigator]: [STATUS] mode=FTG front=10.00 L=1.79 R=1.26 gap=-0.20 v=+0.10 w=+0.20 personLvl=2
[INFO] [1784731335.251580345] [yolo_navigator]: [STATUS] mode=FTG front=10.00 L=1.84 R=1.46 gap=+0.16 v=+0.10 w=-0.13 personLvl=2
[INFO] [1784731340.302829067] [yolo_navigator]: [STATUS] mode=FTG front=10.00 L=1.99 R=1.53 gap=+0.28 v=+0.10 w=-0.04 personLvl=2
[INFO] [1784731345.352091555] [yolo_navigator]: [STATUS] mode=FTG front=10.00 L=2.11 R=1.65 gap=+0.31 v=+0.10 w=+0.01 personLvl=2
[INFO] [1784731348.202228878] [yolo_navigator]: [PERSON] level=0 h=0px
[INFO] [1784731350.368842000] [yolo_navigator]: [STATUS] mode=FTG front=10.00 L=2.11 R=2.01 gap=-0.33 v=+0.24 w=+0.08 personLvl=0
[INFO] [1784731355.402404677] [yolo_navigator]: [STATUS] mode=FTG front=10.00 L=2.30 R=2.13 gap=-0.42 v=+0.20 w=-0.05 personLvl=0
[INFO] [1784731360.451549206] [yolo_navigator]: [STATUS] mode=FTG front=10.00 L=2.48 R=1.61 gap=+0.49 v=+0.16 w=+0.25 personLvl=0
[INFO] [1784731365.452631560] [yolo_navigator]: [STATUS] mode=FTG front=10.00 L=2.38 R=1.15 gap=+0.31 v=+0.25 w=-0.00 personLvl=0
[INFO] [1784731370.564227214] [yolo_navigator]: [STATUS] mode=FTG front=10.00 L=2.43 R=0.77 gap=+0.32 v=+0.24 w=+0.02 personLvl=0
[INFO] [1784731375.502640458] [yolo_navigator]: [STATUS] mode=FTG front=10.00 L=2.46 R=2.74 gap=+0.33 v=+0.24 w=+0.01 personLvl=0
[INFO] [1784731380.503259918] [yolo_navigator]: [STATUS] mode=FTG front=10.00 L=2.19 R=2.47 gap=-0.53 v=+0.15 w=-0.61 personLvl=0
[INFO] [1784731385.551426065] [yolo_navigator]: [STATUS] mode=FTG front=10.00 L=1.70 R=1.88 gap=-0.60 v=+0.11 w=-0.48 personLvl=0
[INFO] [1784731390.559619575] [yolo_navigator]: [STATUS] mode=FTG front=10.00 L=1.31 R=1.47 gap=-0.36 v=+0.23 w=-0.09 personLvl=0
[INFO] [1784731395.602562210] [yolo_navigator]: [STATUS] mode=FTG front=1.10 L=0.90 R=1.51 gap=-0.93 v=+0.10 w=-0.99 personLvl=0
[INFO] [1784731400.651986955] [yolo_navigator]: [STATUS] mode=FTG front=0.71 L=0.59 R=1.70 gap=-0.44 v=+0.19 w=-0.16 personLvl=0
[INFO] [1784731405.651886982] [yolo_navigator]: [STATUS] mode=FTG front=0.46 L=0.40 R=2.79 gap=-0.35 v=+0.09 w=-0.02 personLvl=0
[INFO] [1784731407.400480155] [yolo_navigator]: [ROTATE_OPEN] front=0.39 open=-1.43
[INFO] [1784731408.252784706] [yolo_navigator]: [FTG] gap=-0.29 W=1.27
[INFO] [1784731410.652066762] [yolo_navigator]: [STATUS] mode=FTG front=10.00 L=0.38 R=1.53 gap=+0.05 v=+0.38 w=+0.05 personLvl=0
[INFO] [1784731415.672200587] [yolo_navigator]: [STATUS] mode=FTG front=10.00 L=0.79 R=1.32 gap=-0.19 v=+0.31 w=-0.01 personLvl=0
[INFO] [1784731420.702587706] [yolo_navigator]: [STATUS] mode=FTG front=10.00 L=1.46 R=1.46 gap=-0.28 v=+0.27 w=+0.00 personLvl=0
[INFO] [1784731425.750968723] [yolo_navigator]: [STATUS] mode=FTG front=10.00 L=2.08 R=2.30 gap=-0.21 v=+0.30 w=+0.03 personLvl=0
[INFO] [1784731430.752088010] [yolo_navigator]: [STATUS] mode=FTG front=10.00 L=1.85 R=2.47 gap=-0.00 v=+0.40 w=+0.26 personLvl=0
[INFO] [1784731435.801931820] [yolo_navigator]: [STATUS] mode=FTG front=10.00 L=1.40 R=3.17 gap=-0.42 v=+0.20 w=-0.17 personLvl=0
[INFO] [1784731440.851967355] [yolo_navigator]: [STATUS] mode=FTG front=10.00 L=1.07 R=2.72 gap=+0.08 v=+0.36 w=+0.37 personLvl=0
[INFO] [1784731445.900792962] [yolo_navigator]: [STATUS] mode=FTG front=0.90 L=0.69 R=2.31 gap=-0.51 v=+0.16 w=-0.22 personLvl=0
[INFO] [1784731450.928279987] [yolo_navigator]: [STATUS] mode=FTG front=0.59 L=0.44 R=1.93 gap=-0.35 v=+0.16 w=-0.01 personLvl=0
[INFO] [1784731454.550979488] [yolo_navigator]: [ROTATE_OPEN] front=0.40 open=-1.38
[INFO] [1784731455.351133822] [yolo_navigator]: [FTG] gap=-0.32 W=3.12
[INFO] [1784731455.952286745] [yolo_navigator]: [STATUS] mode=FTG front=10.00 L=0.38 R=1.79 gap=-0.07 v=+0.36 w=-0.21 personLvl=0
[INFO] [1784731461.002145947] [yolo_navigator]: [STATUS] mode=FTG front=10.00 L=0.61 R=1.14 gap=+0.35 v=+0.23 w=+0.03 personLvl=0
[INFO] [1784731466.073438833] [yolo_navigator]: [STATUS] mode=FTG front=10.00 L=0.77 R=0.68 gap=+0.40 v=+0.21 w=+0.01 personLvl=0
[INFO] [1784731471.220622010] [yolo_navigator]: [STATUS] mode=FTG front=10.00 L=0.88 R=0.38 gap=-0.42 v=+0.20 w=-0.00 personLvl=0
[INFO] [1784731476.210715820] [yolo_navigator]: [STATUS] mode=FTG front=10.00 L=1.03 R=1.82 gap=-0.44 v=+0.19 w=-0.05 personLvl=0
[INFO] [1784731481.251892536] [yolo_navigator]: [STATUS] mode=FTG front=1.15 L=1.18 R=1.32 gap=-0.43 v=+0.19 w=-0.08 personLvl=0
[INFO] [1784731486.377097660] [yolo_navigator]: [STATUS] mode=FTG front=0.81 L=0.80 R=2.92 gap=-0.43 v=+0.19 w=-0.09 personLvl=0
[INFO] [1784731491.352755932] [yolo_navigator]: [STATUS] mode=FTG front=0.41 L=0.46 R=2.53 gap=-0.36 v=+0.05 w=-0.03 personLvl=0
[INFO] [1784731491.801104802] [yolo_navigator]: [ROTATE_OPEN] front=0.40 open=-0.47
[INFO] [1784731492.809299262] [yolo_navigator]: [FTG] gap=-0.25 W=12.79
[INFO] [1784731494.901373233] [yolo_navigator]: [REVERSE] front=0.25 dir=-1
[INFO] [1784731495.251412252] [yolo_navigator]: [FTG] gap=-0.16 W=2.13
[INFO] [1784731496.402220057] [yolo_navigator]: [STATUS] mode=FTG front=10.00 L=2.04 R=3.04 gap=+0.02 v=+0.39 w=-0.43 personLvl=0
[INFO] [1784731501.436886506] [yolo_navigator]: [STATUS] mode=FTG front=10.00 L=1.58 R=2.52 gap=+0.34 v=+0.24 w=-0.02 personLvl=0
[INFO] [1784731506.451157394] [yolo_navigator]: [STATUS] mode=FTG front=10.00 L=1.50 R=2.21 gap=+0.36 v=+0.23 w=+0.00 personLvl=0
[INFO] [1784731511.451796923] [yolo_navigator]: [STATUS] mode=FTG front=10.00 L=1.32 R=1.93 gap=-0.12 v=+0.34 w=+0.19 personLvl=0
[INFO] [1784731516.501720006] [yolo_navigator]: [STATUS] mode=FTG front=10.00 L=1.53 R=1.21 gap=-0.09 v=+0.36 w=+0.25 personLvl=0
[INFO] [1784731521.586725283] [yolo_navigator]: [STATUS] mode=FTG front=10.00 L=4.86 R=0.70 gap=-0.15 v=+0.33 w=+0.17 personLvl=0
[INFO] [1784731526.601618718] [yolo_navigator]: [STATUS] mode=FTG front=10.00 L=4.72 R=0.64 gap=+0.15 v=+0.33 w=-0.27 personLvl=0
[INFO] [1784731531.650739665] [yolo_navigator]: [STATUS] mode=FTG front=10.00 L=4.60 R=3.49 gap=-0.18 v=+0.31 w=+0.14 personLvl=0
[INFO] [1784731536.676900262] [yolo_navigator]: [STATUS] mode=FTG front=10.00 L=4.49 R=3.11 gap=-0.24 v=+0.29 w=+0.08 personLvl=0
[INFO] [1784731541.701889798] [yolo_navigator]: [STATUS] mode=FTG front=10.00 L=3.25 R=2.78 gap=+0.37 v=+0.22 w=+0.02 personLvl=0
[INFO] [1784731546.701827209] [yolo_navigator]: [STATUS] mode=FTG front=10.00 L=4.27 R=2.45 gap=-0.34 v=+0.24 w=+0.10 personLvl=0
[INFO] [1784731551.751544370] [yolo_navigator]: [STATUS] mode=FTG front=10.00 L=2.07 R=2.29 gap=-0.43 v=+0.19 w=-0.04 personLvl=0
[INFO] [1784731556.802123215] [yolo_navigator]: [STATUS] mode=FTG front=10.00 L=1.59 R=1.91 gap=-0.40 v=+0.21 w=-0.03 personLvl=0
[INFO] [1784731561.850432880] [yolo_navigator]: [STATUS] mode=FTG front=10.00 L=1.24 R=2.05 gap=+0.06 v=+0.37 w=-0.38 personLvl=0
[INFO] [1784731566.853256928] [yolo_navigator]: [STATUS] mode=FTG front=10.00 L=0.80 R=1.72 gap=-0.45 v=+0.18 w=-0.28 personLvl=0
[INFO] [1784731571.900863972] [yolo_navigator]: [STATUS] mode=FTG front=10.00 L=0.40 R=2.33 gap=+0.24 v=+0.28 w=-0.21 personLvl=0
[INFO] [1784731576.902022482] [yolo_navigator]: [STATUS] mode=FTG front=10.00 L=0.51 R=2.47 gap=-0.20 v=+0.30 w=-0.01 personLvl=0
[INFO] [1784731581.902202993] [yolo_navigator]: [STATUS] mode=FTG front=10.00 L=0.77 R=1.87 gap=+0.72 v=+0.10 w=+0.63 personLvl=0
[INFO] [1784731586.901969078] [yolo_navigator]: [STATUS] mode=FTG front=10.00 L=2.06 R=1.71 gap=+0.91 v=+0.10 w=+0.47 personLvl=0
[INFO] [1784731591.952020312] [yolo_navigator]: [STATUS] mode=FTG front=10.00 L=0.34 R=1.72 gap=-0.16 v=+0.32 w=-0.60 personLvl=0
[INFO] [1784731597.001203940] [yolo_navigator]: [STATUS] mode=FTG front=10.00 L=0.93 R=1.16 gap=-0.19 v=+0.31 w=-0.00 personLvl=0
[INFO] [1784731602.068060179] [yolo_navigator]: [STATUS] mode=FTG front=10.00 L=2.26 R=1.07 gap=+0.25 v=+0.28 w=+0.15 personLvl=0
[INFO] [1784731607.102375004] [yolo_navigator]: [STATUS] mode=FTG front=10.00 L=1.52 R=1.94 gap=+0.18 v=+0.31 w=-0.06 personLvl=0
[INFO] [1784731612.161040713] [yolo_navigator]: [STATUS] mode=FTG front=0.89 L=0.84 R=1.06 gap=+0.26 v=+0.27 w=+0.02 personLvl=0
[INFO] [1784731617.101147432] [yolo_navigator]: [ROTATE_OPEN] front=0.39 open=+0.33
[INFO] [1784731617.202822444] [yolo_navigator]: [STATUS] mode=ROTATE_OPEN front=0.39 L=0.53 R=0.41 gap=+0.14 v=+0.00 w=+1.00 personLvl=0
[INFO] [1784731617.950260573] [yolo_navigator]: [FTG] gap=+0.02 W=1.61
[INFO] [1784731618.901343409] [yolo_navigator]: [ROTATE_OPEN] front=0.39 open=+1.31
[INFO] [1784731619.401477716] [yolo_navigator]: [REVERSE] front=0.32 dir=+1
[INFO] [1784731620.650558837] [yolo_navigator]: [FTG] gap=-0.57 W=3.48
[INFO] [1784731622.266581518] [yolo_navigator]: [STATUS] mode=FTG front=0.46 L=2.29 R=0.49 gap=+0.42 v=+0.07 w=+0.10 personLvl=0
[INFO] [1784731624.153726826] [yolo_navigator]: [ROTATE_OPEN] front=0.39 open=+0.91
[INFO] [1784731625.101335231] [yolo_navigator]: [FTG] gap=+0.28 W=2.54
[INFO] [1784731627.307547837] [yolo_navigator]: [STATUS] mode=FTG front=0.47 L=2.69 R=0.32 gap=+0.14 v=+0.13 w=+0.68 personLvl=0
[INFO] [1784731632.351217943] [yolo_navigator]: [STATUS] mode=FTG front=10.00 L=1.89 R=0.98 gap=+0.07 v=+0.36 w=-0.35 personLvl=0
[INFO] [1784731637.353033344] [yolo_navigator]: [STATUS] mode=FTG front=10.00 L=1.12 R=1.47 gap=-0.06 v=+0.37 w=+0.32 personLvl=0
[INFO] [1784731642.401286273] [yolo_navigator]: [STATUS] mode=FTG front=10.00 L=0.65 R=2.87 gap=+0.15 v=+0.33 w=-0.25 personLvl=0
[INFO] [1784731647.401339610] [yolo_navigator]: [STATUS] mode=FTG front=10.00 L=0.53 R=3.00 gap=+0.16 v=+0.32 w=-0.25 personLvl=0
[INFO] [1784731652.401921661] [yolo_navigator]: [STATUS] mode=FTG front=10.00 L=3.33 R=3.53 gap=-0.18 v=+0.31 w=+0.18 personLvl=0
[INFO] [1784731657.488103631] [yolo_navigator]: [STATUS] mode=FTG front=10.00 L=2.97 R=3.91 gap=+0.32 v=+0.25 w=-0.04 personLvl=0
[INFO] [1784731662.502271092] [yolo_navigator]: [STATUS] mode=FTG front=10.00 L=2.79 R=4.38 gap=+0.34 v=+0.24 w=+0.14 personLvl=0
[INFO] [1784731667.501860274] [yolo_navigator]: [STATUS] mode=FTG front=10.00 L=2.67 R=2.89 gap=+0.26 v=+0.28 w=+0.03 personLvl=0
[INFO] [1784731670.302214985] [yolo_navigator]: [PERSON] level=1 h=200px
[INFO] [1784731670.652755849] [yolo_navigator]: [PERSON] level=2 h=202px
[INFO] [1784731672.550876578] [yolo_navigator]: [STATUS] mode=FTG front=10.00 L=2.42 R=2.15 gap=-0.30 v=+0.10 w=-0.01 personLvl=2
[INFO] [1784731677.561724522] [yolo_navigator]: [STATUS] mode=FTG front=10.00 L=2.30 R=1.97 gap=-0.29 v=+0.10 w=-0.05 personLvl=2
[INFO] [1784731682.601770313] [yolo_navigator]: [STATUS] mode=FTG front=10.00 L=2.18 R=1.79 gap=-0.27 v=+0.10 w=-0.02 personLvl=2
[INFO] [1784731687.606657307] [yolo_navigator]: [STATUS] mode=FTG front=10.00 L=2.05 R=1.61 gap=-0.27 v=+0.10 w=-0.02 personLvl=2
[INFO] [1784731692.612897697] [yolo_navigator]: [STATUS] mode=FTG front=10.00 L=1.94 R=1.45 gap=-0.26 v=+0.10 w=-0.01 personLvl=2
[INFO] [1784731697.661989347] [yolo_navigator]: [STATUS] mode=FTG front=10.00 L=1.83 R=1.31 gap=-0.27 v=+0.10 w=-0.01 personLvl=2
[INFO] [1784731702.701291274] [yolo_navigator]: [STATUS] mode=FTG front=10.00 L=1.75 R=1.15 gap=+0.00 v=+0.10 w=-0.12 personLvl=2
[INFO] [1784731703.251739716] [yolo_navigator]: [PERSON] level=0 h=0px
[INFO] [1784731707.701897419] [yolo_navigator]: [STATUS] mode=FTG front=10.00 L=2.17 R=0.70 gap=+0.10 v=+0.35 w=+0.04 personLvl=0
[INFO] [1784731712.752705803] [yolo_navigator]: [STATUS] mode=FTG front=10.00 L=1.38 R=0.58 gap=+0.09 v=+0.36 w=+0.04 personLvl=0
[INFO] [1784731717.808695394] [yolo_navigator]: [STATUS] mode=FTG front=10.00 L=0.63 R=2.94 gap=+0.13 v=+0.34 w=+0.12 personLvl=0
[INFO] [1784731722.850662284] [yolo_navigator]: [STATUS] mode=FTG front=10.00 L=0.40 R=2.71 gap=+0.86 v=+0.10 w=+0.62 personLvl=0
[INFO] [1784731724.904134141] [yolo_navigator]: [WEDGE] open=+1.45
[INFO] [1784731727.100379532] [yolo_navigator]: [FTG] gap=-1.47 W=5.61
[INFO] [1784731727.870791159] [yolo_navigator]: [STATUS] mode=FTG front=10.00 L=2.96 R=2.35 gap=-1.36 v=+0.10 w=-1.32 personLvl=0
[INFO] [1784731730.451663707] [yolo_navigator]: [WEDGE] open=-1.34
[INFO] [1784731730.601759342] [yolo_navigator]: [FTG] gap=-1.45 W=1.01
[INFO] [1784731730.800823171] [yolo_navigator]: [WEDGE] open=-0.30
[INFO] [1784731732.151501492] [yolo_navigator]: [FTG] gap=+0.28 W=7.56
[INFO] [1784731732.901384923] [yolo_navigator]: [STATUS] mode=FTG front=10.00 L=2.67 R=1.86 gap=+0.34 v=+0.24 w=+0.65 personLvl=0
[INFO] [1784731733.501239744] [yolo_navigator]: [WEDGE] open=-0.23
[INFO] [1784731735.001183262] [yolo_navigator]: [FTG] gap=+0.13 W=7.85
[INFO] [1784731736.751463335] [yolo_navigator]: [WEDGE] open=-0.40
[INFO] [1784731737.850893671] [yolo_navigator]: [FTG] gap=-0.08 W=7.55
[INFO] [1784731737.931798940] [yolo_navigator]: [STATUS] mode=FTG front=10.00 L=2.11 R=1.20 gap=-0.08 v=+0.36 w=+0.13 personLvl=0
[INFO] [1784731742.952254544] [yolo_navigator]: [STATUS] mode=FTG front=10.00 L=1.62 R=0.62 gap=-0.35 v=+0.23 w=-0.16 personLvl=0
[INFO] [1784731747.967519025] [yolo_navigator]: [STATUS] mode=FTG front=10.00 L=1.41 R=0.54 gap=-0.25 v=+0.28 w=-0.16 personLvl=0
[INFO] [1784731753.001742507] [yolo_navigator]: [STATUS] mode=FTG front=10.00 L=1.48 R=0.46 gap=-0.39 v=+0.21 w=-0.30 personLvl=0
[INFO] [1784731758.054095662] [yolo_navigator]: [STATUS] mode=FTG front=10.00 L=1.99 R=1.04 gap=-0.18 v=+0.31 w=+0.01 personLvl=0
[INFO] [1784731763.101522456] [yolo_navigator]: [STATUS] mode=FTG front=10.00 L=2.43 R=2.57 gap=-0.41 v=+0.20 w=-0.23 personLvl=0
[INFO] [1784731768.151373375] [yolo_navigator]: [STATUS] mode=FTG front=10.00 L=2.20 R=2.04 gap=-0.45 v=+0.19 w=-0.10 personLvl=0
[INFO] [1784731773.230364557] [yolo_navigator]: [STATUS] mode=FTG front=10.00 L=1.82 R=2.45 gap=-0.45 v=+0.18 w=-0.08 personLvl=0
[INFO] [1784731778.251949993] [yolo_navigator]: [STATUS] mode=FTG front=10.00 L=1.42 R=2.30 gap=-0.34 v=+0.24 w=-0.08 personLvl=0
[INFO] [1784731783.301239565] [yolo_navigator]: [STATUS] mode=FTG front=10.00 L=1.01 R=1.77 gap=-0.36 v=+0.23 w=-0.03 personLvl=0
[INFO] [1784731788.302008743] [yolo_navigator]: [STATUS] mode=FTG front=0.80 L=0.65 R=1.46 gap=-0.53 v=+0.15 w=-0.24 personLvl=0
[INFO] [1784731793.301926747] [yolo_navigator]: [STATUS] mode=FTG front=0.59 L=0.44 R=1.22 gap=-0.35 v=+0.16 w=-0.01 personLvl=0
[INFO] [1784731796.952032088] [yolo_navigator]: [ROTATE_OPEN] front=0.40 open=-1.06
[INFO] [1784731797.700981547] [yolo_navigator]: [FTG] gap=-0.34 W=2.73
[INFO] [1784731798.351712710] [yolo_navigator]: [STATUS] mode=FTG front=1.01 L=0.38 R=1.13 gap=-0.09 v=+0.36 w=+0.03 personLvl=0
[INFO] [1784731801.901369338] [yolo_navigator]: [ROTATE_OPEN] front=0.39 open=-1.27
[INFO] [1784731802.701420879] [yolo_navigator]: [FTG] gap=-0.11 W=2.43
[INFO] [1784731803.401670136] [yolo_navigator]: [STATUS] mode=FTG front=10.00 L=0.32 R=0.93 gap=+0.17 v=+0.32 w=-0.51 personLvl=0
[INFO] [1784731808.451294482] [yolo_navigator]: [STATUS] mode=FTG front=10.00 L=0.56 R=0.78 gap=-0.43 v=+0.19 w=-0.07 personLvl=0
[INFO] [1784731813.451861533] [yolo_navigator]: [STATUS] mode=FTG front=10.00 L=1.11 R=0.78 gap=-0.41 v=+0.20 w=-0.07 personLvl=0
[INFO] [1784731818.451659069] [yolo_navigator]: [STATUS] mode=FTG front=1.08 L=1.03 R=3.22 gap=-0.38 v=+0.22 w=-0.02 personLvl=0
[INFO] [1784731823.452086656] [yolo_navigator]: [STATUS] mode=FTG front=0.56 L=0.58 R=2.72 gap=-0.36 v=+0.14 w=-0.03 personLvl=0
[INFO] [1784731826.701907256] [yolo_navigator]: [ROTATE_OPEN] front=0.40 open=-0.45
[INFO] [1784731827.600561660] [yolo_navigator]: [FTG] gap=-0.26 W=13.38
[INFO] [1784731828.502094984] [yolo_navigator]: [STATUS] mode=FTG front=10.00 L=0.46 R=3.21 gap=-0.02 v=+0.39 w=+0.36 personLvl=0
[INFO] [1784731829.152039862] [yolo_navigator]: [ROTATE_OPEN] front=0.39 open=-0.16
[INFO] [1784731829.550290951] [yolo_navigator]: [REVERSE] front=0.28 dir=-1
[INFO] [1784731830.501243778] [yolo_navigator]: [FTG] gap=-0.05 W=2.01
[INFO] [1784731832.951578595] [yolo_navigator]: [PERSON] level=1 h=129px
[INFO] [1784731833.628340433] [yolo_navigator]: [STATUS] mode=FTG front=10.00 L=2.09 R=1.33 gap=-0.07 v=+0.22 w=-0.48 personLvl=1
[INFO] [1784731835.453597403] [yolo_navigator]: [PERSON] level=0 h=0px
[INFO] [1784731836.741093312] [yolo_navigator]: [PERSON] level=1 h=142px
[INFO] [1784731838.651678918] [yolo_navigator]: [STATUS] mode=FTG front=10.00 L=2.02 R=2.22 gap=-0.07 v=+0.21 w=+0.24 personLvl=1
[INFO] [1784731843.680845493] [yolo_navigator]: [STATUS] mode=FTG front=10.00 L=2.72 R=1.73 gap=+0.08 v=+0.21 w=-0.36 personLvl=1
[INFO] [1784731848.702525244] [yolo_navigator]: [STATUS] mode=FTG front=10.00 L=2.58 R=1.37 gap=-0.12 v=+0.19 w=+0.13 personLvl=1
[INFO] [1784731853.751881714] [yolo_navigator]: [STATUS] mode=FTG front=10.00 L=2.22 R=1.05 gap=-0.12 v=+0.19 w=+0.09 personLvl=1
[INFO] [1784731854.203041246] [yolo_navigator]: [PERSON] level=0 h=0px
[INFO] [1784731854.910482044] [yolo_navigator]: [PERSON] level=2 h=204px
[INFO] [1784731857.164537581] [yolo_navigator]: [PERSON] level=0 h=0px
[INFO] [1784731858.801603666] [yolo_navigator]: [STATUS] mode=FTG front=10.00 L=1.91 R=0.72 gap=-0.12 v=+0.34 w=+0.02 personLvl=0
[INFO] [1784731863.801756491] [yolo_navigator]: [STATUS] mode=FTG front=10.00 L=1.59 R=0.46 gap=-0.38 v=+0.22 w=-0.38 personLvl=0
[INFO] [1784731868.851128529] [yolo_navigator]: [STATUS] mode=FTG front=10.00 L=1.87 R=0.76 gap=+0.19 v=+0.31 w=+0.03 personLvl=0
[INFO] [1784731873.869397451] [yolo_navigator]: [STATUS] mode=FTG front=10.00 L=2.03 R=1.28 gap=+0.13 v=+0.34 w=-0.04 personLvl=0
[INFO] [1784731878.902353239] [yolo_navigator]: [STATUS] mode=FTG front=10.00 L=1.71 R=3.20 gap=+0.45 v=+0.18 w=+0.04 personLvl=0
[INFO] [1784731883.951997790] [yolo_navigator]: [STATUS] mode=FTG front=10.00 L=1.41 R=2.87 gap=+0.59 v=+0.12 w=+0.23 personLvl=0
[INFO] [1784731888.971956518] [yolo_navigator]: [STATUS] mode=FTG front=10.00 L=1.22 R=2.62 gap=-0.15 v=+0.33 w=-0.42 personLvl=0
[INFO] [1784731894.001801346] [yolo_navigator]: [STATUS] mode=FTG front=10.00 L=1.34 R=2.24 gap=+0.56 v=+0.13 w=+0.32 personLvl=0
[INFO] [1784731899.018810088] [yolo_navigator]: [STATUS] mode=FTG front=10.00 L=3.94 R=1.90 gap=-0.01 v=+0.40 w=-0.28 personLvl=0
[INFO] [1784731904.052337011] [yolo_navigator]: [STATUS] mode=FTG front=10.00 L=3.83 R=1.47 gap=+0.34 v=+0.24 w=+0.08 personLvl=0
[INFO] [1784731909.100940166] [yolo_navigator]: [STATUS] mode=FTG front=10.00 L=3.61 R=1.06 gap=-0.08 v=+0.36 w=-0.37 personLvl=0
[INFO] [1784731914.102109166] [yolo_navigator]: [STATUS] mode=FTG front=0.80 L=1.91 R=0.67 gap=+0.58 v=+0.12 w=+0.31 personLvl=0
[INFO] [1784731919.101497245] [yolo_navigator]: [STATUS] mode=FTG front=0.64 L=3.23 R=0.47 gap=+0.35 v=+0.19 w=+0.01 personLvl=0
[INFO] [1784731923.250449759] [yolo_navigator]: [ROTATE_OPEN] front=0.39 open=+1.03
[INFO] [1784731924.052708438] [yolo_navigator]: [FTG] gap=+0.34 W=3.20
[INFO] [1784731924.101380604] [yolo_navigator]: [STATUS] mode=FTG front=0.43 L=3.12 R=0.36 gap=+0.30 v=+0.07 w=+0.30 personLvl=0
[INFO] [1784731925.901714092] [yolo_navigator]: [PERSON] level=1 h=164px
[INFO] [1784731929.103471549] [yolo_navigator]: [STATUS] mode=FTG front=10.00 L=2.63 R=0.52 gap=-0.08 v=+0.21 w=+0.22 personLvl=1
[INFO] [1784731934.172221907] [yolo_navigator]: [STATUS] mode=FTG front=10.00 L=2.29 R=0.60 gap=-0.09 v=+0.21 w=+0.18 personLvl=1
[INFO] [1784731934.712645810] [yolo_navigator]: [PERSON] level=2 h=203px
[INFO] [1784731939.151479919] [yolo_navigator]: [STATUS] mode=FTG front=10.00 L=2.10 R=0.64 gap=-0.11 v=+0.10 w=+0.18 personLvl=2
[INFO] [1784731944.201841141] [yolo_navigator]: [STATUS] mode=FTG front=10.00 L=2.00 R=0.70 gap=+0.09 v=+0.10 w=-0.30 personLvl=2
[INFO] [1784731949.201996175] [yolo_navigator]: [STATUS] mode=FTG front=10.00 L=1.92 R=0.72 gap=-0.14 v=+0.10 w=+0.15 personLvl=2
[INFO] [1784731954.702414336] [yolo_navigator]: [STATUS] mode=FTG front=10.00 L=1.86 R=0.74 gap=-0.11 v=+0.10 w=+0.19 personLvl=2
[INFO] [1784731959.301953122] [yolo_navigator]: [STATUS] mode=FTG front=10.00 L=1.85 R=0.79 gap=-0.17 v=+0.10 w=+0.14 personLvl=2
[INFO] [1784731964.352318392] [yolo_navigator]: [STATUS] mode=FTG front=10.00 L=1.95 R=0.83 gap=+0.16 v=+0.10 w=-0.24 personLvl=2
[INFO] [1784731969.426516687] [yolo_navigator]: [STATUS] mode=FTG front=10.00 L=2.13 R=0.86 gap=-0.14 v=+0.10 w=-0.32 personLvl=2
[INFO] [1784731972.152437469] [yolo_navigator]: [PERSON] level=0 h=0px
[INFO] [1784731974.451299168] [yolo_navigator]: [STATUS] mode=FTG front=10.00 L=2.50 R=0.80 gap=+0.09 v=+0.36 w=+0.05 personLvl=0
[INFO] [1784731979.519169165] [yolo_navigator]: [STATUS] mode=FTG front=10.00 L=1.68 R=0.77 gap=+0.10 v=+0.35 w=+0.00 personLvl=0
[INFO] [1784731984.552138578] [yolo_navigator]: [STATUS] mode=FTG front=10.00 L=0.92 R=0.80 gap=+0.12 v=+0.34 w=+0.06 personLvl=0
[INFO] [1784731989.601036187] [yolo_navigator]: [STATUS] mode=FTG front=10.00 L=0.45 R=0.96 gap=+0.03 v=+0.39 w=-0.00 personLvl=0
[INFO] [1784731994.602242848] [yolo_navigator]: [STATUS] mode=FTG front=10.00 L=1.99 R=1.07 gap=+0.39 v=+0.21 w=+0.17 personLvl=0
[INFO] [1784731999.651936850] [yolo_navigator]: [STATUS] mode=FTG front=10.00 L=1.59 R=1.28 gap=+0.26 v=+0.28 w=+0.04 personLvl=0
[INFO] [1784732004.703996262] [yolo_navigator]: [STATUS] mode=FTG front=10.00 L=1.31 R=1.57 gap=+0.26 v=+0.27 w=+0.09 personLvl=0
[INFO] [1784732006.301017385] [yolo_navigator]: [WEDGE] open=+0.66
[INFO] [1784732006.650511984] [yolo_navigator]: [FTG] gap=+0.54 W=0.56
[INFO] [1784732006.801550947] [yolo_navigator]: [WEDGE] open=+1.41
[INFO] [1784732006.851446001] [yolo_navigator]: [FTG] gap=+0.51 W=0.56
[INFO] [1784732006.950711219] [yolo_navigator]: [WEDGE] open=+1.38
[INFO] [1784732007.352877590] [yolo_navigator]: [FTG] gap=+1.47 W=9.18
[INFO] [1784732009.752398860] [yolo_navigator]: [STATUS] mode=FTG front=1.11 L=1.02 R=1.30 gap=-0.47 v=+0.18 w=-0.84 personLvl=0
[INFO] [1784732010.700663740] [yolo_navigator]: [WEDGE] open=+1.45
[INFO] [1784732011.101618253] [yolo_navigator]: [FTG] gap=+0.68 W=2.86
[INFO] [1784732011.401563334] [yolo_navigator]: [WEDGE] open=+0.44
[INFO] [1784732012.101517667] [yolo_navigator]: [FTG] gap=-0.20 W=3.62
[INFO] [1784732013.904257656] [yolo_navigator]: [WEDGE] open=+0.33
[INFO] [1784732014.801029794] [yolo_navigator]: [STATUS] mode=WEDGE front=1.17 L=0.66 R=0.95 gap=+0.00 v=+0.40 w=+0.69 personLvl=0
[INFO] [1784732014.850694437] [yolo_navigator]: [FTG] gap=+0.45 W=0.46
[INFO] [1784732019.801984479] [yolo_navigator]: [STATUS] mode=FTG front=0.80 L=0.37 R=0.57 gap=+0.40 v=+0.21 w=+0.08 personLvl=0
[INFO] [1784732024.852047687] [yolo_navigator]: [STATUS] mode=FTG front=0.44 L=0.80 R=0.38 gap=+0.35 v=+0.08 w=+0.01 personLvl=0
[INFO] [1784732026.250999623] [yolo_navigator]: [ROTATE_OPEN] front=0.40 open=+0.99
[INFO] [1784732027.001014987] [yolo_navigator]: [FTG] gap=+0.32 W=1.94
[INFO] [1784732029.715360274] [yolo_navigator]: [ROTATE_OPEN] front=0.38 open=+0.96
[INFO] [1784732029.901061877] [yolo_navigator]: [STATUS] mode=ROTATE_OPEN front=0.35 L=0.94 R=0.30 gap=+0.21 v=+0.00 w=+1.00 personLvl=0
[INFO] [1784732030.601315602] [yolo_navigator]: [FTG] gap=+0.14 W=3.03
[INFO] [1784732034.908286486] [yolo_navigator]: [STATUS] mode=FTG front=10.00 L=0.80 R=0.52 gap=-0.15 v=+0.33 w=+0.00 personLvl=0
[INFO] [1784732039.951960748] [yolo_navigator]: [STATUS] mode=FTG front=10.00 L=2.59 R=0.73 gap=-0.19 v=+0.31 w=+0.01 personLvl=0
[INFO] [1784732045.001030880] [yolo_navigator]: [STATUS] mode=FTG front=10.00 L=2.17 R=0.91 gap=-0.20 v=+0.30 w=-0.01 personLvl=0
[INFO] [1784732050.002132647] [yolo_navigator]: [STATUS] mode=FTG front=10.00 L=2.25 R=0.99 gap=+0.06 v=+0.37 w=-0.01 personLvl=0
[INFO] [1784732055.051438430] [yolo_navigator]: [STATUS] mode=FTG front=10.00 L=1.60 R=1.04 gap=+0.11 v=+0.35 w=-0.01 personLvl=0
[INFO] [1784732060.110293288] [yolo_navigator]: [STATUS] mode=FTG front=10.00 L=1.10 R=1.12 gap=+0.26 v=+0.27 w=+0.04 personLvl=0
[INFO] [1784732065.152113068] [yolo_navigator]: [STATUS] mode=FTG front=10.00 L=0.77 R=1.20 gap=+0.45 v=+0.18 w=+0.19 personLvl=0
[INFO] [1784732070.202034405] [yolo_navigator]: [STATUS] mode=FTG front=10.00 L=0.97 R=1.41 gap=+0.35 v=+0.23 w=+0.05 personLvl=0
[INFO] [1784732075.257584693] [yolo_navigator]: [STATUS] mode=FTG front=10.00 L=1.42 R=1.63 gap=+0.07 v=+0.37 w=-0.13 personLvl=0
[INFO] [1784732080.302179478] [yolo_navigator]: [STATUS] mode=FTG front=10.00 L=1.37 R=1.36 gap=+0.39 v=+0.21 w=+0.13 personLvl=0
[INFO] [1784732085.303099104] [yolo_navigator]: [STATUS] mode=FTG front=10.00 L=1.32 R=1.03 gap=+0.39 v=+0.21 w=+0.06 personLvl=0
[INFO] [1784732090.323875389] [yolo_navigator]: [STATUS] mode=FTG front=0.86 L=2.37 R=0.66 gap=+0.28 v=+0.27 w=+0.03 personLvl=0
[INFO] [1784732095.203503316] [yolo_navigator]: [ROTATE_OPEN] front=0.40 open=+0.94
[INFO] [1784732095.352610024] [yolo_navigator]: [STATUS] mode=ROTATE_OPEN front=0.39 L=2.13 R=0.38 gap=+0.42 v=+0.00 w=+1.00 personLvl=0
[INFO] [1784732095.452014360] [yolo_navigator]: [FTG] gap=+0.39 W=2.19
[INFO] [1784732100.400493177] [yolo_navigator]: [STATUS] mode=FTG front=0.45 L=1.94 R=0.54 gap=+0.37 v=+0.07 w=+0.03 personLvl=0
[INFO] [1784732101.851418067] [yolo_navigator]: [ROTATE_OPEN] front=0.40 open=+0.89
[INFO] [1784732103.651077692] [yolo_navigator]: [FTG] gap=+0.02 W=6.26
[INFO] [1784732105.401713365] [yolo_navigator]: [STATUS] mode=FTG front=10.00 L=2.18 R=0.37 gap=-0.04 v=+0.38 w=+0.28 personLvl=0
[INFO] [1784732110.402055667] [yolo_navigator]: [STATUS] mode=FTG front=10.00 L=1.80 R=1.95 gap=+0.45 v=+0.19 w=+0.85 personLvl=0
[INFO] [1784732115.452438046] [yolo_navigator]: [STATUS] mode=FTG front=10.00 L=1.31 R=1.66 gap=-0.22 v=+0.29 w=-0.02 personLvl=0
[INFO] [1784732120.501228912] [yolo_navigator]: [STATUS] mode=FTG front=10.00 L=0.82 R=1.37 gap=-0.23 v=+0.29 w=-0.02 personLvl=0
[INFO] [1784732125.502054233] [yolo_navigator]: [STATUS] mode=FTG front=10.00 L=1.24 R=1.08 gap=-0.24 v=+0.28 w=-0.03 personLvl=0
[INFO] [1784732130.552305136] [yolo_navigator]: [STATUS] mode=FTG front=10.00 L=1.48 R=0.96 gap=+0.19 v=+0.31 w=-0.07 personLvl=0
[INFO] [1784732135.601909668] [yolo_navigator]: [STATUS] mode=FTG front=10.00 L=1.16 R=1.74 gap=+0.27 v=+0.27 w=+0.05 personLvl=0
[INFO] [1784732140.651796090] [yolo_navigator]: [STATUS] mode=FTG front=10.00 L=1.01 R=2.80 gap=+0.18 v=+0.32 w=+0.00 personLvl=0
[INFO] [1784732145.652113982] [yolo_navigator]: [STATUS] mode=FTG front=10.00 L=0.70 R=2.18 gap=-0.16 v=+0.32 w=-0.02 personLvl=0
[INFO] [1784732150.666955939] [yolo_navigator]: [STATUS] mode=FTG front=10.00 L=2.56 R=1.65 gap=-0.19 v=+0.31 w=-0.05 personLvl=0
[INFO] [1784732155.714766792] [yolo_navigator]: [STATUS] mode=FTG front=10.00 L=2.63 R=1.18 gap=-0.53 v=+0.15 w=-0.56 personLvl=0
[INFO] [1784732160.751782646] [yolo_navigator]: [STATUS] mode=FTG front=10.00 L=2.33 R=0.72 gap=-0.75 v=+0.10 w=-0.45 personLvl=0
[INFO] [1784732162.600260243] [yolo_navigator]: [WEDGE] open=-0.45
[INFO] [1784732162.701322369] [yolo_navigator]: [FTG] gap=-0.56 W=6.93
[INFO] [1784732162.800662159] [yolo_navigator]: [WEDGE] open=-0.44
[INFO] [1784732163.401548425] [yolo_navigator]: [FTG] gap=+1.34 W=1.94
[INFO] [1784732164.151368722] [yolo_navigator]: [WEDGE] open=-0.26
[INFO] [1784732164.351280163] [yolo_navigator]: [FTG] gap=+1.44 W=1.89
[INFO] [1784732165.752607849] [yolo_navigator]: [STATUS] mode=FTG front=10.00 L=2.24 R=0.66 gap=-0.69 v=+0.10 w=-0.39 personLvl=0
[INFO] [1784732170.812855327] [yolo_navigator]: [STATUS] mode=FTG front=10.00 L=3.10 R=0.62 gap=-0.41 v=+0.20 w=-0.03 personLvl=0
[INFO] [1784732175.852363627] [yolo_navigator]: [STATUS] mode=FTG front=10.00 L=2.73 R=0.66 gap=-0.58 v=+0.12 w=-0.35 personLvl=0
[INFO] [1784732180.906147647] [yolo_navigator]: [STATUS] mode=FTG front=10.00 L=2.44 R=0.65 gap=+0.14 v=+0.33 w=+0.42 personLvl=0
[INFO] [1784732185.951141937] [yolo_navigator]: [STATUS] mode=FTG front=10.00 L=2.01 R=4.15 gap=-0.63 v=+0.10 w=-0.40 personLvl=0
[INFO] [1784732190.951867193] [yolo_navigator]: [STATUS] mode=FTG front=10.00 L=1.60 R=4.04 gap=-0.04 v=+0.38 w=+0.22 personLvl=0
[INFO] [1784732196.001683955] [yolo_navigator]: [STATUS] mode=FTG front=10.00 L=1.19 R=3.77 gap=-0.32 v=+0.25 w=-0.03 personLvl=0
[INFO] [1784732201.056257109] [yolo_navigator]: [STATUS] mode=FTG front=10.00 L=0.86 R=3.49 gap=-0.03 v=+0.38 w=+0.27 personLvl=0
[INFO] [1784732206.057803420] [yolo_navigator]: [STATUS] mode=FTG front=0.81 L=0.54 R=3.45 gap=-0.35 v=+0.23 w=-0.01 personLvl=0
[INFO] [1784732211.100858406] [yolo_navigator]: [STATUS] mode=FTG front=0.43 L=0.37 R=3.35 gap=-0.35 v=+0.06 w=-0.01 personLvl=0
[INFO] [1784732212.051435966] [yolo_navigator]: [ROTATE_OPEN] front=0.40 open=-1.27
[INFO] [1784732212.801562037] [yolo_navigator]: [FTG] gap=-0.34 W=2.75
[INFO] [1784732216.101685709] [yolo_navigator]: [STATUS] mode=FTG front=10.00 L=0.66 R=2.95 gap=+0.41 v=+0.20 w=+0.29 personLvl=0
[INFO] [1784732221.101663881] [yolo_navigator]: [STATUS] mode=FTG front=10.00 L=0.92 R=2.47 gap=+0.20 v=+0.31 w=-0.20 personLvl=0
[INFO] [1784732226.150957816] [yolo_navigator]: [STATUS] mode=FTG front=10.00 L=1.11 R=2.06 gap=+0.28 v=+0.26 w=+0.04 personLvl=0
[INFO] [1784732231.152054961] [yolo_navigator]: [STATUS] mode=FTG front=10.00 L=1.24 R=1.95 gap=+0.26 v=+0.28 w=+0.01 personLvl=0
[INFO] [1784732236.201886426] [yolo_navigator]: [STATUS] mode=FTG front=10.00 L=1.42 R=2.55 gap=+0.15 v=+0.33 w=+0.23 personLvl=0
[INFO] [1784732241.209845168] [yolo_navigator]: [STATUS] mode=FTG front=10.00 L=1.33 R=1.44 gap=-0.05 v=+0.38 w=-0.02 personLvl=0
[INFO] [1784732246.252170086] [yolo_navigator]: [STATUS] mode=FTG front=10.00 L=1.29 R=0.71 gap=-0.08 v=+0.36 w=-0.05 personLvl=0
[INFO] [1784732251.300676228] [yolo_navigator]: [STATUS] mode=FTG front=10.00 L=1.35 R=0.58 gap=-0.31 v=+0.25 w=-0.21 personLvl=0
[INFO] [1784732256.351012766] [yolo_navigator]: [STATUS] mode=FTG front=10.00 L=1.94 R=1.07 gap=-0.19 v=+0.31 w=-0.00 personLvl=0
[INFO] [1784732261.351102538] [yolo_navigator]: [STATUS] mode=FTG front=10.00 L=2.51 R=2.34 gap=-0.31 v=+0.25 w=-0.11 personLvl=0
[INFO] [1784732266.351802319] [yolo_navigator]: [STATUS] mode=FTG front=10.00 L=2.15 R=2.03 gap=+0.03 v=+0.38 w=+0.30 personLvl=0
[INFO] [1784732271.401366295] [yolo_navigator]: [STATUS] mode=FTG front=10.00 L=1.66 R=2.65 gap=-0.57 v=+0.12 w=-0.24 personLvl=0
[INFO] [1784732276.401779057] [yolo_navigator]: [STATUS] mode=FTG front=10.00 L=1.27 R=2.18 gap=-0.34 v=+0.24 w=-0.06 personLvl=0
[INFO] [1784732281.453670854] [yolo_navigator]: [STATUS] mode=FTG front=1.17 L=0.88 R=1.73 gap=-0.54 v=+0.14 w=-0.27 personLvl=0
[INFO] [1784732286.509547151] [yolo_navigator]: [STATUS] mode=FTG front=0.75 L=0.53 R=1.39 gap=-0.37 v=+0.22 w=-0.04 personLvl=0
[INFO] [1784732291.451095013] [yolo_navigator]: [ROTATE_OPEN] front=0.40 open=-1.45
[INFO] [1784732291.501696880] [yolo_navigator]: [STATUS] mode=ROTATE_OPEN front=0.40 L=0.36 R=1.22 gap=-0.35 v=+0.00 w=-0.71 personLvl=0
[INFO] [1784732292.250877128] [yolo_navigator]: [FTG] gap=-0.32 W=3.02
[INFO] [1784732296.502997242] [yolo_navigator]: [STATUS] mode=FTG front=0.43 L=0.30 R=0.96 gap=-0.14 v=+0.10 w=+0.00 personLvl=0
[INFO] [1784732296.601021378] [yolo_navigator]: [ROTATE_OPEN] front=0.40 open=-1.31
[INFO] [1784732297.451229791] [yolo_navigator]: [FTG] gap=-0.07 W=2.36
[INFO] [1784732301.551790051] [yolo_navigator]: [STATUS] mode=FTG front=10.00 L=0.49 R=0.81 gap=+0.40 v=+0.21 w=+0.02 personLvl=0
[INFO] [1784732306.601985689] [yolo_navigator]: [STATUS] mode=FTG front=10.00 L=0.61 R=1.49 gap=+0.57 v=+0.13 w=+0.16 personLvl=0
[INFO] [1784732311.651602343] [yolo_navigator]: [STATUS] mode=FTG front=0.99 L=0.63 R=1.02 gap=+0.48 v=+0.17 w=+0.03 personLvl=0
[INFO] [1784732316.653070691] [yolo_navigator]: [STATUS] mode=FTG front=0.57 L=0.64 R=0.60 gap=+0.56 v=+0.08 w=+0.09 personLvl=0
[INFO] [1784732317.002080689] [yolo_navigator]: [WEDGE] open=-1.45
[INFO] [1784732319.001684172] [yolo_navigator]: [FTG] gap=+0.69 W=1.61
[INFO] [1784732319.800506927] [yolo_navigator]: [WEDGE] open=-1.45
[INFO] [1784732320.601295504] [yolo_navigator]: [FTG] gap=+0.78 W=1.39
[INFO] [1784732321.701661284] [yolo_navigator]: [STATUS] mode=FTG front=0.42 L=0.45 R=0.50 gap=-1.20 v=+0.03 w=-1.00 personLvl=0
[INFO] [1784732322.401104201] [yolo_navigator]: [ROTATE_OPEN] front=0.39 open=-1.08
[INFO] [1784732323.201677228] [yolo_navigator]: [FTG] gap=-0.69 W=3.20
[INFO] [1784732326.701722949] [yolo_navigator]: [STATUS] mode=FTG front=0.43 L=0.40 R=1.62 gap=-0.28 v=+0.08 w=+0.01 personLvl=0
[INFO] [1784732327.350919705] [yolo_navigator]: [ROTATE_OPEN] front=0.39 open=-0.30
[INFO] [1784732328.251178833] [yolo_navigator]: [FTG] gap=-0.23 W=3.08
[INFO] [1784732331.701863628] [yolo_navigator]: [STATUS] mode=FTG front=10.00 L=0.42 R=1.38 gap=+0.15 v=+0.33 w=-0.25 personLvl=0
[INFO] [1784732336.788069524] [yolo_navigator]: [STATUS] mode=FTG front=10.00 L=2.05 R=2.81 gap=-0.18 v=+0.31 w=+0.23 personLvl=0
[INFO] [1784732341.802299853] [yolo_navigator]: [STATUS] mode=FTG front=10.00 L=1.55 R=2.32 gap=+0.17 v=+0.32 w=-0.25 personLvl=0
[INFO] [1784732347.042936907] [yolo_navigator]: [STATUS] mode=FTG front=10.00 L=1.71 R=2.04 gap=+0.36 v=+0.23 w=-0.04 personLvl=0
[INFO] [1784732351.927656272] [yolo_navigator]: [STATUS] mode=FTG front=10.00 L=2.08 R=1.81 gap=+0.62 v=+0.10 w=+0.34 personLvl=0
[INFO] [1784732356.951104940] [yolo_navigator]: [STATUS] mode=FTG front=10.00 L=2.03 R=1.29 gap=+0.35 v=+0.23 w=+0.00 personLvl=0
[INFO] [1784732361.952144578] [yolo_navigator]: [STATUS] mode=FTG front=0.73 L=2.22 R=0.75 gap=+0.35 v=+0.23 w=+0.00 personLvl=0
[INFO] [1784732366.463859194] [yolo_navigator]: [ROTATE_OPEN] front=0.39 open=+0.40
[INFO] [1784732367.001357424] [yolo_navigator]: [STATUS] mode=ROTATE_OPEN front=0.38 L=2.31 R=0.44 gap=+0.35 v=+0.00 w=+1.00 personLvl=0
[INFO] [1784732367.451657971] [yolo_navigator]: [FTG] gap=+0.22 W=6.69
[INFO] [1784732369.350920637] [yolo_navigator]: [ROTATE_OPEN] front=0.40 open=+0.07
[INFO] [1784732369.651275633] [yolo_navigator]: [REVERSE] front=0.30 dir=+1
[INFO] [1784732370.351510318] [yolo_navigator]: [FTG] gap=-0.03 W=6.32
[INFO] [1784732372.013970664] [yolo_navigator]: [STATUS] mode=FTG front=10.00 L=1.93 R=0.53 gap=-0.30 v=+0.25 w=+0.06 personLvl=0
[INFO] [1784732377.060930586] [yolo_navigator]: [STATUS] mode=FTG front=10.00 L=1.42 R=5.22 gap=-0.36 v=+0.23 w=-0.00 personLvl=0
[INFO] [1784732382.051974564] [yolo_navigator]: [STATUS] mode=FTG front=10.00 L=1.12 R=5.24 gap=+0.32 v=+0.25 w=-0.02 personLvl=0
[INFO] [1784732387.058686983] [yolo_navigator]: [STATUS] mode=FTG front=10.00 L=1.66 R=5.08 gap=+0.38 v=+0.22 w=+0.04 personLvl=0
[INFO] [1784732392.101776490] [yolo_navigator]: [STATUS] mode=FTG front=10.00 L=2.89 R=4.18 gap=+0.39 v=+0.21 w=+0.07 personLvl=0
[INFO] [1784732397.151182531] [yolo_navigator]: [STATUS] mode=FTG front=10.00 L=2.44 R=4.55 gap=-0.68 v=+0.10 w=-0.33 personLvl=0
[INFO] [1784732402.157472529] [yolo_navigator]: [STATUS] mode=FTG front=10.00 L=1.92 R=3.25 gap=-0.36 v=+0.23 w=+0.01 personLvl=0
[INFO] [1784732407.202448446] [yolo_navigator]: [STATUS] mode=FTG front=10.00 L=1.48 R=3.56 gap=-0.67 v=+0.10 w=-0.22 personLvl=0
[INFO] [1784732412.225105709] [yolo_navigator]: [STATUS] mode=FTG front=10.00 L=1.09 R=3.39 gap=+0.23 v=+0.29 w=+0.53 personLvl=0
[INFO] [1784732417.251795889] [yolo_navigator]: [STATUS] mode=FTG front=0.88 L=0.74 R=2.50 gap=-0.56 v=+0.13 w=-0.29 personLvl=0
[INFO] [1784732422.252500683] [yolo_navigator]: [STATUS] mode=FTG front=0.72 L=0.51 R=3.36 gap=-0.35 v=+0.23 w=-0.01 personLvl=0
[INFO] [1784732427.301474849] [yolo_navigator]: [STATUS] mode=FTG front=10.00 L=0.42 R=3.13 gap=+0.02 v=+0.39 w=-0.06 personLvl=0
[INFO] [1784732432.301818756] [yolo_navigator]: [STATUS] mode=FTG front=10.00 L=0.83 R=2.49 gap=+0.15 v=+0.33 w=+0.03 personLvl=0
[INFO] [1784732437.352089630] [yolo_navigator]: [STATUS] mode=FTG front=10.00 L=0.87 R=1.93 gap=+0.18 v=+0.32 w=-0.03 personLvl=0
[INFO] [1784732442.351316146] [yolo_navigator]: [STATUS] mode=FTG front=10.00 L=1.05 R=1.42 gap=+0.20 v=+0.30 w=+0.02 personLvl=0
[INFO] [1784732447.363200246] [yolo_navigator]: [STATUS] mode=FTG front=10.00 L=1.19 R=1.66 gap=+0.06 v=+0.37 w=+0.13 personLvl=0
[INFO] [1784732452.401422284] [yolo_navigator]: [STATUS] mode=FTG front=10.00 L=1.20 R=1.82 gap=-0.09 v=+0.36 w=-0.05 personLvl=0
[INFO] [1784732457.452199699] [yolo_navigator]: [STATUS] mode=FTG front=10.00 L=1.27 R=1.10 gap=-0.16 v=+0.32 w=-0.06 personLvl=0
[INFO] [1784732462.451842386] [yolo_navigator]: [STATUS] mode=FTG front=10.00 L=1.51 R=0.66 gap=-0.17 v=+0.32 w=-0.08 personLvl=0
[INFO] [1784732467.452787893] [yolo_navigator]: [STATUS] mode=FTG front=10.00 L=2.07 R=0.74 gap=-0.33 v=+0.24 w=-0.13 personLvl=0
[INFO] [1784732472.502103664] [yolo_navigator]: [STATUS] mode=FTG front=10.00 L=1.94 R=0.69 gap=+0.06 v=+0.37 w=+0.34 personLvl=0
[INFO] [1784732477.551232969] [yolo_navigator]: [STATUS] mode=FTG front=10.00 L=1.45 R=1.20 gap=-0.31 v=+0.25 w=-0.03 personLvl=0
[INFO] [1784732482.581577016] [yolo_navigator]: [STATUS] mode=FTG front=10.00 L=1.09 R=3.14 gap=-0.51 v=+0.15 w=-0.12 personLvl=0
[INFO] [1784732487.601600002] [yolo_navigator]: [STATUS] mode=FTG front=0.75 L=0.65 R=1.75 gap=-0.60 v=+0.11 w=-0.33 personLvl=0
[INFO] [1784732492.651915223] [yolo_navigator]: [STATUS] mode=FTG front=0.57 L=0.44 R=2.96 gap=-0.35 v=+0.15 w=-0.01 personLvl=0
[INFO] [1784732495.901464122] [yolo_navigator]: [ROTATE_OPEN] front=0.40 open=-1.26
[INFO] [1784732496.701733514] [yolo_navigator]: [FTG] gap=-0.30 W=1.98
[INFO] [1784732497.656466008] [yolo_navigator]: [STATUS] mode=FTG front=10.00 L=0.39 R=2.88 gap=-0.00 v=+0.40 w=-0.56 personLvl=0
[INFO] [1784732502.701156336] [yolo_navigator]: [STATUS] mode=FTG front=10.00 L=0.65 R=2.44 gap=+0.30 v=+0.26 w=+0.03 personLvl=0
[INFO] [1784732507.701580880] [yolo_navigator]: [STATUS] mode=FTG front=10.00 L=0.92 R=1.92 gap=+0.38 v=+0.22 w=+0.10 personLvl=0
[INFO] [1784732512.701569798] [yolo_navigator]: [STATUS] mode=FTG front=10.00 L=0.78 R=1.07 gap=+0.06 v=+0.37 w=+0.41 personLvl=0
[INFO] [1784732517.723269086] [yolo_navigator]: [STATUS] mode=FTG front=0.71 L=0.49 R=1.03 gap=-0.32 v=+0.25 w=+0.03 personLvl=0
[INFO] [1784732521.101190145] [yolo_navigator]: [ROTATE_OPEN] front=0.40 open=-0.66
[INFO] [1784732521.550971724] [yolo_navigator]: [FTG] gap=-0.33 W=1.55
[INFO] [1784732522.754037559] [yolo_navigator]: [STATUS] mode=FTG front=0.72 L=0.38 R=1.03 gap=-0.14 v=+0.33 w=-0.00 personLvl=0
[INFO] [1784732525.051856519] [yolo_navigator]: [ROTATE_OPEN] front=0.39 open=-0.54
[INFO] [1784732525.901110710] [yolo_navigator]: [FTG] gap=-0.10 W=1.96
[INFO] [1784732527.801966374] [yolo_navigator]: [STATUS] mode=FTG front=10.00 L=0.36 R=0.87 gap=+0.01 v=+0.40 w=-0.10 personLvl=0
[INFO] [1784732532.822786471] [yolo_navigator]: [STATUS] mode=FTG front=10.00 L=0.53 R=0.43 gap=+0.48 v=+0.17 w=+0.07 personLvl=0
[INFO] [1784732537.851023516] [yolo_navigator]: [STATUS] mode=FTG front=10.00 L=0.84 R=0.49 gap=-0.42 v=+0.20 w=-0.20 personLvl=0
[INFO] [1784732542.853149164] [yolo_navigator]: [STATUS] mode=FTG front=10.00 L=1.60 R=0.88 gap=-0.28 v=+0.27 w=-0.03 personLvl=0
[INFO] [1784732547.902083166] [yolo_navigator]: [STATUS] mode=FTG front=10.00 L=1.69 R=1.95 gap=-0.97 v=+0.10 w=-0.78 personLvl=0
[INFO] [1784732552.952141150] [yolo_navigator]: [STATUS] mode=FTG front=10.00 L=1.28 R=1.45 gap=-0.34 v=+0.24 w=-0.07 personLvl=0
[INFO] [1784732558.034247162] [yolo_navigator]: [STATUS] mode=FTG front=10.00 L=0.89 R=1.09 gap=-0.53 v=+0.15 w=-0.25 personLvl=0
[INFO] [1784732563.050819019] [yolo_navigator]: [STATUS] mode=FTG front=0.81 L=0.56 R=0.98 gap=-0.39 v=+0.21 w=-0.06 personLvl=0
[INFO] [1784732568.051716928] [yolo_navigator]: [STATUS] mode=FTG front=0.41 L=0.37 R=3.44 gap=-0.35 v=+0.06 w=-0.01 personLvl=0
[INFO] [1784732568.550269750] [yolo_navigator]: [ROTATE_OPEN] front=0.40 open=-0.86
[INFO] [1784732569.301629461] [yolo_navigator]: [FTG] gap=-0.34 W=2.73
[INFO] [1784732573.102609533] [yolo_navigator]: [STATUS] mode=FTG front=10.00 L=0.44 R=3.65 gap=-0.03 v=+0.39 w=-0.25 personLvl=0
[INFO] [1784732576.251626584] [yolo_navigator]: [PERSON] level=1 h=126px
[INFO] [1784732578.102903019] [yolo_navigator]: [STATUS] mode=FTG front=10.00 L=0.69 R=2.93 gap=+0.11 v=+0.20 w=-0.16 personLvl=1
[INFO] [1784732583.150967408] [yolo_navigator]: [STATUS] mode=FTG front=10.00 L=0.92 R=2.46 gap=-0.08 v=+0.21 w=+0.34 personLvl=1
[INFO] [1784732588.156085844] [yolo_navigator]: [STATUS] mode=FTG front=10.00 L=1.05 R=2.02 gap=+0.12 v=+0.19 w=-0.23 personLvl=1
[INFO] [1784732593.258085514] [yolo_navigator]: [STATUS] mode=FTG front=10.00 L=1.23 R=1.61 gap=+0.10 v=+0.20 w=-0.25 personLvl=1
[INFO] [1784732596.251540945] [yolo_navigator]: [PERSON] level=0 h=0px
[INFO] [1784732596.652730920] [yolo_navigator]: [PERSON] level=1 h=183px
[INFO] [1784732598.265998026] [yolo_navigator]: [STATUS] mode=FTG front=10.00 L=1.47 R=1.27 gap=-0.18 v=+0.16 w=+0.23 personLvl=1
[INFO] [1784732599.152396349] [yolo_navigator]: [PERSON] level=0 h=0px
[INFO] [1784732599.657028958] [yolo_navigator]: [PERSON] level=2 h=204px
[INFO] [1784732603.343380333] [yolo_navigator]: [STATUS] mode=FTG front=10.00 L=1.62 R=1.14 gap=+0.18 v=+0.10 w=-0.10 personLvl=2
[INFO] [1784732608.351788627] [yolo_navigator]: [STATUS] mode=FTG front=10.00 L=1.73 R=1.17 gap=-0.17 v=+0.10 w=+0.25 personLvl=2
[INFO] [1784732609.852626784] [yolo_navigator]: [PERSON] level=0 h=0px
[INFO] [1784732610.501549026] [yolo_navigator]: [PERSON] level=2 h=245px
[INFO] [1784732613.401616392] [yolo_navigator]: [STATUS] mode=FTG front=10.00 L=1.80 R=1.46 gap=+0.20 v=+0.10 w=-0.13 personLvl=2
[INFO] [1784732618.515101196] [yolo_navigator]: [STATUS] mode=FTG front=10.00 L=1.97 R=1.53 gap=+0.29 v=+0.10 w=-0.02 personLvl=2
[INFO] [1784732623.501581066] [yolo_navigator]: [STATUS] mode=FTG front=10.00 L=2.09 R=1.67 gap=+0.31 v=+0.10 w=+0.01 personLvl=2
[INFO] [1784732626.051726546] [yolo_navigator]: [PERSON] level=0 h=0px
[INFO] [1784732628.501551765] [yolo_navigator]: [STATUS] mode=FTG front=10.00 L=2.05 R=2.19 gap=+0.37 v=+0.22 w=+0.10 personLvl=0
[INFO] [1784732633.687120152] [yolo_navigator]: [STATUS] mode=FTG front=10.00 L=2.17 R=1.92 gap=+0.34 v=+0.23 w=+0.07 personLvl=0
[INFO] [1784732638.702032580] [yolo_navigator]: [STATUS] mode=FTG front=10.00 L=2.25 R=1.35 gap=+0.31 v=+0.25 w=+0.02 personLvl=0
[INFO] [1784732643.702227253] [yolo_navigator]: [STATUS] mode=FTG front=10.00 L=2.31 R=0.91 gap=+0.32 v=+0.25 w=+0.01 personLvl=0
[INFO] [1784732648.752144980] [yolo_navigator]: [STATUS] mode=FTG front=10.00 L=2.35 R=0.88 gap=+0.33 v=+0.24 w=+0.01 personLvl=0
[INFO] [1784732653.809125375] [yolo_navigator]: [STATUS] mode=FTG front=10.00 L=2.15 R=2.26 gap=-0.07 v=+0.37 w=-0.06 personLvl=0
[INFO] [1784732658.851420642] [yolo_navigator]: [STATUS] mode=FTG front=10.00 L=1.77 R=1.41 gap=-0.06 v=+0.37 w=+0.20 personLvl=0
[INFO] [1784732663.865170311] [yolo_navigator]: [STATUS] mode=FTG front=10.00 L=1.31 R=1.04 gap=-0.39 v=+0.21 w=-0.13 personLvl=0
[INFO] [1784732668.935659926] [yolo_navigator]: [STATUS] mode=FTG front=1.19 L=0.88 R=1.36 gap=-0.93 v=+0.10 w=-1.11 personLvl=0
[INFO] [1784732673.981219064] [yolo_navigator]: [STATUS] mode=FTG front=10.00 L=0.66 R=1.25 gap=+0.32 v=+0.25 w=+0.79 personLvl=0
[INFO] [1784732679.001945763] [yolo_navigator]: [STATUS] mode=FTG front=0.45 L=0.40 R=2.67 gap=-1.13 v=+0.03 w=-1.26 personLvl=0
[INFO] [1784732684.013022295] [yolo_navigator]: [STATUS] mode=FTG front=10.00 L=0.76 R=1.33 gap=-0.24 v=+0.28 w=-0.08 personLvl=0
[INFO] [1784732689.052160427] [yolo_navigator]: [STATUS] mode=FTG front=10.00 L=1.50 R=1.49 gap=-0.28 v=+0.27 w=+0.00 personLvl=0
[INFO] [1784732694.102040457] [yolo_navigator]: [STATUS] mode=FTG front=10.00 L=2.14 R=2.41 gap=-0.22 v=+0.29 w=+0.01 personLvl=0
[INFO] [1784732699.105668181] [yolo_navigator]: [STATUS] mode=FTG front=10.00 L=1.73 R=2.65 gap=-0.06 v=+0.37 w=+0.20 personLvl=0
[INFO] [1784732704.150844963] [yolo_navigator]: [STATUS] mode=FTG front=10.00 L=1.28 R=3.04 gap=-0.36 v=+0.23 w=-0.09 personLvl=0
[INFO] [1784732709.151702203] [yolo_navigator]: [STATUS] mode=FTG front=1.12 L=0.87 R=2.42 gap=-0.56 v=+0.13 w=-0.30 personLvl=0
[INFO] [1784732714.201499717] [yolo_navigator]: [STATUS] mode=FTG front=0.84 L=0.57 R=2.17 gap=-0.37 v=+0.22 w=-0.04 personLvl=0
[INFO] [1784732719.201656713] [yolo_navigator]: [STATUS] mode=FTG front=0.43 L=0.37 R=1.88 gap=-0.35 v=+0.07 w=-0.01 personLvl=0
[INFO] [1784732720.151098901] [yolo_navigator]: [ROTATE_OPEN] front=0.39 open=-1.38
[INFO] [1784732721.001694790] [yolo_navigator]: [FTG] gap=-0.28 W=2.47
[INFO] [1784732724.254783129] [yolo_navigator]: [STATUS] mode=FTG front=10.00 L=0.53 R=1.43 gap=+0.33 v=+0.24 w=+0.00 personLvl=0
[INFO] [1784732729.314069468] [yolo_navigator]: [STATUS] mode=FTG front=10.00 L=0.73 R=0.79 gap=+0.38 v=+0.22 w=-0.01 personLvl=0
[INFO] [1784732734.351223915] [yolo_navigator]: [STATUS] mode=FTG front=10.00 L=0.88 R=0.41 gap=-0.37 v=+0.22 w=+0.07 personLvl=0
[INFO] [1784732739.393663893] [yolo_navigator]: [STATUS] mode=FTG front=10.00 L=1.01 R=0.54 gap=-0.43 v=+0.19 w=-0.03 personLvl=0
[INFO] [1784732744.401751623] [yolo_navigator]: [STATUS] mode=FTG front=10.00 L=1.25 R=1.41 gap=-0.42 v=+0.20 w=-0.05 personLvl=0
[INFO] [1784732749.401484881] [yolo_navigator]: [STATUS] mode=FTG front=0.87 L=0.87 R=2.98 gap=-0.52 v=+0.15 w=-0.31 personLvl=0
[INFO] [1784732754.455609631] [yolo_navigator]: [STATUS] mode=FTG front=0.42 L=0.47 R=2.51 gap=-0.35 v=+0.06 w=-0.02 personLvl=0
[INFO] [1784732755.201549436] [yolo_navigator]: [ROTATE_OPEN] front=0.40 open=-0.47
[INFO] [1784732756.150919073] [yolo_navigator]: [FTG] gap=-0.23 W=12.58
[INFO] [1784732759.463400730] [yolo_navigator]: [STATUS] mode=FTG front=10.00 L=0.74 R=3.05 gap=+0.11 v=+0.35 w=-0.31 personLvl=0
[INFO] [1784732764.542084841] [yolo_navigator]: [STATUS] mode=FTG front=10.00 L=1.45 R=2.52 gap=+0.20 v=+0.31 w=-0.21 personLvl=0
[INFO] [1784732769.561732600] [yolo_navigator]: [STATUS] mode=FTG front=10.00 L=1.56 R=2.22 gap=+0.36 v=+0.23 w=+0.00 personLvl=0
[INFO] [1784732774.601568726] [yolo_navigator]: [STATUS] mode=FTG front=10.00 L=2.03 R=1.99 gap=+0.41 v=+0.20 w=+0.03 personLvl=0
[INFO] [1784732779.602197131] [yolo_navigator]: [STATUS] mode=FTG front=10.00 L=2.09 R=1.43 gap=+0.48 v=+0.17 w=+0.16 personLvl=0
[INFO] [1784732784.686049450] [yolo_navigator]: [STATUS] mode=FTG front=0.89 L=2.14 R=0.88 gap=+0.35 v=+0.23 w=+0.00 personLvl=0
[INFO] [1784732789.701714523] [yolo_navigator]: [STATUS] mode=FTG front=0.41 L=2.28 R=0.46 gap=+0.35 v=+0.06 w=+0.00 personLvl=0
[INFO] [1784732790.351455663] [yolo_navigator]: [ROTATE_OPEN] front=0.39 open=+0.40
[INFO] [1784732791.301086697] [yolo_navigator]: [FTG] gap=+0.27 W=6.76
[INFO] [1784732793.150178038] [yolo_navigator]: [ROTATE_OPEN] front=0.35 open=+0.14
[INFO] [1784732793.350413878] [yolo_navigator]: [REVERSE] front=0.29 dir=+1
[INFO] [1784732794.201109754] [yolo_navigator]: [FTG] gap=-0.01 W=6.65
[INFO] [1784732794.730174722] [yolo_navigator]: [STATUS] mode=FTG front=10.00 L=2.05 R=0.32 gap=+0.16 v=+0.32 w=+0.45 personLvl=0
[INFO] [1784732799.751457352] [yolo_navigator]: [STATUS] mode=FTG front=10.00 L=1.48 R=5.11 gap=-0.34 v=+0.24 w=+0.02 personLvl=0
[INFO] [1784732804.768764362] [yolo_navigator]: [STATUS] mode=FTG front=10.00 L=1.22 R=4.77 gap=-0.52 v=+0.15 w=-0.17 personLvl=0
[INFO] [1784732809.802504311] [yolo_navigator]: [STATUS] mode=FTG front=10.00 L=1.69 R=5.04 gap=+0.37 v=+0.22 w=+0.02 personLvl=0
[INFO] [1784732814.858653303] [yolo_navigator]: [STATUS] mode=FTG front=10.00 L=2.92 R=4.14 gap=+0.42 v=+0.20 w=+0.22 personLvl=0
[INFO] [1784732819.909347368] [yolo_navigator]: [STATUS] mode=FTG front=10.00 L=2.60 R=4.46 gap=+0.01 v=+0.39 w=+0.40 personLvl=0
[INFO] [1784732824.952169584] [yolo_navigator]: [STATUS] mode=FTG front=10.00 L=2.09 R=4.06 gap=+0.04 v=+0.38 w=+0.42 personLvl=0
[INFO] [1784732829.953066926] [yolo_navigator]: [STATUS] mode=FTG front=10.00 L=1.48 R=2.44 gap=-0.39 v=+0.21 w=-0.03 personLvl=0
[INFO] [1784732835.001870075] [yolo_navigator]: [STATUS] mode=FTG front=10.00 L=1.10 R=2.98 gap=+0.23 v=+0.29 w=+0.53 personLvl=0
[INFO] [1784732840.068290253] [yolo_navigator]: [STATUS] mode=FTG front=1.07 L=0.76 R=2.98 gap=-0.46 v=+0.18 w=-0.16 personLvl=0
[INFO] [1784732845.101521523] [yolo_navigator]: [STATUS] mode=FTG front=0.75 L=0.51 R=3.27 gap=-0.33 v=+0.24 w=+0.01 personLvl=0
[INFO] [1784732850.101753436] [yolo_navigator]: [STATUS] mode=FTG front=10.00 L=0.44 R=3.05 gap=+0.05 v=+0.37 w=-0.18 personLvl=0
[INFO] [1784732855.169673848] [yolo_navigator]: [STATUS] mode=FTG front=10.00 L=0.73 R=2.43 gap=+0.15 v=+0.33 w=+0.01 personLvl=0
[INFO] [1784732860.150889218] [yolo_navigator]: [STATUS] mode=FTG front=10.00 L=0.87 R=1.85 gap=+0.19 v=+0.31 w=+0.03 personLvl=0
[INFO] [1784732865.151201622] [yolo_navigator]: [STATUS] mode=FTG front=10.00 L=1.05 R=1.35 gap=+0.20 v=+0.30 w=+0.00 personLvl=0
[INFO] [1784732870.151565535] [yolo_navigator]: [STATUS] mode=FTG front=10.00 L=1.15 R=2.45 gap=-0.05 v=+0.38 w=+0.01 personLvl=0
[INFO] [1784732875.201854795] [yolo_navigator]: [STATUS] mode=FTG front=10.00 L=1.19 R=1.64 gap=-0.14 v=+0.33 w=-0.02 personLvl=0
[INFO] [1784732880.251825057] [yolo_navigator]: [STATUS] mode=FTG front=10.00 L=1.30 R=0.96 gap=-0.16 v=+0.33 w=-0.06 personLvl=0
[INFO] [1784732885.251911810] [yolo_navigator]: [STATUS] mode=FTG front=10.00 L=1.62 R=0.68 gap=-0.31 v=+0.25 w=-0.10 personLvl=0
[INFO] [1784732890.302178118] [yolo_navigator]: [STATUS] mode=FTG front=10.00 L=2.19 R=0.75 gap=-0.30 v=+0.25 w=-0.10 personLvl=0
[INFO] [1784732895.303679120] [yolo_navigator]: [STATUS] mode=FTG front=10.00 L=1.76 R=0.65 gap=-0.64 v=+0.10 w=-0.30 personLvl=0
[INFO] [1784732900.352012013] [yolo_navigator]: [STATUS] mode=FTG front=10.00 L=1.40 R=3.35 gap=-0.29 v=+0.26 w=-0.01 personLvl=0
[INFO] [1784732905.401760004] [yolo_navigator]: [STATUS] mode=FTG front=1.16 L=0.93 R=2.32 gap=-0.60 v=+0.11 w=-0.34 personLvl=0
[INFO] [1784732910.401631124] [yolo_navigator]: [STATUS] mode=FTG front=0.81 L=0.60 R=2.73 gap=-0.44 v=+0.19 w=-0.13 personLvl=0
[INFO] [1784732915.464580774] [yolo_navigator]: [STATUS] mode=FTG front=0.47 L=0.39 R=3.02 gap=-0.35 v=+0.09 w=-0.01 personLvl=0
[INFO] [1784732917.150779889] [yolo_navigator]: [ROTATE_OPEN] front=0.40 open=-1.26
[INFO] [1784732918.002217656] [yolo_navigator]: [FTG] gap=-0.28 W=2.52
[INFO] [1784732920.535214613] [yolo_navigator]: [STATUS] mode=FTG front=10.00 L=0.57 R=2.67 gap=+0.39 v=+0.21 w=+0.14 personLvl=0
[INFO] [1784732925.551479526] [yolo_navigator]: [STATUS] mode=FTG front=10.00 L=0.80 R=2.29 gap=+0.31 v=+0.25 w=-0.04 personLvl=0
[INFO] [1784732930.551899224] [yolo_navigator]: [STATUS] mode=FTG front=10.00 L=0.94 R=1.68 gap=+0.69 v=+0.10 w=+0.28 personLvl=0
[INFO] [1784732935.601721020] [yolo_navigator]: [STATUS] mode=FTG front=1.03 L=0.73 R=0.99 gap=-0.11 v=+0.35 w=+0.19 personLvl=0
[INFO] [1784732940.601884892] [yolo_navigator]: [STATUS] mode=FTG front=0.67 L=0.47 R=1.00 gap=-0.29 v=+0.24 w=+0.05 personLvl=0
[INFO] [1784732943.701104575] [yolo_navigator]: [ROTATE_OPEN] front=0.40 open=-0.66
[INFO] [1784732944.567192305] [yolo_navigator]: [FTG] gap=-0.33 W=1.40
[INFO] [1784732945.664123370] [yolo_navigator]: [STATUS] mode=FTG front=10.00 L=0.39 R=0.98 gap=+0.01 v=+0.39 w=+0.23 personLvl=0
[INFO] [1784732947.650967766] [yolo_navigator]: [ROTATE_OPEN] front=0.39 open=-0.59
[INFO] [1784732948.250461703] [yolo_navigator]: [REVERSE] front=0.31 dir=-1
[INFO] [1784732948.601197489] [yolo_navigator]: [FTG] gap=-0.09 W=1.27
[INFO] [1784732950.702525014] [yolo_navigator]: [STATUS] mode=FTG front=10.00 L=0.41 R=0.75 gap=+0.10 v=+0.35 w=+0.24 personLvl=0
[INFO] [1784732955.812662532] [yolo_navigator]: [STATUS] mode=FTG front=10.00 L=0.54 R=0.39 gap=-0.19 v=+0.31 w=-0.07 personLvl=0
[INFO] [1784732960.966597404] [yolo_navigator]: [STATUS] mode=FTG front=10.00 L=0.97 R=0.53 gap=-0.28 v=+0.27 w=-0.06 personLvl=0
[INFO] [1784732965.851521268] [yolo_navigator]: [STATUS] mode=FTG front=10.00 L=1.78 R=2.37 gap=-0.24 v=+0.28 w=+0.00 personLvl=0
[INFO] [1784732970.901705863] [yolo_navigator]: [STATUS] mode=FTG front=10.00 L=1.67 R=1.86 gap=+0.13 v=+0.34 w=+0.45 personLvl=0
[INFO] [1784732975.960858123] [yolo_navigator]: [STATUS] mode=FTG front=10.00 L=1.21 R=1.35 gap=-0.31 v=+0.25 w=-0.03 personLvl=0
[INFO] [1784732980.991872159] [yolo_navigator]: [STATUS] mode=FTG front=10.00 L=0.85 R=1.04 gap=-0.02 v=+0.39 w=+0.28 personLvl=0
[INFO] [1784732986.001976916] [yolo_navigator]: [STATUS] mode=FTG front=0.75 L=0.51 R=0.99 gap=-0.35 v=+0.23 w=-0.01 personLvl=0
[INFO] [1784732990.551828835] [yolo_navigator]: [ROTATE_OPEN] front=0.40 open=-0.86
[INFO] [1784732991.052562352] [yolo_navigator]: [STATUS] mode=ROTATE_OPEN front=0.39 L=0.36 R=3.42 gap=-0.35 v=+0.00 w=-1.00 personLvl=0
[INFO] [1784732991.304435770] [yolo_navigator]: [FTG] gap=-0.34 W=2.74
[INFO] [1784732996.101208118] [yolo_navigator]: [STATUS] mode=FTG front=10.00 L=0.70 R=0.98 gap=+0.07 v=+0.37 w=-0.37 personLvl=0
[INFO] [1784733001.101800577] [yolo_navigator]: [STATUS] mode=FTG front=10.00 L=1.84 R=2.87 gap=+0.37 v=+0.22 w=+0.03 personLvl=0
[INFO] [1784733005.051351197] [yolo_navigator]: [PERSON] level=1 h=138px
[INFO] [1784733006.151646202] [yolo_navigator]: [STATUS] mode=FTG front=10.00 L=1.53 R=2.17 gap=-0.08 v=+0.21 w=+0.36 personLvl=1
[INFO] [1784733007.113587377] [yolo_navigator]: [PERSON] level=0 h=0px
[INFO] [1784733007.951186270] [yolo_navigator]: [PERSON] level=1 h=147px
[INFO] [1784733011.188004013] [yolo_navigator]: [STATUS] mode=FTG front=10.00 L=1.67 R=1.67 gap=-0.11 v=+0.20 w=+0.32 personLvl=1
[INFO] [1784733016.201372983] [yolo_navigator]: [STATUS] mode=FTG front=10.00 L=1.83 R=1.19 gap=+0.17 v=+0.17 w=-0.18 personLvl=1
[INFO] [1784733021.202757103] [yolo_navigator]: [STATUS] mode=FTG front=10.00 L=2.02 R=0.82 gap=-0.14 v=+0.18 w=+0.26 personLvl=1
[INFO] [1784733022.352314685] [yolo_navigator]: [PERSON] level=2 h=203px
[INFO] [1784733026.221510024] [yolo_navigator]: [STATUS] mode=FTG front=10.00 L=2.05 R=0.66 gap=+0.16 v=+0.10 w=-0.14 personLvl=2
[INFO] [1784733031.259746498] [yolo_navigator]: [STATUS] mode=FTG front=10.00 L=2.09 R=0.69 gap=+0.17 v=+0.10 w=-0.18 personLvl=2
[INFO] [1784733036.300581828] [yolo_navigator]: [STATUS] mode=FTG front=10.00 L=2.23 R=0.82 gap=-0.18 v=+0.10 w=+0.21 personLvl=2
[INFO] [1784733041.301457123] [yolo_navigator]: [STATUS] mode=FTG front=10.00 L=2.25 R=1.06 gap=+0.22 v=+0.10 w=-0.12 personLvl=2
[INFO] [1784733046.301535201] [yolo_navigator]: [STATUS] mode=FTG front=10.00 L=2.44 R=1.17 gap=+0.33 v=+0.10 w=+0.02 personLvl=2
[INFO] [1784733051.351010578] [yolo_navigator]: [STATUS] mode=FTG front=10.00 L=2.42 R=1.47 gap=-0.32 v=+0.10 w=+0.08 personLvl=2
[INFO] [1784733054.803018119] [yolo_navigator]: [PERSON] level=0 h=0px
[INFO] [1784733056.352117252] [yolo_navigator]: [STATUS] mode=FTG front=10.00 L=2.39 R=1.97 gap=+0.30 v=+0.25 w=+0.01 personLvl=0
[INFO] [1784733061.401119745] [yolo_navigator]: [STATUS] mode=FTG front=10.00 L=2.47 R=1.88 gap=+0.31 v=+0.25 w=+0.00 personLvl=0
[INFO] [1784733066.452341731] [yolo_navigator]: [STATUS] mode=FTG front=10.00 L=2.52 R=1.27 gap=+0.31 v=+0.25 w=-0.00 personLvl=0
[INFO] [1784733071.502185235] [yolo_navigator]: [STATUS] mode=FTG front=10.00 L=2.56 R=0.74 gap=+0.33 v=+0.24 w=+0.02 personLvl=0
[INFO] [1784733076.534935748] [yolo_navigator]: [STATUS] mode=FTG front=10.00 L=2.59 R=0.60 gap=+0.34 v=+0.24 w=+0.02 personLvl=0
[INFO] [1784733081.550790465] [yolo_navigator]: [STATUS] mode=FTG front=10.00 L=2.32 R=2.59 gap=-0.57 v=+0.13 w=-0.66 personLvl=0
[INFO] [1784733086.553175586] [yolo_navigator]: [STATUS] mode=FTG front=10.00 L=1.97 R=2.05 gap=+0.07 v=+0.37 w=+0.36 personLvl=0
[INFO] [1784733091.602562905] [yolo_navigator]: [STATUS] mode=FTG front=10.00 L=1.49 R=1.52 gap=-0.06 v=+0.37 w=+0.21 personLvl=0
[INFO] [1784733096.651849478] [yolo_navigator]: [STATUS] mode=FTG front=10.00 L=1.09 R=1.20 gap=-0.32 v=+0.24 w=-0.03 personLvl=0
[INFO] [1784733101.651566833] [yolo_navigator]: [STATUS] mode=FTG front=10.00 L=0.76 R=1.36 gap=-0.03 v=+0.39 w=+0.30 personLvl=0
[INFO] [1784733106.651775359] [yolo_navigator]: [STATUS] mode=FTG front=0.51 L=0.42 R=2.66 gap=-0.35 v=+0.11 w=-0.02 personLvl=0
[INFO] [1784733109.600981064] [yolo_navigator]: [ROTATE_OPEN] front=0.39 open=-1.45
[INFO] [1784733110.400303376] [yolo_navigator]: [FTG] gap=-0.24 W=1.35
[INFO] [1784733111.702109565] [yolo_navigator]: [STATUS] mode=FTG front=10.00 L=0.45 R=1.47 gap=-0.45 v=+0.18 w=-0.45 personLvl=0
[INFO] [1784733116.751013338] [yolo_navigator]: [STATUS] mode=FTG front=10.00 L=0.98 R=1.12 gap=-0.11 v=+0.35 w=-0.00 personLvl=0
[INFO] [1784733121.751641980] [yolo_navigator]: [STATUS] mode=FTG front=10.00 L=1.73 R=1.50 gap=-0.26 v=+0.28 w=+0.01 personLvl=0
[INFO] [1784733126.751805235] [yolo_navigator]: [STATUS] mode=FTG front=10.00 L=2.23 R=2.47 gap=-0.20 v=+0.30 w=+0.03 personLvl=0
[INFO] [1784733131.801138824] [yolo_navigator]: [STATUS] mode=FTG front=10.00 L=1.80 R=2.62 gap=-0.54 v=+0.14 w=-0.21 personLvl=0
[INFO] [1784733136.801497184] [yolo_navigator]: [STATUS] mode=FTG front=10.00 L=1.40 R=2.91 gap=-0.31 v=+0.25 w=-0.04 personLvl=0
[INFO] [1784733141.843229069] [yolo_navigator]: [STATUS] mode=FTG front=10.00 L=0.94 R=2.37 gap=-0.56 v=+0.13 w=-0.30 personLvl=0
[INFO] [1784733146.967710194] [yolo_navigator]: [STATUS] mode=FTG front=0.98 L=0.63 R=2.01 gap=-0.37 v=+0.22 w=-0.04 personLvl=0
[INFO] [1784733151.851823120] [yolo_navigator]: [STATUS] mode=FTG front=0.47 L=0.39 R=1.66 gap=-0.35 v=+0.09 w=-0.01 personLvl=0
[INFO] [1784733153.700615714] [yolo_navigator]: [ROTATE_OPEN] front=0.39 open=-1.40
[INFO] [1784733154.450416098] [yolo_navigator]: [FTG] gap=-0.34 W=3.07
[INFO] [1784733156.928303053] [yolo_navigator]: [STATUS] mode=FTG front=10.00 L=0.45 R=1.31 gap=+0.22 v=+0.30 w=-0.13 personLvl=0
[INFO] [1784733161.952695630] [yolo_navigator]: [STATUS] mode=FTG front=10.00 L=0.67 R=0.69 gap=+0.38 v=+0.22 w=-0.01 personLvl=0
[INFO] [1784733166.956813709] [yolo_navigator]: [STATUS] mode=FTG front=10.00 L=0.82 R=0.45 gap=-0.46 v=+0.18 w=-0.07 personLvl=0
[INFO] [1784733171.952052136] [yolo_navigator]: [STATUS] mode=FTG front=10.00 L=1.07 R=1.64 gap=-0.42 v=+0.20 w=-0.05 personLvl=0
[INFO] [1784733176.957836835] [yolo_navigator]: [STATUS] mode=FTG front=1.07 L=1.05 R=3.20 gap=-0.48 v=+0.17 w=-0.16 personLvl=0
[INFO] [1784733181.976588340] [yolo_navigator]: [STATUS] mode=FTG front=0.59 L=0.60 R=2.69 gap=-0.35 v=+0.16 w=-0.02 personLvl=0
[INFO] [1784733185.015848691] [yolo_navigator]: [ROTATE_OPEN] front=0.39 open=-0.47
[INFO] [1784733186.151154164] [yolo_navigator]: [FTG] gap=-0.20 W=12.69
[INFO] [1784733187.001219637] [yolo_navigator]: [STATUS] mode=FTG front=10.00 L=0.47 R=3.16 gap=+0.01 v=+0.40 w=-0.41 personLvl=0
[INFO] [1784733192.051559080] [yolo_navigator]: [STATUS] mode=FTG front=10.00 L=1.67 R=2.67 gap=-0.13 v=+0.34 w=+0.29 personLvl=0
[INFO] [1784733197.101295402] [yolo_navigator]: [STATUS] mode=FTG front=10.00 L=1.36 R=2.29 gap=+0.36 v=+0.23 w=+0.00 personLvl=0
[INFO] [1784733202.106549791] [yolo_navigator]: [STATUS] mode=FTG front=10.00 L=1.78 R=2.03 gap=-0.40 v=+0.21 w=-0.01 personLvl=0
[INFO] [1784733207.150835066] [yolo_navigator]: [STATUS] mode=FTG front=10.00 L=1.80 R=1.88 gap=-0.40 v=+0.21 w=-0.03 personLvl=0
[INFO] [1784733212.151778524] [yolo_navigator]: [STATUS] mode=FTG front=1.05 L=1.26 R=1.14 gap=+0.62 v=+0.10 w=+0.35 personLvl=0
[INFO] [1784733217.244553896] [yolo_navigator]: [STATUS] mode=FTG front=0.56 L=2.33 R=0.59 gap=+0.37 v=+0.14 w=+0.03 personLvl=0
[INFO] [1784733219.901207805] [yolo_navigator]: [ROTATE_OPEN] front=0.40 open=+0.40
[INFO] [1784733220.903168176] [yolo_navigator]: [FTG] gap=+0.22 W=6.55
[INFO] [1784733222.253134438] [yolo_navigator]: [STATUS] mode=FTG front=0.49 L=2.16 R=0.43 gap=+0.00 v=+0.18 w=-0.45 personLvl=0
[INFO] [1784733222.952640427] [yolo_navigator]: [ROTATE_OPEN] front=0.38 open=+0.02
[INFO] [1784733223.150433484] [yolo_navigator]: [REVERSE] front=0.31 dir=+1
[INFO] [1784733223.902044244] [yolo_navigator]: [FTG] gap=-0.08 W=6.35
[INFO] [1784733227.251516494] [yolo_navigator]: [STATUS] mode=FTG front=10.00 L=1.79 R=5.32 gap=-0.43 v=+0.20 w=-0.09 personLvl=0
[INFO] [1784733232.301774814] [yolo_navigator]: [STATUS] mode=FTG front=10.00 L=1.41 R=4.96 gap=-0.65 v=+0.10 w=-0.49 personLvl=0
[INFO] [1784733237.301134407] [yolo_navigator]: [STATUS] mode=FTG front=10.00 L=1.16 R=4.91 gap=-0.02 v=+0.39 w=+0.33 personLvl=0
[INFO] [1784733242.301343409] [yolo_navigator]: [STATUS] mode=FTG front=10.00 L=3.39 R=5.00 gap=+0.38 v=+0.22 w=+0.04 personLvl=0
[INFO] [1784733247.352555571] [yolo_navigator]: [STATUS] mode=FTG front=10.00 L=2.85 R=4.03 gap=+0.43 v=+0.19 w=+0.25 personLvl=0
[INFO] [1784733252.401810647] [yolo_navigator]: [STATUS] mode=FTG front=10.00 L=2.43 R=4.32 gap=-0.22 v=+0.29 w=+0.07 personLvl=0
[INFO] [1784733257.450916980] [yolo_navigator]: [STATUS] mode=FTG front=10.00 L=2.02 R=3.94 gap=+0.02 v=+0.39 w=+0.41 personLvl=0
[INFO] [1784733262.451615245] [yolo_navigator]: [STATUS] mode=FTG front=10.00 L=1.41 R=2.33 gap=-0.39 v=+0.21 w=-0.03 personLvl=0
[INFO] [1784733267.502426100] [yolo_navigator]: [STATUS] mode=FTG front=10.00 L=1.03 R=2.79 gap=+0.21 v=+0.30 w=+0.51 personLvl=0
[INFO] [1784733272.551095319] [yolo_navigator]: [STATUS] mode=FTG front=0.88 L=0.69 R=2.31 gap=-0.51 v=+0.16 w=-0.22 personLvl=0
[INFO] [1784733277.601322361] [yolo_navigator]: [STATUS] mode=FTG front=0.62 L=0.46 R=3.27 gap=-0.35 v=+0.18 w=-0.01 personLvl=0
[INFO] [1784733280.850890344] [yolo_navigator]: [ROTATE_OPEN] front=0.40 open=-1.45
[INFO] [1784733281.089779695] [yolo_navigator]: [FTG] gap=-0.32 W=2.53
[INFO] [1784733282.601427703] [yolo_navigator]: [STATUS] mode=FTG front=10.00 L=0.45 R=3.05 gap=+0.14 v=+0.33 w=+0.05 personLvl=0
[INFO] [1784733287.652017625] [yolo_navigator]: [STATUS] mode=FTG front=10.00 L=0.76 R=2.40 gap=+0.16 v=+0.32 w=+0.00 personLvl=0
[INFO] [1784733292.651531943] [yolo_navigator]: [STATUS] mode=FTG front=10.00 L=0.90 R=1.84 gap=+0.19 v=+0.31 w=-0.01 personLvl=0
[INFO] [1784733297.652395704] [yolo_navigator]: [STATUS] mode=FTG front=10.00 L=1.10 R=1.28 gap=+0.21 v=+0.30 w=-0.00 personLvl=0
[INFO] [1784733302.661159226] [yolo_navigator]: [STATUS] mode=FTG front=10.00 L=1.18 R=2.42 gap=-0.04 v=+0.38 w=+0.03 personLvl=0
[INFO] [1784733307.701586836] [yolo_navigator]: [STATUS] mode=FTG front=10.00 L=1.21 R=1.62 gap=-0.12 v=+0.34 w=+0.01 personLvl=0
[INFO] [1784733312.703281660] [yolo_navigator]: [STATUS] mode=FTG front=10.00 L=1.32 R=0.93 gap=-0.15 v=+0.33 w=-0.06 personLvl=0
[INFO] [1784733317.751862194] [yolo_navigator]: [STATUS] mode=FTG front=10.00 L=1.66 R=0.69 gap=-0.30 v=+0.25 w=-0.09 personLvl=0
[INFO] [1784733322.802240274] [yolo_navigator]: [STATUS] mode=FTG front=10.00 L=2.15 R=0.74 gap=-0.27 v=+0.27 w=-0.06 personLvl=0
[INFO] [1784733327.850476212] [yolo_navigator]: [STATUS] mode=FTG front=10.00 L=1.72 R=0.64 gap=-0.62 v=+0.10 w=-0.28 personLvl=0
[INFO] [1784733332.864820690] [yolo_navigator]: [STATUS] mode=FTG front=10.00 L=1.29 R=3.28 gap=-0.34 v=+0.24 w=-0.07 personLvl=0
[INFO] [1784733337.901027382] [yolo_navigator]: [STATUS] mode=FTG front=1.19 L=0.88 R=2.76 gap=-0.53 v=+0.15 w=-0.25 personLvl=0
[INFO] [1784733342.901767217] [yolo_navigator]: [STATUS] mode=FTG front=0.80 L=0.55 R=3.00 gap=-0.37 v=+0.22 w=-0.04 personLvl=0
[INFO] [1784733347.957281909] [yolo_navigator]: [STATUS] mode=FTG front=0.41 L=0.37 R=3.07 gap=-0.35 v=+0.05 w=-0.01 personLvl=0
[INFO] [1784733348.350999881] [yolo_navigator]: [ROTATE_OPEN] front=0.39 open=-1.24
[INFO] [1784733349.150235280] [yolo_navigator]: [FTG] gap=-0.30 W=2.30
[INFO] [1784733352.951365928] [yolo_navigator]: [STATUS] mode=FTG front=10.00 L=0.59 R=2.58 gap=+0.34 v=+0.24 w=+0.07 personLvl=0
[INFO] [1784733358.001869555] [yolo_navigator]: [STATUS] mode=FTG front=10.00 L=0.88 R=2.20 gap=+0.37 v=+0.22 w=+0.03 personLvl=0
[INFO] [1784733363.052204940] [yolo_navigator]: [STATUS] mode=FTG front=10.00 L=0.88 R=1.33 gap=+0.08 v=+0.36 w=+0.32 personLvl=0
[INFO] [1784733368.101731010] [yolo_navigator]: [STATUS] mode=FTG front=0.94 L=0.59 R=1.05 gap=-0.25 v=+0.28 w=+0.09 personLvl=0
[INFO] [1784733373.152873995] [yolo_navigator]: [STATUS] mode=FTG front=0.41 L=0.37 R=1.09 gap=-0.35 v=+0.05 w=-0.01 personLvl=0
[INFO] [1784733373.450868155] [yolo_navigator]: [ROTATE_OPEN] front=0.39 open=-0.65
[INFO] [1784733374.208678892] [yolo_navigator]: [FTG] gap=-0.35 W=1.42
[INFO] [1784733377.151179263] [yolo_navigator]: [ROTATE_OPEN] front=0.40 open=-0.56
[INFO] [1784733377.700548741] [yolo_navigator]: [FTG] gap=-0.12 W=1.89
[INFO] [1784733378.201721479] [yolo_navigator]: [STATUS] mode=FTG front=10.00 L=0.32 R=0.94 gap=+0.12 v=+0.34 w=-0.47 personLvl=0
[INFO] [1784733383.211539713] [yolo_navigator]: [STATUS] mode=FTG front=10.00 L=0.50 R=0.52 gap=+0.32 v=+0.25 w=-0.12 personLvl=0
[INFO] [1784733388.208423840] [yolo_navigator]: [STATUS] mode=FTG front=10.00 L=0.69 R=0.29 gap=-0.16 v=+0.32 w=+0.02 personLvl=0
[INFO] [1784733393.272017500] [yolo_navigator]: [STATUS] mode=FTG front=10.00 L=1.32 R=0.71 gap=-0.30 v=+0.25 w=-0.04 personLvl=0
[INFO] [1784733398.358490541] [yolo_navigator]: [STATUS] mode=FTG front=10.00 L=1.91 R=2.16 gap=-0.20 v=+0.30 w=+0.03 personLvl=0
[INFO] [1784733403.389812313] [yolo_navigator]: [STATUS] mode=FTG front=10.00 L=1.48 R=1.59 gap=-0.38 v=+0.22 w=-0.12 personLvl=0
[INFO] [1784733408.401464792] [yolo_navigator]: [STATUS] mode=FTG front=10.00 L=1.00 R=1.12 gap=-0.54 v=+0.14 w=-0.27 personLvl=0
[INFO] [1784733413.442018625] [yolo_navigator]: [STATUS] mode=FTG front=0.75 L=0.61 R=1.00 gap=-0.53 v=+0.15 w=-0.24 personLvl=0
[INFO] [1784733418.450640288] [yolo_navigator]: [STATUS] mode=FTG front=0.48 L=0.40 R=3.53 gap=-0.35 v=+0.10 w=-0.01 personLvl=0
[INFO] [1784733420.350457672] [yolo_navigator]: [ROTATE_OPEN] front=0.40 open=-0.86
[INFO] [1784733421.050829643] [yolo_navigator]: [FTG] gap=-0.34 W=2.61
[INFO] [1784733423.451190848] [yolo_navigator]: [STATUS] mode=FTG front=10.00 L=0.37 R=3.92 gap=-0.04 v=+0.38 w=-1.02 personLvl=0
[INFO] [1784733428.451526506] [yolo_navigator]: [STATUS] mode=FTG front=10.00 L=1.52 R=0.95 gap=+0.35 v=+0.23 w=+0.00 personLvl=0
[INFO] [1784733433.501114902] [yolo_navigator]: [STATUS] mode=FTG front=10.00 L=2.00 R=2.46 gap=+0.34 v=+0.23 w=+0.76 personLvl=0
[INFO] [1784733435.002030889] [yolo_navigator]: [PERSON] level=1 h=139px
[INFO] [1784733438.501698685] [yolo_navigator]: [STATUS] mode=FTG front=10.00 L=1.60 R=1.82 gap=+0.05 v=+0.23 w=-0.28 personLvl=1
[INFO] [1784733443.524894364] [yolo_navigator]: [STATUS] mode=FTG front=10.00 L=1.72 R=1.41 gap=+0.08 v=+0.21 w=-0.29 personLvl=1
[INFO] [1784733448.561431971] [yolo_navigator]: [STATUS] mode=FTG front=10.00 L=1.94 R=1.00 gap=-0.16 v=+0.17 w=+0.23 personLvl=1
[INFO] [1784733452.051940302] [yolo_navigator]: [PERSON] level=2 h=202px
[INFO] [1784733453.601738887] [yolo_navigator]: [STATUS] mode=FTG front=10.00 L=2.07 R=0.70 gap=-0.17 v=+0.10 w=+0.21 personLvl=2
[INFO] [1784733458.646599545] [yolo_navigator]: [STATUS] mode=FTG front=10.00 L=2.09 R=0.61 gap=+0.19 v=+0.10 w=-0.16 personLvl=2
[INFO] [1784733463.651338529] [yolo_navigator]: [STATUS] mode=FTG front=10.00 L=2.20 R=0.73 gap=-0.18 v=+0.10 w=+0.21 personLvl=2
[INFO] [1784733468.704118364] [yolo_navigator]: [STATUS] mode=FTG front=10.00 L=2.24 R=0.96 gap=+0.22 v=+0.10 w=-0.12 personLvl=2
[INFO] [1784733473.719858019] [yolo_navigator]: [STATUS] mode=FTG front=10.00 L=2.43 R=1.07 gap=+0.28 v=+0.10 w=+0.01 personLvl=2
[INFO] [1784733478.752073526] [yolo_navigator]: [STATUS] mode=FTG front=10.00 L=2.50 R=1.26 gap=+0.31 v=+0.10 w=-0.01 personLvl=2
[INFO] [1784733483.802487849] [yolo_navigator]: [STATUS] mode=FTG front=10.00 L=2.41 R=1.70 gap=+0.34 v=+0.10 w=+0.06 personLvl=2
[INFO] [1784733484.201148840] [yolo_navigator]: [PERSON] level=0 h=0px
[INFO] [1784733488.854572567] [yolo_navigator]: [STATUS] mode=FTG front=10.00 L=2.45 R=2.13 gap=+0.30 v=+0.25 w=+0.01 personLvl=0
[INFO] [1784733493.851103213] [yolo_navigator]: [STATUS] mode=FTG front=10.00 L=2.52 R=1.49 gap=+0.31 v=+0.25 w=-0.00 personLvl=0
[INFO] [1784733498.851789779] [yolo_navigator]: [STATUS] mode=FTG front=10.00 L=2.56 R=0.92 gap=+0.32 v=+0.25 w=-0.00 personLvl=0
[INFO] [1784733503.901294811] [yolo_navigator]: [STATUS] mode=FTG front=10.00 L=2.59 R=0.52 gap=+0.33 v=+0.24 w=-0.01 personLvl=0
[INFO] [1784733508.951624018] [yolo_navigator]: [STATUS] mode=FTG front=10.00 L=2.55 R=2.79 gap=+0.42 v=+0.20 w=+0.82 personLvl=0
[INFO] [1784733513.952409316] [yolo_navigator]: [STATUS] mode=FTG front=10.00 L=2.12 R=2.26 gap=-0.57 v=+0.13 w=-0.72 personLvl=0
[INFO] [1784733519.001439025] [yolo_navigator]: [STATUS] mode=FTG front=10.00 L=1.73 R=1.71 gap=+0.11 v=+0.35 w=+0.43 personLvl=0
[INFO] [1784733524.051933466] [yolo_navigator]: [STATUS] mode=FTG front=10.00 L=1.27 R=1.26 gap=-0.29 v=+0.26 w=+0.00 personLvl=0
[INFO] [1784733529.101876013] [yolo_navigator]: [STATUS] mode=FTG front=10.00 L=0.86 R=1.30 gap=-0.01 v=+0.40 w=+0.31 personLvl=0
[INFO] [1784733534.150593565] [yolo_navigator]: [STATUS] mode=FTG front=0.64 L=0.50 R=2.53 gap=-0.36 v=+0.19 w=-0.05 personLvl=0
[INFO] [1784733538.900960800] [yolo_navigator]: [ROTATE_OPEN] front=0.40 open=-1.45
[INFO] [1784733539.151992133] [yolo_navigator]: [STATUS] mode=ROTATE_OPEN front=0.39 L=0.37 R=2.69 gap=-0.35 v=+0.00 w=-1.00 personLvl=0
[INFO] [1784733539.751663798] [yolo_navigator]: [FTG] gap=-0.28 W=1.28
[INFO] [1784733544.164390008] [yolo_navigator]: [STATUS] mode=FTG front=10.00 L=0.64 R=1.34 gap=-0.17 v=+0.32 w=-0.09 personLvl=0
[INFO] [1784733549.201257453] [yolo_navigator]: [STATUS] mode=FTG front=10.00 L=1.32 R=1.32 gap=-0.40 v=+0.21 w=-0.13 personLvl=0
[INFO] [1784733554.274151487] [yolo_navigator]: [STATUS] mode=FTG front=10.00 L=2.05 R=2.00 gap=-0.24 v=+0.29 w=+0.01 personLvl=0
[INFO] [1784733559.300729524] [yolo_navigator]: [STATUS] mode=FTG front=10.00 L=1.92 R=2.55 gap=-0.56 v=+0.13 w=-0.24 personLvl=0
[INFO] [1784733564.301724647] [yolo_navigator]: [STATUS] mode=FTG front=10.00 L=1.54 R=2.81 gap=-0.06 v=+0.37 w=+0.21 personLvl=0
[INFO] [1784733569.302027363] [yolo_navigator]: [STATUS] mode=FTG front=10.00 L=1.07 R=2.59 gap=-0.48 v=+0.17 w=-0.14 personLvl=0
[INFO] [1784733574.301795526] [yolo_navigator]: [STATUS] mode=FTG front=0.82 L=0.67 R=2.01 gap=-0.56 v=+0.13 w=-0.29 personLvl=0
[INFO] [1784733579.351509872] [yolo_navigator]: [STATUS] mode=FTG front=0.56 L=0.43 R=1.82 gap=-0.35 v=+0.15 w=-0.01 personLvl=0
[INFO] [1784733582.301829972] [yolo_navigator]: [ROTATE_OPEN] front=0.40 open=-1.38
[INFO] [1784733583.101289990] [yolo_navigator]: [FTG] gap=-0.32 W=2.31
[INFO] [1784733584.353005147] [yolo_navigator]: [STATUS] mode=FTG front=10.00 L=0.39 R=1.64 gap=+0.01 v=+0.39 w=-0.04 personLvl=0
[INFO] [1784733589.402240461] [yolo_navigator]: [STATUS] mode=FTG front=10.00 L=0.62 R=0.96 gap=+0.35 v=+0.23 w=+0.03 personLvl=0
[INFO] [1784733594.401883992] [yolo_navigator]: [STATUS] mode=FTG front=10.00 L=0.77 R=0.53 gap=-0.37 v=+0.22 w=+0.07 personLvl=0
[INFO] [1784733599.401727545] [yolo_navigator]: [STATUS] mode=FTG front=10.00 L=0.94 R=0.49 gap=-0.44 v=+0.19 w=-0.05 personLvl=0
[INFO] [1784733604.452522006] [yolo_navigator]: [STATUS] mode=FTG front=10.00 L=1.18 R=1.48 gap=-0.42 v=+0.20 w=-0.05 personLvl=0
[INFO] [1784733609.501811811] [yolo_navigator]: [STATUS] mode=FTG front=0.91 L=0.90 R=3.02 gap=-0.45 v=+0.19 w=-0.12 personLvl=0
[INFO] [1784733614.501454647] [yolo_navigator]: [STATUS] mode=FTG front=0.48 L=0.51 R=2.58 gap=-0.35 v=+0.10 w=-0.02 personLvl=0
[INFO] [1784733616.502372176] [yolo_navigator]: [ROTATE_OPEN] front=0.39 open=-0.47
[INFO] [1784733617.500944157] [yolo_navigator]: [FTG] gap=-0.23 W=13.01
[INFO] [1784733619.601911283] [yolo_navigator]: [STATUS] mode=FTG front=10.00 L=0.33 R=3.16 gap=-0.19 v=+0.31 w=-1.00 personLvl=0
[INFO] [1784733624.601806380] [yolo_navigator]: [STATUS] mode=FTG front=10.00 L=1.60 R=2.63 gap=+0.17 v=+0.32 w=-0.25 personLvl=0
[INFO] [1784733629.602180673] [yolo_navigator]: [STATUS] mode=FTG front=10.00 L=1.39 R=2.26 gap=+0.32 v=+0.25 w=-0.05 personLvl=0
[INFO] [1784733634.661221297] [yolo_navigator]: [STATUS] mode=FTG front=10.00 L=1.29 R=2.02 gap=+0.04 v=+0.38 w=-0.40 personLvl=0
[INFO] [1784733639.701847834] [yolo_navigator]: [STATUS] mode=FTG front=10.00 L=1.56 R=1.20 gap=-0.09 v=+0.36 w=+0.25 personLvl=0
[INFO] [1784733644.757122767] [yolo_navigator]: [STATUS] mode=FTG front=10.00 L=4.88 R=0.64 gap=-0.10 v=+0.35 w=+0.23 personLvl=0
[INFO] [1784733649.801782055] [yolo_navigator]: [STATUS] mode=FTG front=10.00 L=4.73 R=0.68 gap=+0.13 v=+0.34 w=-0.29 personLvl=0
[INFO] [1784733654.850918180] [yolo_navigator]: [STATUS] mode=FTG front=10.00 L=4.54 R=3.41 gap=-0.09 v=+0.36 w=+0.28 personLvl=0
[INFO] [1784733659.851426484] [yolo_navigator]: [STATUS] mode=FTG front=10.00 L=3.73 R=3.00 gap=-0.17 v=+0.32 w=+0.17 personLvl=0
[INFO] [1784733664.856820535] [yolo_navigator]: [STATUS] mode=FTG front=10.00 L=4.37 R=2.65 gap=+0.38 v=+0.22 w=+0.06 personLvl=0
[INFO] [1784733669.852126986] [yolo_navigator]: [STATUS] mode=FTG front=10.00 L=4.21 R=2.41 gap=-0.41 v=+0.20 w=+0.00 personLvl=0
[INFO] [1784733674.901592116] [yolo_navigator]: [STATUS] mode=FTG front=10.00 L=1.89 R=2.18 gap=-0.44 v=+0.19 w=-0.07 personLvl=0
[INFO] [1784733679.903430745] [yolo_navigator]: [STATUS] mode=FTG front=10.00 L=1.44 R=1.76 gap=-0.82 v=+0.10 w=-0.63 personLvl=0
[INFO] [1784733684.903052062] [yolo_navigator]: [STATUS] mode=FTG front=10.00 L=1.16 R=2.01 gap=-0.38 v=+0.22 w=-0.04 personLvl=0
[INFO] [1784733689.951969507] [yolo_navigator]: [STATUS] mode=FTG front=10.00 L=0.76 R=1.75 gap=+0.38 v=+0.22 w=+0.09 personLvl=0
[INFO] [1784733695.001574647] [yolo_navigator]: [STATUS] mode=FTG front=10.00 L=0.35 R=2.42 gap=+0.23 v=+0.29 w=-0.56 personLvl=0
[INFO] [1784733700.003048393] [yolo_navigator]: [STATUS] mode=FTG front=10.00 L=0.49 R=2.52 gap=-0.20 v=+0.30 w=-0.01 personLvl=0
[INFO] [1784733705.051768719] [yolo_navigator]: [STATUS] mode=FTG front=10.00 L=0.78 R=1.84 gap=+0.74 v=+0.10 w=+0.65 personLvl=0
[INFO] [1784733710.101010219] [yolo_navigator]: [STATUS] mode=FTG front=10.00 L=2.12 R=1.66 gap=+1.02 v=+0.10 w=+0.60 personLvl=0
[INFO] [1784733715.102026362] [yolo_navigator]: [STATUS] mode=FTG front=10.00 L=0.37 R=1.64 gap=+0.03 v=+0.39 w=-0.26 personLvl=0
[INFO] [1784733720.170099781] [yolo_navigator]: [STATUS] mode=FTG front=10.00 L=0.99 R=1.16 gap=-0.23 v=+0.29 w=-0.68 personLvl=0
[INFO] [1784733725.200763477] [yolo_navigator]: [STATUS] mode=FTG front=10.00 L=1.99 R=1.16 gap=+0.17 v=+0.32 w=+0.04 personLvl=0
[INFO] [1784733730.209917384] [yolo_navigator]: [STATUS] mode=FTG front=10.00 L=1.21 R=1.60 gap=+0.25 v=+0.28 w=+0.00 personLvl=0
[INFO] [1784733735.275382912] [yolo_navigator]: [STATUS] mode=FTG front=0.58 L=0.65 R=0.69 gap=+0.52 v=+0.10 w=+0.18 personLvl=0
[INFO] [1784733737.300706592] [yolo_navigator]: [ROTATE_OPEN] front=0.39 open=+0.12
[INFO] [1784733737.501384350] [yolo_navigator]: [FTG] gap=+0.02 W=1.63
[INFO] [1784733739.450575010] [yolo_navigator]: [TRAP] L=0.35 R=0.34
[INFO] [1784733740.302598899] [yolo_navigator]: [STATUS] mode=TRAP front=0.38 L=0.34 R=0.34 gap=-0.25 v=-0.25 w=+1.20 personLvl=0
[INFO] [1784733742.451208141] [yolo_navigator]: [FTG] gap=+0.04 W=2.42
[INFO] [1784733745.351789605] [yolo_navigator]: [STATUS] mode=FTG front=10.00 L=2.62 R=0.57 gap=-0.01 v=+0.39 w=+0.41 personLvl=0
[INFO] [1784733750.418835268] [yolo_navigator]: [STATUS] mode=FTG front=10.00 L=1.77 R=0.87 gap=+0.01 v=+0.40 w=-0.37 personLvl=0
[INFO] [1784733755.452179568] [yolo_navigator]: [STATUS] mode=FTG front=10.00 L=1.23 R=1.15 gap=+0.02 v=+0.39 w=-0.43 personLvl=0
[INFO] [1784733760.501335229] [yolo_navigator]: [STATUS] mode=FTG front=10.00 L=1.48 R=1.40 gap=+0.04 v=+0.38 w=-0.40 personLvl=0
[INFO] [1784733765.533302612] [yolo_navigator]: [STATUS] mode=FTG front=10.00 L=4.60 R=1.69 gap=+0.06 v=+0.37 w=-0.34 personLvl=0
[INFO] [1784733770.550516131] [yolo_navigator]: [STATUS] mode=FTG front=10.00 L=4.64 R=1.86 gap=-0.15 v=+0.33 w=+0.24 personLvl=0
[INFO] [1784733775.612830019] [yolo_navigator]: [STATUS] mode=FTG front=10.00 L=3.93 R=2.07 gap=-0.10 v=+0.35 w=+0.31 personLvl=0
[INFO] [1784733780.608705634] [yolo_navigator]: [STATUS] mode=FTG front=10.00 L=3.38 R=2.51 gap=+0.15 v=+0.33 w=+0.49 personLvl=0
[INFO] [1784733781.651879747] [yolo_navigator]: [PERSON] level=1 h=127px
[INFO] [1784733784.352148390] [yolo_navigator]: [PERSON] level=0 h=0px
[INFO] [1784733785.685221559] [yolo_navigator]: [STATUS] mode=FTG front=10.00 L=2.76 R=2.00 gap=-0.09 v=+0.36 w=+0.02 personLvl=0
[INFO] [1784733790.651697223] [yolo_navigator]: [STATUS] mode=FTG front=10.00 L=1.92 R=1.27 gap=-0.11 v=+0.35 w=-0.00 personLvl=0
[INFO] [1784733795.651650964] [yolo_navigator]: [STATUS] mode=FTG front=10.00 L=1.31 R=1.11 gap=-0.11 v=+0.35 w=+0.01 personLvl=0
[INFO] [1784733800.651848138] [yolo_navigator]: [STATUS] mode=FTG front=10.00 L=1.01 R=1.50 gap=-0.12 v=+0.34 w=-0.01 personLvl=0
[INFO] [1784733805.701091435] [yolo_navigator]: [STATUS] mode=FTG front=10.00 L=2.22 R=1.72 gap=+0.16 v=+0.32 w=-0.10 personLvl=0
[INFO] [1784733810.702036686] [yolo_navigator]: [STATUS] mode=FTG front=10.00 L=1.72 R=2.74 gap=+0.21 v=+0.30 w=+0.07 personLvl=0
[INFO] [1784733815.701726912] [yolo_navigator]: [STATUS] mode=FTG front=10.00 L=1.27 R=2.15 gap=+0.18 v=+0.31 w=+0.08 personLvl=0
[INFO] [1784733820.702700285] [yolo_navigator]: [STATUS] mode=FTG front=10.00 L=0.68 R=1.57 gap=+0.16 v=+0.32 w=+0.06 personLvl=0
[INFO] [1784733825.712889623] [yolo_navigator]: [STATUS] mode=FTG front=10.00 L=1.07 R=2.73 gap=+0.21 v=+0.30 w=+0.09 personLvl=0
[INFO] [1784733830.752165380] [yolo_navigator]: [STATUS] mode=FTG front=10.00 L=1.28 R=2.42 gap=+0.27 v=+0.27 w=+0.14 personLvl=0
[INFO] [1784733835.751925444] [yolo_navigator]: [STATUS] mode=FTG front=10.00 L=1.32 R=2.34 gap=+0.28 v=+0.27 w=+0.13 personLvl=0
[INFO] [1784733840.810477856] [yolo_navigator]: [STATUS] mode=FTG front=10.00 L=1.23 R=2.45 gap=+0.32 v=+0.25 w=+0.18 personLvl=0
[INFO] [1784733845.800882397] [yolo_navigator]: [STATUS] mode=FTG front=10.00 L=1.02 R=2.14 gap=+0.52 v=+0.15 w=+0.08 personLvl=0
[INFO] [1784733850.801025649] [yolo_navigator]: [STATUS] mode=FTG front=10.00 L=0.55 R=1.70 gap=+0.03 v=+0.39 w=-0.24 personLvl=0
[INFO] [1784733855.806231981] [yolo_navigator]: [STATUS] mode=FTG front=10.00 L=0.90 R=1.25 gap=+0.34 v=+0.24 w=+0.07 personLvl=0
[INFO] [1784733860.851560209] [yolo_navigator]: [STATUS] mode=FTG front=10.00 L=3.03 R=0.88 gap=+0.05 v=+0.38 w=-0.24 personLvl=0
[INFO] [1784733865.852187044] [yolo_navigator]: [STATUS] mode=FTG front=0.86 L=3.82 R=0.58 gap=+0.37 v=+0.22 w=+0.04 personLvl=0
[INFO] [1784733870.901332527] [yolo_navigator]: [STATUS] mode=FTG front=0.45 L=3.52 R=0.38 gap=+0.35 v=+0.08 w=+0.01 personLvl=0
[INFO] [1784733872.551865303] [yolo_navigator]: [ROTATE_OPEN] front=0.40 open=+1.36
[INFO] [1784733873.400933585] [yolo_navigator]: [FTG] gap=+0.34 W=2.86
[INFO] [1784733875.901612821] [yolo_navigator]: [STATUS] mode=FTG front=10.00 L=3.52 R=0.51 gap=-0.09 v=+0.36 w=+0.30 personLvl=0
[INFO] [1784733880.991292266] [yolo_navigator]: [STATUS] mode=FTG front=10.00 L=2.85 R=0.93 gap=+0.39 v=+0.21 w=+0.08 personLvl=0
[INFO] [1784733886.002284836] [yolo_navigator]: [STATUS] mode=FTG front=10.00 L=2.26 R=1.42 gap=+0.36 v=+0.23 w=+0.05 personLvl=0
[INFO] [1784733891.052086209] [yolo_navigator]: [STATUS] mode=FTG front=10.00 L=1.78 R=1.91 gap=+0.34 v=+0.24 w=+0.01 personLvl=0
[INFO] [1784733896.053011547] [yolo_navigator]: [STATUS] mode=FTG front=10.00 L=1.34 R=2.39 gap=+0.35 v=+0.23 w=+0.01 personLvl=0
[INFO] [1784733901.101827855] [yolo_navigator]: [STATUS] mode=FTG front=10.00 L=0.97 R=2.94 gap=+0.35 v=+0.23 w=+0.01 personLvl=0
[INFO] [1784733906.139481086] [yolo_navigator]: [STATUS] mode=FTG front=10.00 L=0.78 R=2.88 gap=+0.35 v=+0.23 w=+0.04 personLvl=0
[INFO] [1784733911.156103907] [yolo_navigator]: [STATUS] mode=FTG front=10.00 L=2.71 R=2.19 gap=+0.30 v=+0.25 w=+0.07 personLvl=0
[INFO] [1784733916.201558571] [yolo_navigator]: [STATUS] mode=FTG front=10.00 L=2.52 R=1.50 gap=+0.28 v=+0.26 w=+0.04 personLvl=0
[INFO] [1784733921.214879030] [yolo_navigator]: [STATUS] mode=FTG front=0.88 L=2.44 R=0.90 gap=+0.35 v=+0.23 w=+0.03 personLvl=0
[INFO] [1784733926.262262566] [yolo_navigator]: [STATUS] mode=FTG front=0.40 L=2.54 R=0.45 gap=+0.34 v=+0.05 w=+0.00 personLvl=0
[INFO] [1784733926.500710289] [yolo_navigator]: [ROTATE_OPEN] front=0.40 open=+0.37
[INFO] [1784733927.855678395] [yolo_navigator]: [FTG] gap=+0.10 W=7.23
[INFO] [1784733931.301984313] [yolo_navigator]: [STATUS] mode=FTG front=10.00 L=2.14 R=0.74 gap=+0.00 v=+0.40 w=-0.09 personLvl=0
[INFO] [1784733936.350758012] [yolo_navigator]: [STATUS] mode=FTG front=10.00 L=1.48 R=4.29 gap=-0.23 v=+0.29 w=+0.01 personLvl=0
[INFO] [1784733941.351122109] [yolo_navigator]: [STATUS] mode=FTG front=10.00 L=1.06 R=4.41 gap=-0.19 v=+0.31 w=-0.06 personLvl=0
[INFO] [1784733946.401884704] [yolo_navigator]: [STATUS] mode=FTG front=10.00 L=0.84 R=5.28 gap=-0.29 v=+0.26 w=-0.01 personLvl=0
[INFO] [1784733951.451178119] [yolo_navigator]: [STATUS] mode=FTG front=10.00 L=1.28 R=4.72 gap=-0.30 v=+0.26 w=-0.02 personLvl=0
[INFO] [1784733956.451907527] [yolo_navigator]: [STATUS] mode=FTG front=10.00 L=1.03 R=2.46 gap=+0.37 v=+0.22 w=+0.06 personLvl=0
[INFO] [1784733961.455376445] [yolo_navigator]: [STATUS] mode=FTG front=10.00 L=1.28 R=1.55 gap=+0.53 v=+0.15 w=+0.54 personLvl=0
[INFO] [1784733966.501642049] [yolo_navigator]: [STATUS] mode=FTG front=10.00 L=1.24 R=1.16 gap=+0.13 v=+0.34 w=+0.02 personLvl=0
[INFO] [1784733971.502648498] [yolo_navigator]: [STATUS] mode=FTG front=10.00 L=3.20 R=0.94 gap=+0.13 v=+0.34 w=-0.01 personLvl=0
[INFO] [1784733976.552071979] [yolo_navigator]: [STATUS] mode=FTG front=10.00 L=2.82 R=0.75 gap=-0.12 v=+0.34 w=+0.01 personLvl=0
[INFO] [1784733980.001676365] [yolo_navigator]: [PERSON] level=2 h=259px
[INFO] [1784733980.952319353] [yolo_navigator]: [PERSON] level=0 h=0px
[INFO] [1784733981.601936981] [yolo_navigator]: [STATUS] mode=FTG front=10.00 L=2.57 R=1.98 gap=+0.20 v=+0.30 w=+0.10 personLvl=0
[INFO] [1784733986.666651229] [yolo_navigator]: [STATUS] mode=FTG front=10.00 L=1.91 R=1.97 gap=+0.16 v=+0.32 w=+0.04 personLvl=0
[INFO] [1784733991.702716643] [yolo_navigator]: [STATUS] mode=FTG front=10.00 L=1.21 R=1.36 gap=-0.03 v=+0.38 w=-0.08 personLvl=0
[INFO] [1784733996.751637493] [yolo_navigator]: [STATUS] mode=FTG front=10.00 L=1.40 R=1.27 gap=-0.01 v=+0.40 w=+0.00 personLvl=0
[INFO] [1784734001.752102187] [yolo_navigator]: [STATUS] mode=FTG front=10.00 L=1.38 R=2.27 gap=+0.25 v=+0.28 w=+0.07 personLvl=0
[INFO] [1784734006.802053556] [yolo_navigator]: [STATUS] mode=FTG front=10.00 L=1.43 R=2.19 gap=+0.23 v=+0.29 w=+0.06 personLvl=0
[INFO] [1784734011.851463149] [yolo_navigator]: [STATUS] mode=FTG front=10.00 L=1.39 R=2.35 gap=+0.24 v=+0.29 w=+0.08 personLvl=0
[INFO] [1784734016.852534723] [yolo_navigator]: [STATUS] mode=FTG front=10.00 L=1.20 R=2.23 gap=+0.77 v=+0.10 w=+0.43 personLvl=0
[INFO] [1784734021.902943621] [yolo_navigator]: [STATUS] mode=FTG front=10.00 L=0.90 R=1.97 gap=+0.59 v=+0.12 w=+0.23 personLvl=0
[INFO] [1784734026.928432374] [yolo_navigator]: [STATUS] mode=FTG front=10.00 L=0.53 R=1.58 gap=+0.44 v=+0.19 w=+0.18 personLvl=0
[INFO] [1784734031.902599533] [yolo_navigator]: [STATUS] mode=FTG front=10.00 L=0.90 R=1.23 gap=+0.31 v=+0.25 w=+0.02 personLvl=0
[INFO] [1784734036.959714733] [yolo_navigator]: [STATUS] mode=FTG front=10.00 L=2.91 R=0.87 gap=+0.07 v=+0.36 w=-0.21 personLvl=0
[INFO] [1784734042.001647307] [yolo_navigator]: [STATUS] mode=FTG front=0.76 L=3.53 R=0.54 gap=+0.39 v=+0.21 w=+0.06 personLvl=0
[INFO] [1784734047.002006989] [yolo_navigator]: [STATUS] mode=FTG front=0.41 L=3.41 R=0.37 gap=+0.35 v=+0.06 w=+0.01 personLvl=0
[INFO] [1784734047.750987449] [yolo_navigator]: [ROTATE_OPEN] front=0.40 open=+1.36
[INFO] [1784734048.501656187] [yolo_navigator]: [FTG] gap=+0.34 W=3.05
[INFO] [1784734052.051849020] [yolo_navigator]: [STATUS] mode=FTG front=10.00 L=2.62 R=0.69 gap=-0.27 v=+0.27 w=+0.07 personLvl=0
[INFO] [1784734057.102305245] [yolo_navigator]: [STATUS] mode=FTG front=10.00 L=2.83 R=0.96 gap=+0.39 v=+0.21 w=+0.08 personLvl=0
[INFO] [1784734062.152454531] [yolo_navigator]: [STATUS] mode=FTG front=10.00 L=2.37 R=1.33 gap=+0.36 v=+0.23 w=+0.05 personLvl=0
[INFO] [1784734067.213114888] [yolo_navigator]: [STATUS] mode=FTG front=10.00 L=1.88 R=1.79 gap=+0.36 v=+0.23 w=+0.04 personLvl=0
[INFO] [1784734072.229879548] [yolo_navigator]: [STATUS] mode=FTG front=10.00 L=1.37 R=2.35 gap=+0.34 v=+0.23 w=+0.01 personLvl=0
[INFO] [1784734077.252206947] [yolo_navigator]: [STATUS] mode=FTG front=10.00 L=0.99 R=2.88 gap=+0.35 v=+0.23 w=+0.01 personLvl=0
[INFO] [1784734082.300926330] [yolo_navigator]: [STATUS] mode=FTG front=10.00 L=0.78 R=2.95 gap=+0.35 v=+0.23 w=+0.04 personLvl=0
[INFO] [1784734087.301985305] [yolo_navigator]: [STATUS] mode=FTG front=10.00 L=2.75 R=2.31 gap=+0.37 v=+0.22 w=+0.09 personLvl=0
[INFO] [1784734092.352036538] [yolo_navigator]: [STATUS] mode=FTG front=10.00 L=2.56 R=1.71 gap=+0.30 v=+0.26 w=-0.01 personLvl=0
[INFO] [1784734097.402063059] [yolo_navigator]: [STATUS] mode=FTG front=1.08 L=2.46 R=1.10 gap=+0.38 v=+0.22 w=+0.05 personLvl=0
[INFO] [1784734102.401686765] [yolo_navigator]: [STATUS] mode=FTG front=0.53 L=2.48 R=0.58 gap=+0.34 v=+0.13 w=+0.00 personLvl=0
[INFO] [1784734104.700770554] [yolo_navigator]: [ROTATE_OPEN] front=0.40 open=+0.37
[INFO] [1784734106.001604147] [yolo_navigator]: [FTG] gap=+0.06 W=7.39
[INFO] [1784734107.450661573] [yolo_navigator]: [STATUS] mode=FTG front=10.00 L=2.33 R=0.43 gap=-0.29 v=+0.26 w=+0.13 personLvl=0
[INFO] [1784734112.452651579] [yolo_navigator]: [STATUS] mode=FTG front=10.00 L=1.77 R=4.19 gap=-0.17 v=+0.32 w=+0.09 personLvl=0
[INFO] [1784734117.501949578] [yolo_navigator]: [STATUS] mode=FTG front=10.00 L=1.24 R=4.36 gap=-0.23 v=+0.29 w=+0.02 personLvl=0
[INFO] [1784734122.504106786] [yolo_navigator]: [STATUS] mode=FTG front=10.00 L=0.89 R=5.67 gap=-0.27 v=+0.27 w=+0.01 personLvl=0
[INFO] [1784734127.552217319] [yolo_navigator]: [STATUS] mode=FTG front=10.00 L=0.84 R=5.11 gap=-0.18 v=+0.31 w=-0.05 personLvl=0
[INFO] [1784734132.601369619] [yolo_navigator]: [STATUS] mode=FTG front=10.00 L=2.30 R=4.47 gap=+1.03 v=+0.10 w=+0.93 personLvl=0
[INFO] [1784734137.601234682] [yolo_navigator]: [STATUS] mode=FTG front=10.00 L=1.13 R=1.94 gap=+0.35 v=+0.23 w=+0.04 personLvl=0
[INFO] [1784734142.652211972] [yolo_navigator]: [STATUS] mode=FTG front=10.00 L=1.18 R=1.37 gap=+0.25 v=+0.28 w=+0.16 personLvl=0
[INFO] [1784734147.651390904] [yolo_navigator]: [STATUS] mode=FTG front=10.00 L=1.58 R=1.04 gap=+0.13 v=+0.34 w=+0.00 personLvl=0
[INFO] [1784734152.652582843] [yolo_navigator]: [STATUS] mode=FTG front=10.00 L=3.17 R=0.83 gap=+0.14 v=+0.33 w=+0.01 personLvl=0
[INFO] [1784734157.701780746] [yolo_navigator]: [STATUS] mode=FTG front=10.00 L=2.85 R=0.72 gap=-0.14 v=+0.33 w=-0.02 personLvl=0
[INFO] [1784734161.158717723] [yolo_navigator]: [PERSON] level=2 h=260px
[INFO] [1784734162.353285882] [yolo_navigator]: [PERSON] level=0 h=0px
[INFO] [1784734162.701747417] [yolo_navigator]: [STATUS] mode=FTG front=10.00 L=2.62 R=1.98 gap=+0.26 v=+0.27 w=+0.17 personLvl=0
[INFO] [1784734167.701983202] [yolo_navigator]: [STATUS] mode=FTG front=10.00 L=1.94 R=1.99 gap=+0.16 v=+0.32 w=+0.04 personLvl=0
[INFO] [1784734172.752252765] [yolo_navigator]: [STATUS] mode=FTG front=10.00 L=1.30 R=1.42 gap=+0.17 v=+0.32 w=+0.04 personLvl=0
[INFO] [1784734177.801043111] [yolo_navigator]: [STATUS] mode=FTG front=10.00 L=1.19 R=1.10 gap=+0.03 v=+0.38 w=-0.04 personLvl=0
[INFO] [1784734182.897986302] [yolo_navigator]: [STATUS] mode=FTG front=10.00 L=1.37 R=2.31 gap=+0.28 v=+0.27 w=+0.11 personLvl=0
[INFO] [1784734187.902488887] [yolo_navigator]: [STATUS] mode=FTG front=10.00 L=1.43 R=2.20 gap=+0.26 v=+0.27 w=+0.10 personLvl=0
[INFO] [1784734192.951803840] [yolo_navigator]: [STATUS] mode=FTG front=10.00 L=1.43 R=2.23 gap=+0.25 v=+0.28 w=+0.09 personLvl=0
[INFO] [1784734198.001900482] [yolo_navigator]: [STATUS] mode=FTG front=10.00 L=1.33 R=2.50 gap=+0.30 v=+0.26 w=+0.14 personLvl=0
[INFO] [1784734202.850894416] [yolo_navigator]: [WEDGE] open=+0.40
[INFO] [1784734202.952906761] [yolo_navigator]: [FTG] gap=-0.04 W=7.82
[INFO] [1784734203.002599017] [yolo_navigator]: [STATUS] mode=FTG front=10.00 L=1.10 R=2.16 gap=-0.04 v=+0.38 w=-0.22 personLvl=0
[INFO] [1784734208.070432738] [yolo_navigator]: [STATUS] mode=FTG front=10.00 L=0.67 R=1.75 gap=+0.61 v=+0.11 w=+0.37 personLvl=0
[INFO] [1784734213.104181706] [yolo_navigator]: [STATUS] mode=FTG front=10.00 L=0.71 R=1.37 gap=+0.30 v=+0.26 w=+0.02 personLvl=0
[INFO] [1784734218.152168560] [yolo_navigator]: [STATUS] mode=FTG front=10.00 L=3.07 R=1.00 gap=+0.53 v=+0.15 w=+0.25 personLvl=0
[INFO] [1784734223.151303615] [yolo_navigator]: [STATUS] mode=FTG front=0.90 L=2.73 R=0.65 gap=+0.46 v=+0.18 w=+0.15 personLvl=0
[INFO] [1784734228.151837902] [yolo_navigator]: [STATUS] mode=FTG front=0.57 L=3.77 R=0.44 gap=+0.35 v=+0.15 w=+0.01 personLvl=0
[INFO] [1784734231.101233492] [yolo_navigator]: [ROTATE_OPEN] front=0.40 open=+1.36
[INFO] [1784734231.851957205] [yolo_navigator]: [FTG] gap=+0.34 W=2.90
[INFO] [1784734233.201124198] [yolo_navigator]: [STATUS] mode=FTG front=10.00 L=3.70 R=0.41 gap=+0.07 v=+0.36 w=+0.19 personLvl=0
[INFO] [1784734238.201372628] [yolo_navigator]: [STATUS] mode=FTG front=10.00 L=3.00 R=0.87 gap=+0.34 v=+0.23 w=-0.06 personLvl=0
[INFO] [1784734243.210093057] [yolo_navigator]: [STATUS] mode=FTG front=10.00 L=2.53 R=1.18 gap=+0.35 v=+0.23 w=+0.03 personLvl=0
[INFO] [1784734248.252039508] [yolo_navigator]: [STATUS] mode=FTG front=10.00 L=2.04 R=1.63 gap=+0.34 v=+0.24 w=+0.02 personLvl=0
[INFO] [1784734253.302134044] [yolo_navigator]: [STATUS] mode=FTG front=10.00 L=1.56 R=2.14 gap=+0.34 v=+0.24 w=+0.01 personLvl=0
[INFO] [1784734258.335271681] [yolo_navigator]: [STATUS] mode=FTG front=10.00 L=1.12 R=2.68 gap=+0.35 v=+0.23 w=+0.01 personLvl=0
[INFO] [1784734263.352209593] [yolo_navigator]: [STATUS] mode=FTG front=10.00 L=0.81 R=3.10 gap=+0.36 v=+0.23 w=+0.02 personLvl=0
[INFO] [1784734268.401916994] [yolo_navigator]: [STATUS] mode=FTG front=10.00 L=0.89 R=2.46 gap=+0.24 v=+0.28 w=-0.09 personLvl=0
[INFO] [1784734273.451916932] [yolo_navigator]: [STATUS] mode=FTG front=10.00 L=2.60 R=1.85 gap=+0.31 v=+0.25 w=+0.02 personLvl=0
[INFO] [1784734278.452431433] [yolo_navigator]: [STATUS] mode=FTG front=10.00 L=2.48 R=1.24 gap=+0.41 v=+0.20 w=+0.10 personLvl=0
[INFO] [1784734283.452447889] [yolo_navigator]: [STATUS] mode=FTG front=0.68 L=2.46 R=0.71 gap=+0.36 v=+0.22 w=+0.03 personLvl=0
[INFO] [1784734287.651871915] [yolo_navigator]: [ROTATE_OPEN] front=0.40 open=+0.37
[INFO] [1784734288.502370644] [yolo_navigator]: [STATUS] mode=ROTATE_OPEN front=0.38 L=2.48 R=0.44 gap=+0.31 v=+0.00 w=+1.00 personLvl=0
[INFO] [1784734289.150725297] [yolo_navigator]: [FTG] gap=+0.01 W=7.39
[INFO] [1784734293.551563740] [yolo_navigator]: [STATUS] mode=FTG front=10.00 L=1.98 R=1.52 gap=+0.00 v=+0.40 w=-0.27 personLvl=0
[INFO] [1784734298.602664002] [yolo_navigator]: [STATUS] mode=FTG front=10.00 L=1.84 R=3.68 gap=-0.23 v=+0.29 w=+0.15 personLvl=0
[INFO] [1784734303.652400584] [yolo_navigator]: [STATUS] mode=FTG front=10.00 L=2.18 R=3.37 gap=-0.28 v=+0.26 w=+0.09 personLvl=0
[INFO] [1784734308.651916930] [yolo_navigator]: [STATUS] mode=FTG front=10.00 L=4.00 R=3.19 gap=+0.46 v=+0.18 w=+0.88 personLvl=0
[INFO] [1784734313.652472608] [yolo_navigator]: [STATUS] mode=FTG front=10.00 L=1.96 R=4.43 gap=-0.22 v=+0.30 w=-0.01 personLvl=0
[INFO] [1784734318.701039053] [yolo_navigator]: [STATUS] mode=FTG front=10.00 L=2.33 R=3.87 gap=-0.24 v=+0.29 w=-0.03 personLvl=0
[INFO] [1784734323.702524808] [yolo_navigator]: [STATUS] mode=FTG front=10.00 L=2.32 R=3.43 gap=-0.39 v=+0.21 w=-0.05 personLvl=0
[INFO] [1784734328.702708214] [yolo_navigator]: [STATUS] mode=FTG front=10.00 L=1.99 R=3.00 gap=-0.81 v=+0.10 w=-0.61 personLvl=0
[INFO] [1784734333.712117651] [yolo_navigator]: [STATUS] mode=FTG front=10.00 L=1.79 R=2.89 gap=+0.50 v=+0.16 w=+0.18 personLvl=0
[INFO] [1784734338.751620767] [yolo_navigator]: [STATUS] mode=FTG front=10.00 L=2.38 R=1.31 gap=-0.05 v=+0.38 w=-0.15 personLvl=0
[INFO] [1784734339.102565591] [yolo_navigator]: [PERSON] level=1 h=154px
[INFO] [1784734339.802166222] [yolo_navigator]: [PERSON] level=0 h=0px
[INFO] [1784734340.302344339] [yolo_navigator]: [PERSON] level=1 h=157px
[INFO] [1784734343.251481026] [yolo_navigator]: [PERSON] level=0 h=0px
[INFO] [1784734343.802746316] [yolo_navigator]: [STATUS] mode=FTG front=10.00 L=2.00 R=0.69 gap=-0.06 v=+0.37 w=+0.04 personLvl=0
[INFO] [1784734348.851660277] [yolo_navigator]: [STATUS] mode=FTG front=10.00 L=1.49 R=0.92 gap=-0.10 v=+0.35 w=-0.01 personLvl=0
[INFO] [1784734353.852435385] [yolo_navigator]: [STATUS] mode=FTG front=10.00 L=1.39 R=1.40 gap=-0.11 v=+0.35 w=-0.02 personLvl=0
[INFO] [1784734358.852422963] [yolo_navigator]: [STATUS] mode=FTG front=10.00 L=1.99 R=2.67 gap=+0.26 v=+0.28 w=+0.03 personLvl=0
[INFO] [1784734363.901283085] [yolo_navigator]: [STATUS] mode=FTG front=10.00 L=1.50 R=2.24 gap=+0.16 v=+0.32 w=+0.05 personLvl=0
[INFO] [1784734368.902254012] [yolo_navigator]: [STATUS] mode=FTG front=10.00 L=0.94 R=1.66 gap=+0.20 v=+0.30 w=+0.12 personLvl=0
[INFO] [1784734373.977295779] [yolo_navigator]: [STATUS] mode=FTG front=10.00 L=0.71 R=1.44 gap=+0.14 v=+0.33 w=+0.01 personLvl=0
[INFO] [1784734379.001660159] [yolo_navigator]: [STATUS] mode=FTG front=10.00 L=1.21 R=2.57 gap=+0.26 v=+0.28 w=+0.13 personLvl=0
[INFO] [1784734384.001696434] [yolo_navigator]: [STATUS] mode=FTG front=10.00 L=1.30 R=2.37 gap=+0.25 v=+0.28 w=+0.10 personLvl=0
[INFO] [1784734389.051299811] [yolo_navigator]: [STATUS] mode=FTG front=10.00 L=1.30 R=2.39 gap=+0.26 v=+0.28 w=+0.12 personLvl=0
[INFO] [1784734394.051921796] [yolo_navigator]: [STATUS] mode=FTG front=10.00 L=1.17 R=2.25 gap=+0.88 v=+0.10 w=+0.60 personLvl=0
[INFO] [1784734399.052665221] [yolo_navigator]: [STATUS] mode=FTG front=10.00 L=0.94 R=2.07 gap=+0.53 v=+0.15 w=+0.06 personLvl=0
[INFO] [1784734404.101535833] [yolo_navigator]: [STATUS] mode=FTG front=10.00 L=0.57 R=1.73 gap=-0.01 v=+0.40 w=-0.28 personLvl=0
[INFO] [1784734409.103043505] [yolo_navigator]: [STATUS] mode=FTG front=10.00 L=0.77 R=1.33 gap=+0.30 v=+0.26 w=+0.02 personLvl=0
[INFO] [1784734414.176506350] [yolo_navigator]: [STATUS] mode=FTG front=1.19 L=2.44 R=0.93 gap=+0.58 v=+0.12 w=+0.32 personLvl=0
[INFO] [1784734419.201316527] [yolo_navigator]: [STATUS] mode=FTG front=0.86 L=2.65 R=0.64 gap=+0.46 v=+0.18 w=+0.15 personLvl=0
[INFO] [1784734424.293383022] [yolo_navigator]: [STATUS] mode=FTG front=0.52 L=3.59 R=0.41 gap=+0.35 v=+0.12 w=+0.01 personLvl=0
[INFO] [1784734426.900519268] [yolo_navigator]: [ROTATE_OPEN] front=0.40 open=+1.36
[INFO] [1784734427.651361271] [yolo_navigator]: [FTG] gap=+0.34 W=2.79
[INFO] [1784734429.302732704] [yolo_navigator]: [STATUS] mode=FTG front=10.00 L=3.62 R=0.45 gap=+0.01 v=+0.40 w=-0.02 personLvl=0
[INFO] [1784734434.351413097] [yolo_navigator]: [STATUS] mode=FTG front=10.00 L=2.92 R=0.89 gap=+0.39 v=+0.21 w=+0.08 personLvl=0
[INFO] [1784734439.352518833] [yolo_navigator]: [STATUS] mode=FTG front=10.00 L=2.51 R=1.19 gap=+0.35 v=+0.23 w=+0.03 personLvl=0
[INFO] [1784734444.362024928] [yolo_navigator]: [STATUS] mode=FTG front=10.00 L=2.10 R=1.57 gap=+0.34 v=+0.24 w=+0.03 personLvl=0
[INFO] [1784734449.422762259] [yolo_navigator]: [STATUS] mode=FTG front=10.00 L=1.69 R=2.00 gap=+0.34 v=+0.24 w=+0.01 personLvl=0
[INFO] [1784734454.458153892] [yolo_navigator]: [STATUS] mode=FTG front=10.00 L=1.27 R=2.47 gap=+0.35 v=+0.23 w=+0.01 personLvl=0
[INFO] [1784734459.501982944] [yolo_navigator]: [STATUS] mode=FTG front=10.00 L=0.95 R=2.97 gap=+0.35 v=+0.23 w=+0.01 personLvl=0
[INFO] [1784734464.552878761] [yolo_navigator]: [STATUS] mode=FTG front=10.00 L=0.78 R=2.84 gap=+0.49 v=+0.17 w=+0.25 personLvl=0
[INFO] [1784734469.552534110] [yolo_navigator]: [STATUS] mode=FTG front=10.00 L=2.71 R=2.20 gap=+0.35 v=+0.23 w=+0.06 personLvl=0
[INFO] [1784734474.563101102] [yolo_navigator]: [STATUS] mode=FTG front=10.00 L=2.54 R=1.63 gap=+0.30 v=+0.26 w=-0.01 personLvl=0
[INFO] [1784734479.601938004] [yolo_navigator]: [STATUS] mode=FTG front=1.01 L=2.45 R=1.03 gap=+0.37 v=+0.22 w=+0.05 personLvl=0
[INFO] [1784734484.601150972] [yolo_navigator]: [STATUS] mode=FTG front=0.46 L=2.52 R=0.50 gap=+0.32 v=+0.09 w=-0.03 personLvl=0
[INFO] [1784734486.201242226] [yolo_navigator]: [ROTATE_OPEN] front=0.39 open=+0.38
[INFO] [1784734487.701389995] [yolo_navigator]: [FTG] gap=+0.01 W=7.27
[INFO] [1784734489.601342624] [yolo_navigator]: [STATUS] mode=FTG front=10.00 L=2.27 R=0.38 gap=+0.16 v=+0.32 w=+0.51 personLvl=0
[INFO] [1784734494.601887355] [yolo_navigator]: [STATUS] mode=FTG front=10.00 L=1.65 R=4.17 gap=-0.19 v=+0.31 w=+0.05 personLvl=0
[INFO] [1784734499.602054714] [yolo_navigator]: [STATUS] mode=FTG front=10.00 L=1.14 R=4.37 gap=-0.27 v=+0.27 w=-0.02 personLvl=0
[INFO] [1784734504.652013414] [yolo_navigator]: [STATUS] mode=FTG front=10.00 L=0.89 R=5.37 gap=-0.29 v=+0.26 w=-0.01 personLvl=0
[INFO] [1784734509.710858013] [yolo_navigator]: [STATUS] mode=FTG front=10.00 L=1.16 R=4.78 gap=-0.30 v=+0.26 w=-0.02 personLvl=0
[INFO] [1784734514.760843564] [yolo_navigator]: [STATUS] mode=FTG front=10.00 L=1.09 R=2.49 gap=+0.37 v=+0.22 w=+0.06 personLvl=0
[INFO] [1784734519.802262636] [yolo_navigator]: [STATUS] mode=FTG front=10.00 L=1.35 R=1.51 gap=+0.53 v=+0.15 w=+0.54 personLvl=0
[INFO] [1784734524.851156724] [yolo_navigator]: [STATUS] mode=FTG front=10.00 L=1.30 R=1.10 gap=+0.13 v=+0.34 w=+0.02 personLvl=0
[INFO] [1784734529.851796505] [yolo_navigator]: [STATUS] mode=FTG front=10.00 L=3.26 R=0.88 gap=+0.14 v=+0.33 w=+0.02 personLvl=0
[INFO] [1784734534.943066625] [yolo_navigator]: [STATUS] mode=FTG front=10.00 L=2.91 R=0.71 gap=-0.08 v=+0.36 w=+0.06 personLvl=0
[INFO] [1784734539.402123605] [yolo_navigator]: [PERSON] level=2 h=260px
[INFO] [1784734539.955745059] [yolo_navigator]: [STATUS] mode=FTG front=10.00 L=2.64 R=1.97 gap=+0.31 v=+0.10 w=+0.24 personLvl=2
[INFO] [1784734540.601201884] [yolo_navigator]: [PERSON] level=0 h=0px
[INFO] [1784734544.951957349] [yolo_navigator]: [STATUS] mode=FTG front=10.00 L=2.08 R=2.00 gap=+0.15 v=+0.33 w=+0.03 personLvl=0
[INFO] [1784734550.008583889] [yolo_navigator]: [STATUS] mode=FTG front=10.00 L=1.36 R=1.47 gap=+0.00 v=+0.40 w=-0.05 personLvl=0
[INFO] [1784734555.064057810] [yolo_navigator]: [STATUS] mode=FTG front=10.00 L=1.10 R=1.10 gap=-0.01 v=+0.40 w=-0.07 personLvl=0
[INFO] [1784734560.101124624] [yolo_navigator]: [STATUS] mode=FTG front=10.00 L=1.38 R=2.30 gap=+0.30 v=+0.26 w=+0.14 personLvl=0
[INFO] [1784734565.102860279] [yolo_navigator]: [STATUS] mode=FTG front=10.00 L=1.43 R=2.20 gap=+0.27 v=+0.27 w=+0.10 personLvl=0
[INFO] [1784734570.102790324] [yolo_navigator]: [STATUS] mode=FTG front=10.00 L=1.44 R=2.21 gap=+0.26 v=+0.27 w=+0.10 personLvl=0
[INFO] [1784734575.116369689] [yolo_navigator]: [STATUS] mode=FTG front=10.00 L=1.36 R=2.44 gap=+0.30 v=+0.26 w=+0.14 personLvl=0
[INFO] [1784734580.151113610] [yolo_navigator]: [STATUS] mode=FTG front=10.00 L=1.13 R=2.16 gap=+0.58 v=+0.12 w=+0.16 personLvl=0
[INFO] [1784734585.152954168] [yolo_navigator]: [STATUS] mode=FTG front=10.00 L=0.76 R=1.84 gap=+0.03 v=+0.38 w=-0.23 personLvl=0
[INFO] [1784734590.202245330] [yolo_navigator]: [STATUS] mode=FTG front=10.00 L=0.67 R=1.42 gap=+0.36 v=+0.23 w=+0.10 personLvl=0
[INFO] [1784734595.279984027] [yolo_navigator]: [STATUS] mode=FTG front=10.00 L=1.10 R=1.09 gap=+0.32 v=+0.25 w=+0.03 personLvl=0
[INFO] [1784734600.303221361] [yolo_navigator]: [STATUS] mode=FTG front=0.80 L=1.76 R=0.69 gap=+0.61 v=+0.11 w=+0.36 personLvl=0
[INFO] [1784734605.352314984] [yolo_navigator]: [STATUS] mode=FTG front=0.70 L=3.91 R=0.49 gap=+0.35 v=+0.23 w=+0.01 personLvl=0
[INFO] [1784734609.303317898] [yolo_navigator]: [ROTATE_OPEN] front=0.40 open=+1.36
[INFO] [1784734609.701557310] [yolo_navigator]: [FTG] gap=+0.34 W=2.87
[INFO] [1784734610.402272292] [yolo_navigator]: [STATUS] mode=FTG front=0.80 L=3.78 R=0.38 gap=+0.14 v=+0.33 w=+1.10 personLvl=0
[INFO] [1784734615.412706838] [yolo_navigator]: [STATUS] mode=FTG front=10.00 L=3.02 R=0.82 gap=+0.27 v=+0.27 w=-0.15 personLvl=0
[INFO] [1784734620.452065896] [yolo_navigator]: [STATUS] mode=FTG front=10.00 L=2.61 R=1.12 gap=+0.35 v=+0.23 w=+0.03 personLvl=0
[INFO] [1784734625.475345253] [yolo_navigator]: [STATUS] mode=FTG front=10.00 L=2.18 R=1.49 gap=+0.35 v=+0.23 w=+0.05 personLvl=0
[INFO] [1784734630.501548712] [yolo_navigator]: [STATUS] mode=FTG front=10.00 L=1.71 R=1.98 gap=+0.34 v=+0.24 w=+0.01 personLvl=0
[INFO] [1784734635.578937127] [yolo_navigator]: [STATUS] mode=FTG front=10.00 L=1.29 R=2.45 gap=+0.35 v=+0.23 w=+0.01 personLvl=0
[INFO] [1784734640.571287542] [yolo_navigator]: [STATUS] mode=FTG front=10.00 L=0.94 R=2.99 gap=+0.35 v=+0.23 w=+0.01 personLvl=0
[INFO] [1784734645.601559566] [yolo_navigator]: [STATUS] mode=FTG front=10.00 L=0.78 R=2.81 gap=+0.33 v=+0.24 w=+0.02 personLvl=0
[INFO] [1784734650.604000279] [yolo_navigator]: [STATUS] mode=FTG front=10.00 L=2.70 R=2.16 gap=+0.33 v=+0.24 w=+0.04 personLvl=0
[INFO] [1784734655.651576779] [yolo_navigator]: [STATUS] mode=FTG front=10.00 L=2.53 R=1.54 gap=+0.30 v=+0.26 w=-0.01 personLvl=0
[INFO] [1784734660.654235812] [yolo_navigator]: [STATUS] mode=FTG front=0.98 L=2.45 R=0.99 gap=+0.36 v=+0.23 w=+0.03 personLvl=0
[INFO] [1784734665.721654825] [yolo_navigator]: [STATUS] mode=FTG front=0.49 L=2.51 R=0.53 gap=+0.36 v=+0.10 w=+0.03 personLvl=0
[INFO] [1784734667.851551974] [yolo_navigator]: [ROTATE_OPEN] front=0.39 open=+0.38
[INFO] [1784734669.451434698] [yolo_navigator]: [FTG] gap=+0.03 W=7.26
[INFO] [1784734670.752068309] [yolo_navigator]: [STATUS] mode=FTG front=10.00 L=2.36 R=0.45 gap=+0.16 v=+0.32 w=-0.24 personLvl=0
[INFO] [1784734675.801473064] [yolo_navigator]: [STATUS] mode=FTG front=10.00 L=2.00 R=1.02 gap=+0.32 v=+0.25 w=-0.04 personLvl=0
[INFO] [1784734680.852271219] [yolo_navigator]: [STATUS] mode=FTG front=10.00 L=1.95 R=3.52 gap=-0.23 v=+0.29 w=+0.15 personLvl=0
[INFO] [1784734685.878477286] [yolo_navigator]: [STATUS] mode=FTG front=10.00 L=2.34 R=3.27 gap=-0.32 v=+0.25 w=+0.04 personLvl=0
[INFO] [1784734690.872586579] [yolo_navigator]: [STATUS] mode=FTG front=10.00 L=2.42 R=3.11 gap=+0.29 v=+0.26 w=+0.65 personLvl=0
[INFO] [1784734695.901553028] [yolo_navigator]: [STATUS] mode=FTG front=10.00 L=2.00 R=4.21 gap=-0.23 v=+0.29 w=-0.02 personLvl=0
[INFO] [1784734700.952368738] [yolo_navigator]: [STATUS] mode=FTG front=10.00 L=2.61 R=3.69 gap=-0.51 v=+0.16 w=-0.17 personLvl=0
[INFO] [1784734705.955624857] [yolo_navigator]: [STATUS] mode=FTG front=10.00 L=2.23 R=3.22 gap=-0.38 v=+0.22 w=-0.02 personLvl=0
[INFO] [1784734711.001554406] [yolo_navigator]: [STATUS] mode=FTG front=10.00 L=1.98 R=2.83 gap=+1.12 v=+0.10 w=+1.06 personLvl=0
[INFO] [1784734716.001491221] [yolo_navigator]: [STATUS] mode=FTG front=10.00 L=1.43 R=2.66 gap=+0.05 v=+0.37 w=+0.02 personLvl=0
[INFO] [1784734721.002465876] [yolo_navigator]: [STATUS] mode=FTG front=10.00 L=0.75 R=2.37 gap=+0.11 v=+0.35 w=+0.13 personLvl=0
[INFO] [1784734722.101411273] [yolo_navigator]: [WEDGE] open=+0.19
[INFO] [1784734722.303731826] [yolo_navigator]: [FTG] gap=+0.35 W=2.43
[INFO] [1784734726.012357231] [yolo_navigator]: [STATUS] mode=FTG front=10.00 L=0.81 R=1.95 gap=-0.04 v=+0.38 w=-0.31 personLvl=0
[INFO] [1784734731.051341696] [yolo_navigator]: [STATUS] mode=FTG front=10.00 L=1.77 R=1.57 gap=+0.31 v=+0.25 w=+0.13 personLvl=0
[INFO] [1784734736.052034486] [yolo_navigator]: [STATUS] mode=FTG front=10.00 L=1.70 R=1.34 gap=+0.08 v=+0.36 w=+0.05 personLvl=0
[INFO] [1784734741.073700247] [yolo_navigator]: [STATUS] mode=FTG front=10.00 L=1.67 R=1.24 gap=+0.09 v=+0.36 w=+0.04 personLvl=0
[INFO] [1784734746.101875146] [yolo_navigator]: [STATUS] mode=FTG front=10.00 L=1.57 R=1.07 gap=+0.46 v=+0.18 w=+0.28 personLvl=0
[INFO] [1784734751.152996218] [yolo_navigator]: [STATUS] mode=FTG front=10.00 L=1.45 R=1.04 gap=+0.28 v=+0.26 w=+0.07 personLvl=0
[INFO] [1784734756.203041157] [yolo_navigator]: [STATUS] mode=FTG front=10.00 L=1.23 R=1.14 gap=+0.28 v=+0.27 w=+0.10 personLvl=0
[INFO] [1784734761.224605706] [yolo_navigator]: [STATUS] mode=FTG front=10.00 L=0.90 R=1.21 gap=+0.90 v=+0.10 w=+0.55 personLvl=0
[INFO] [1784734761.801332601] [yolo_navigator]: [WEDGE] open=+0.65
[INFO] [1784734762.851009837] [yolo_navigator]: [FTG] gap=+0.36 W=0.55
[INFO] [1784734762.951585394] [yolo_navigator]: [WEDGE] open=+0.40
[INFO] [1784734763.001333123] [yolo_navigator]: [FTG] gap=+0.31 W=0.55
[INFO] [1784734763.151219642] [yolo_navigator]: [WEDGE] open=+0.35
[INFO] [1784734763.251281345] [yolo_navigator]: [FTG] gap=-0.10 W=3.85
[INFO] [1784734766.251651186] [yolo_navigator]: [STATUS] mode=FTG front=1.02 L=0.36 R=0.82 gap=+0.54 v=+0.14 w=+0.28 personLvl=0
[INFO] [1784734771.251768768] [yolo_navigator]: [STATUS] mode=FTG front=0.81 L=0.43 R=0.55 gap=+0.35 v=+0.23 w=+0.02 personLvl=0
[INFO] [1784734776.252947487] [yolo_navigator]: [STATUS] mode=FTG front=0.43 L=0.51 R=0.37 gap=+0.35 v=+0.06 w=+0.01 personLvl=0
[INFO] [1784734777.001070812] [yolo_navigator]: [ROTATE_OPEN] front=0.40 open=+0.52
[INFO] [1784734777.751376589] [yolo_navigator]: [FTG] gap=+0.34 W=2.82
[INFO] [1784734780.022800439] [yolo_navigator]: [ROTATE_OPEN] front=0.36 open=+0.47
[INFO] [1784734780.151813461] [yolo_navigator]: [REVERSE] front=0.31 dir=+1
[INFO] [1784734781.151386916] [yolo_navigator]: [FTG] gap=+0.16 W=3.26
[INFO] [1784734781.300782489] [yolo_navigator]: [STATUS] mode=FTG front=0.76 L=0.47 R=0.33 gap=+0.07 v=+0.36 w=-0.35 personLvl=0
[INFO] [1784734784.300704073] [yolo_navigator]: [ROTATE_OPEN] front=0.37 open=+0.49
[INFO] [1784734784.501248242] [yolo_navigator]: [REVERSE] front=0.28 dir=+1
[INFO] [1784734785.557810387] [yolo_navigator]: [FTG] gap=+0.14 W=2.27
[INFO] [1784734786.301811047] [yolo_navigator]: [STATUS] mode=FTG front=0.66 L=0.41 R=0.32 gap=-0.01 v=+0.35 w=-0.22 personLvl=0
[INFO] [1784734786.853649521] [yolo_navigator]: [PERSON] level=2 h=257px
[INFO] [1784734787.151500802] [yolo_navigator]: [PERSON] level=0 h=0px
[INFO] [1784734788.850256500] [yolo_navigator]: [ROTATE_OPEN] front=0.34 open=+0.49
[INFO] [1784734788.901541808] [yolo_navigator]: [REVERSE] front=0.30 dir=+1
[INFO] [1784734788.902206028] [yolo_navigator]: [COMMIT] Ταλάντωση σε περατό στενό (W=2.66) -> αποφασιστικό πέρασμα
[INFO] [1784734788.952161899] [yolo_navigator]: [COMMIT] steer=-0.47 front=0.30
[INFO] [1784734789.376547406] [yolo_navigator]: [COMMIT] Απέτυχε (front<0.15), αποτυχία #1
[INFO] [1784734789.377050324] [yolo_navigator]: [REVERSE] front=0.13 dir=+1
[INFO] [1784734790.900939829] [yolo_navigator]: [FTG] gap=+0.04 W=2.03
[INFO] [1784734791.352214357] [yolo_navigator]: [STATUS] mode=FTG front=10.00 L=0.36 R=0.31 gap=+0.06 v=+0.37 w=-0.05 personLvl=0
[INFO] [1784734791.800861023] [yolo_navigator]: [ROTATE_OPEN] front=0.37 open=+0.05
[INFO] [1784734791.902057785] [yolo_navigator]: [TRAP] L=0.35 R=0.33
[INFO] [1784734791.902683060] [yolo_navigator]: [WALL_FOLLOW] 5x REVERSE/TRAP σε 60s -> ακολουθώ τον δεξιό τοίχο για 25s (L=0.35 R=0.33)
[INFO] [1784734791.966580696] [yolo_navigator]: [WALL_FOLLOW] side=R d=0.33 front=0.36
[INFO] [1784734796.366793743] [yolo_navigator]: [STATUS] mode=WALL_FOLLOW front=0.20 L=0.38 R=0.28 gap=+1.22 v=+0.00 w=+1.00 personLvl=0
[INFO] [1784734801.436058868] [yolo_navigator]: [STATUS] mode=WALL_FOLLOW front=10.00 L=0.33 R=0.48 gap=+0.09 v=+0.22 w=+0.02 personLvl=0
[INFO] [1784734806.461493649] [yolo_navigator]: [STATUS] mode=WALL_FOLLOW front=10.00 L=0.34 R=0.59 gap=-0.55 v=+0.22 w=-0.14 personLvl=0
[INFO] [1784734811.725961040] [yolo_navigator]: [STATUS] mode=WALL_FOLLOW front=10.00 L=0.66 R=0.54 gap=-0.59 v=+0.22 w=-0.06 personLvl=0
[INFO] [1784734816.605033022] [yolo_navigator]: [STATUS] mode=WALL_FOLLOW front=10.00 L=1.63 R=0.70 gap=+0.19 v=+0.22 w=-0.29 personLvl=0
[INFO] [1784734816.903118854] [yolo_navigator]: [FTG] gap=-0.14 W=2.64
[INFO] [1784734821.602194379] [yolo_navigator]: [STATUS] mode=FTG front=10.00 L=1.26 R=2.80 gap=-0.34 v=+0.24 w=-0.06 personLvl=0
[INFO] [1784734826.652327244] [yolo_navigator]: [STATUS] mode=FTG front=10.00 L=0.89 R=2.79 gap=-0.08 v=+0.36 w=+0.21 personLvl=0
[INFO] [1784734831.701460931] [yolo_navigator]: [STATUS] mode=FTG front=0.77 L=0.53 R=2.81 gap=-0.37 v=+0.22 w=-0.03 personLvl=0
[INFO] [1784734836.501674114] [yolo_navigator]: [ROTATE_OPEN] front=0.40 open=-0.98
[INFO] [1784734836.715786350] [yolo_navigator]: [STATUS] mode=ROTATE_OPEN front=0.39 L=0.36 R=2.83 gap=-0.35 v=+0.00 w=-1.00 personLvl=0
[INFO] [1784734837.250612562] [yolo_navigator]: [FTG] gap=-0.32 W=1.98
[INFO] [1784734841.752193049] [yolo_navigator]: [STATUS] mode=FTG front=10.00 L=0.64 R=2.34 gap=-0.16 v=+0.32 w=+0.18 personLvl=0
[INFO] [1784734846.801911223] [yolo_navigator]: [STATUS] mode=FTG front=10.00 L=0.98 R=1.76 gap=-0.09 v=+0.36 w=+0.28 personLvl=0
[INFO] [1784734851.852463262] [yolo_navigator]: [STATUS] mode=FTG front=10.00 L=1.21 R=1.26 gap=+0.18 v=+0.31 w=-0.20 personLvl=0
[INFO] [1784734856.901490958] [yolo_navigator]: [STATUS] mode=FTG front=10.00 L=1.48 R=3.96 gap=+0.18 v=+0.31 w=-0.20 personLvl=0
[INFO] [1784734861.990435719] [yolo_navigator]: [STATUS] mode=FTG front=10.00 L=1.80 R=3.67 gap=+0.18 v=+0.31 w=-0.20 personLvl=0
[INFO] [1784734867.000400315] [yolo_navigator]: [STATUS] mode=FTG front=10.00 L=2.15 R=3.48 gap=+0.35 v=+0.23 w=+0.00 personLvl=0
[INFO] [1784734872.010353357] [yolo_navigator]: [STATUS] mode=FTG front=10.00 L=2.37 R=3.46 gap=+0.36 v=+0.23 w=+0.02 personLvl=0
[INFO] [1784734877.051969388] [yolo_navigator]: [STATUS] mode=FTG front=10.00 L=2.56 R=4.59 gap=+0.37 v=+0.22 w=+0.02 personLvl=0
[INFO] [1784734882.051957636] [yolo_navigator]: [STATUS] mode=FTG front=10.00 L=2.66 R=4.15 gap=+0.32 v=+0.25 w=-0.04 personLvl=0
[INFO] [1784734887.071723430] [yolo_navigator]: [STATUS] mode=FTG front=10.00 L=3.11 R=3.14 gap=+0.47 v=+0.17 w=+0.19 personLvl=0
[INFO] [1784734892.200688788] [yolo_navigator]: [STATUS] mode=FTG front=10.00 L=2.57 R=1.44 gap=-0.05 v=+0.37 w=+0.00 personLvl=0
[INFO] [1784734897.152171109] [yolo_navigator]: [STATUS] mode=FTG front=10.00 L=2.04 R=1.12 gap=-0.28 v=+0.27 w=-0.01 personLvl=0
[INFO] [1784734902.151525616] [yolo_navigator]: [STATUS] mode=FTG front=10.00 L=1.59 R=1.27 gap=-0.29 v=+0.26 w=-0.02 personLvl=0
[INFO] [1784734907.152494224] [yolo_navigator]: [STATUS] mode=FTG front=10.00 L=1.19 R=3.54 gap=-0.28 v=+0.26 w=-0.02 personLvl=0
[INFO] [1784734912.201365122] [yolo_navigator]: [STATUS] mode=FTG front=10.00 L=0.88 R=3.21 gap=-0.30 v=+0.26 w=+0.05 personLvl=0
[INFO] [1784734917.251656649] [yolo_navigator]: [STATUS] mode=FTG front=10.00 L=0.95 R=2.48 gap=-0.06 v=+0.37 w=-0.00 personLvl=0
[INFO] [1784734922.251710382] [yolo_navigator]: [STATUS] mode=FTG front=10.00 L=1.29 R=1.63 gap=-0.14 v=+0.33 w=-0.01 personLvl=0
[INFO] [1784734927.318619780] [yolo_navigator]: [STATUS] mode=FTG front=10.00 L=1.28 R=0.89 gap=-0.15 v=+0.33 w=-0.06 personLvl=0
[INFO] [1784734932.350849679] [yolo_navigator]: [STATUS] mode=FTG front=10.00 L=1.72 R=0.76 gap=-0.30 v=+0.26 w=-0.08 personLvl=0
[INFO] [1784734937.351846856] [yolo_navigator]: [STATUS] mode=FTG front=10.00 L=2.07 R=0.78 gap=-0.20 v=+0.30 w=+0.01 personLvl=0
[INFO] [1784734942.429164201] [yolo_navigator]: [STATUS] mode=FTG front=10.00 L=1.67 R=0.67 gap=-0.59 v=+0.12 w=-0.23 personLvl=0
[INFO] [1784734947.433577649] [yolo_navigator]: [STATUS] mode=FTG front=10.00 L=1.29 R=3.34 gap=-0.32 v=+0.25 w=-0.04 personLvl=0
[INFO] [1784734952.451947019] [yolo_navigator]: [STATUS] mode=FTG front=10.00 L=0.89 R=2.84 gap=-0.09 v=+0.36 w=+0.19 personLvl=0
[INFO] [1784734957.467509610] [yolo_navigator]: [STATUS] mode=FTG front=0.80 L=0.54 R=3.03 gap=-0.35 v=+0.23 w=-0.02 personLvl=0
[INFO] [1784734962.512164867] [yolo_navigator]: [STATUS] mode=FTG front=0.41 L=0.36 R=3.03 gap=-0.35 v=+0.05 w=-0.01 personLvl=0
[INFO] [1784734962.701167844] [yolo_navigator]: [ROTATE_OPEN] front=0.39 open=-1.24
[INFO] [1784734963.450885702] [yolo_navigator]: [FTG] gap=-0.34 W=2.85
[INFO] [1784734967.551045703] [yolo_navigator]: [STATUS] mode=FTG front=10.00 L=0.56 R=2.62 gap=+0.29 v=+0.26 w=+0.05 personLvl=0
[INFO] [1784734972.551523385] [yolo_navigator]: [STATUS] mode=FTG front=10.00 L=0.84 R=2.24 gap=+0.35 v=+0.23 w=+0.00 personLvl=0
[INFO] [1784734977.569477660] [yolo_navigator]: [STATUS] mode=FTG front=10.00 L=0.91 R=1.35 gap=+0.59 v=+0.12 w=+0.16 personLvl=0
[INFO] [1784734982.601684902] [yolo_navigator]: [STATUS] mode=FTG front=0.79 L=0.64 R=1.05 gap=-0.80 v=+0.10 w=-0.49 personLvl=0
[INFO] [1784734987.621562627] [yolo_navigator]: [STATUS] mode=FTG front=0.56 L=0.43 R=1.04 gap=-0.33 v=+0.15 w=+0.01 personLvl=0
[INFO] [1784734989.251271861] [yolo_navigator]: [ROTATE_OPEN] front=0.40 open=-0.66
[INFO] [1784734989.700388407] [yolo_navigator]: [FTG] gap=-0.28 W=1.45
[INFO] [1784734992.551151317] [yolo_navigator]: [ROTATE_OPEN] front=0.39 open=-0.56
[INFO] [1784734992.651982852] [yolo_navigator]: [STATUS] mode=ROTATE_OPEN front=0.39 L=0.30 R=0.98 gap=-0.16 v=+0.00 w=-1.00 personLvl=0
[INFO] [1784734993.351450705] [yolo_navigator]: [FTG] gap=-0.12 W=1.94
[INFO] [1784734997.701288885] [yolo_navigator]: [STATUS] mode=FTG front=10.00 L=0.45 R=0.62 gap=+0.25 v=+0.28 w=-0.20 personLvl=0
[INFO] [1784735002.759672105] [yolo_navigator]: [STATUS] mode=FTG front=10.00 L=0.57 R=0.32 gap=-0.41 v=+0.20 w=-0.36 personLvl=0
[INFO] [1784735007.801336133] [yolo_navigator]: [STATUS] mode=FTG front=10.00 L=1.10 R=0.62 gap=-0.37 v=+0.22 w=-0.11 personLvl=0
[INFO] [1784735012.802971056] [yolo_navigator]: [STATUS] mode=FTG front=10.00 L=1.79 R=2.37 gap=-0.24 v=+0.28 w=+0.00 personLvl=0
[INFO] [1784735017.851993272] [yolo_navigator]: [STATUS] mode=FTG front=10.00 L=1.67 R=1.86 gap=+0.12 v=+0.34 w=+0.45 personLvl=0
[INFO] [1784735022.901184881] [yolo_navigator]: [STATUS] mode=FTG front=10.00 L=1.16 R=1.28 gap=-0.32 v=+0.25 w=-0.03 personLvl=0
[INFO] [1784735027.951951980] [yolo_navigator]: [STATUS] mode=FTG front=1.01 L=0.77 R=1.00 gap=-0.17 v=+0.32 w=+0.11 personLvl=0
[INFO] [1784735032.977439017] [yolo_navigator]: [STATUS] mode=FTG front=0.75 L=0.52 R=0.98 gap=-0.35 v=+0.23 w=-0.01 personLvl=0
[INFO] [1784735037.701633476] [yolo_navigator]: [ROTATE_OPEN] front=0.40 open=-0.86
[INFO] [1784735038.001792930] [yolo_navigator]: [STATUS] mode=ROTATE_OPEN front=0.39 L=0.36 R=3.41 gap=-0.35 v=+0.00 w=-1.00 personLvl=0
[INFO] [1784735038.451248183] [yolo_navigator]: [FTG] gap=-0.34 W=2.72
[INFO] [1784735043.002016285] [yolo_navigator]: [STATUS] mode=FTG front=10.00 L=0.43 R=3.61 gap=-0.02 v=+0.39 w=-0.33 personLvl=0
[INFO] [1784735045.901305992] [yolo_navigator]: [PERSON] level=1 h=123px
[INFO] [1784735048.051662859] [yolo_navigator]: [STATUS] mode=FTG front=10.00 L=0.69 R=2.91 gap=+0.05 v=+0.22 w=-0.25 personLvl=1
[INFO] [1784735053.101830150] [yolo_navigator]: [STATUS] mode=FTG front=10.00 L=0.94 R=2.41 gap=-0.14 v=+0.18 w=+0.27 personLvl=1
[INFO] [1784735058.152857516] [yolo_navigator]: [STATUS] mode=FTG front=10.00 L=1.11 R=2.00 gap=-0.15 v=+0.18 w=+0.25 personLvl=1
[INFO] [1784735063.200852259] [yolo_navigator]: [STATUS] mode=FTG front=10.00 L=1.23 R=1.60 gap=+0.09 v=+0.21 w=-0.27 personLvl=1
[INFO] [1784735068.267888272] [yolo_navigator]: [STATUS] mode=FTG front=10.00 L=1.46 R=1.29 gap=+0.15 v=+0.18 w=-0.13 personLvl=1
[INFO] [1784735070.401956254] [yolo_navigator]: [PERSON] level=2 h=201px
[INFO] [1784735070.801516507] [yolo_navigator]: [PERSON] level=1 h=199px
[INFO] [1784735070.959625987] [yolo_navigator]: [PERSON] level=2 h=202px
[INFO] [1784735073.346641828] [yolo_navigator]: [STATUS] mode=FTG front=10.00 L=1.62 R=1.13 gap=-0.16 v=+0.10 w=+0.25 personLvl=2
[INFO] [1784735078.433909854] [yolo_navigator]: [STATUS] mode=FTG front=10.00 L=1.67 R=1.14 gap=+0.19 v=+0.10 w=-0.15 personLvl=2
[INFO] [1784735080.860423385] [yolo_navigator]: [PERSON] level=0 h=0px
[INFO] [1784735081.501964278] [yolo_navigator]: [PERSON] level=2 h=239px
[INFO] [1784735083.401659775] [yolo_navigator]: [STATUS] mode=FTG front=10.00 L=1.77 R=1.41 gap=+0.14 v=+0.10 w=-0.16 personLvl=2
[INFO] [1784735088.439401826] [yolo_navigator]: [STATUS] mode=FTG front=10.00 L=1.90 R=1.56 gap=+0.22 v=+0.10 w=-0.11 personLvl=2
[INFO] [1784735093.452827911] [yolo_navigator]: [STATUS] mode=FTG front=10.00 L=2.07 R=1.62 gap=+0.31 v=+0.10 w=+0.01 personLvl=2
[INFO] [1784735097.739228490] [yolo_navigator]: [PERSON] level=0 h=0px
[INFO] [1784735098.502222619] [yolo_navigator]: [STATUS] mode=FTG front=10.00 L=2.04 R=1.97 gap=+0.39 v=+0.21 w=+0.15 personLvl=0
[INFO] [1784735103.501802780] [yolo_navigator]: [STATUS] mode=FTG front=10.00 L=2.14 R=2.17 gap=+0.36 v=+0.23 w=+0.10 personLvl=0
[INFO] [1784735108.513159807] [yolo_navigator]: [STATUS] mode=FTG front=10.00 L=2.21 R=1.60 gap=+0.20 v=+0.31 w=-0.20 personLvl=0
[INFO] [1784735113.550967781] [yolo_navigator]: [STATUS] mode=FTG front=10.00 L=2.28 R=1.08 gap=+0.32 v=+0.25 w=+0.02 personLvl=0
[INFO] [1784735118.551854090] [yolo_navigator]: [STATUS] mode=FTG front=10.00 L=2.33 R=0.79 gap=+0.32 v=+0.25 w=+0.01 personLvl=0
[INFO] [1784735123.559781769] [yolo_navigator]: [STATUS] mode=FTG front=10.00 L=2.25 R=2.61 gap=-0.02 v=+0.39 w=+0.01 personLvl=0
[INFO] [1784735128.600517131] [yolo_navigator]: [STATUS] mode=FTG front=10.00 L=1.97 R=1.63 gap=-0.06 v=+0.37 w=-0.02 personLvl=0
[INFO] [1784735133.601129437] [yolo_navigator]: [STATUS] mode=FTG front=10.00 L=1.62 R=0.82 gap=+0.05 v=+0.38 w=+0.35 personLvl=0
[INFO] [1784735138.616067965] [yolo_navigator]: [STATUS] mode=FTG front=10.00 L=1.35 R=0.64 gap=-0.39 v=+0.22 w=-0.32 personLvl=0
[INFO] [1784735143.651350614] [yolo_navigator]: [STATUS] mode=FTG front=10.00 L=1.11 R=0.99 gap=+0.12 v=+0.34 w=+0.42 personLvl=0
[INFO] [1784735148.717339238] [yolo_navigator]: [STATUS] mode=FTG front=10.00 L=0.80 R=3.83 gap=+0.02 v=+0.39 w=+0.36 personLvl=0
[INFO] [1784735153.701076139] [yolo_navigator]: [STATUS] mode=FTG front=10.00 L=0.68 R=3.48 gap=+0.41 v=+0.20 w=-0.06 personLvl=0
[INFO] [1784735158.702414072] [yolo_navigator]: [STATUS] mode=FTG front=10.00 L=1.28 R=1.32 gap=-0.29 v=+0.26 w=+0.00 personLvl=0
[INFO] [1784735163.702800566] [yolo_navigator]: [STATUS] mode=FTG front=10.00 L=1.93 R=2.17 gap=-0.22 v=+0.29 w=+0.03 personLvl=0
[INFO] [1784735168.751110884] [yolo_navigator]: [STATUS] mode=FTG front=10.00 L=1.84 R=2.65 gap=-0.56 v=+0.13 w=-0.21 personLvl=0
[INFO] [1784735173.751671219] [yolo_navigator]: [STATUS] mode=FTG front=10.00 L=1.43 R=3.09 gap=-0.38 v=+0.22 w=-0.13 personLvl=0
[INFO] [1784735178.819613021] [yolo_navigator]: [STATUS] mode=FTG front=10.00 L=1.04 R=2.76 gap=+0.07 v=+0.37 w=+0.37 personLvl=0
[INFO] [1784735183.850828193] [yolo_navigator]: [STATUS] mode=FTG front=0.74 L=0.61 R=1.96 gap=-0.54 v=+0.14 w=-0.26 personLvl=0
[INFO] [1784735188.870684615] [yolo_navigator]: [STATUS] mode=FTG front=0.49 L=0.40 R=1.96 gap=-0.35 v=+0.10 w=-0.01 personLvl=0
[INFO] [1784735190.800679587] [yolo_navigator]: [ROTATE_OPEN] front=0.40 open=-1.45
[INFO] [1784735191.500589964] [yolo_navigator]: [FTG] gap=-0.34 W=2.85
[INFO] [1784735193.901994990] [yolo_navigator]: [STATUS] mode=FTG front=10.00 L=0.57 R=1.51 gap=+0.45 v=+0.18 w=+0.16 personLvl=0
[INFO] [1784735198.952099396] [yolo_navigator]: [STATUS] mode=FTG front=10.00 L=0.71 R=0.88 gap=+0.34 v=+0.23 w=+0.00 personLvl=0
[INFO] [1784735203.952025190] [yolo_navigator]: [STATUS] mode=FTG front=10.00 L=0.83 R=0.47 gap=+0.61 v=+0.11 w=+0.19 personLvl=0
[INFO] [1784735209.001905071] [yolo_navigator]: [STATUS] mode=FTG front=10.00 L=0.97 R=0.37 gap=-0.43 v=+0.19 w=-0.03 personLvl=0
[INFO] [1784735214.051960160] [yolo_navigator]: [STATUS] mode=FTG front=10.00 L=1.16 R=1.56 gap=-0.43 v=+0.19 w=-0.05 personLvl=0
[INFO] [1784735219.100730827] [yolo_navigator]: [STATUS] mode=FTG front=0.91 L=0.93 R=3.07 gap=-0.67 v=+0.10 w=-0.41 personLvl=0
[INFO] [1784735224.101122520] [yolo_navigator]: [STATUS] mode=FTG front=0.53 L=0.56 R=2.64 gap=-0.35 v=+0.13 w=-0.02 personLvl=0
[INFO] [1784735226.301292263] [yolo_navigator]: [ROTATE_OPEN] front=0.40 open=-0.45
[INFO] [1784735227.057432528] [yolo_navigator]: [FTG] gap=-0.25 W=12.73
[INFO] [1784735228.365379856] [yolo_navigator]: [ROTATE_OPEN] front=0.35 open=-0.21
[INFO] [1784735228.501071077] [yolo_navigator]: [REVERSE] front=0.31 dir=-1
[INFO] [1784735229.102351624] [yolo_navigator]: [STATUS] mode=REVERSE front=0.20 L=0.30 R=3.35 gap=-0.26 v=+0.05 w=-1.20 personLvl=0
[INFO] [1784735229.401723219] [yolo_navigator]: [FTG] gap=-0.12 W=2.08
[INFO] [1784735231.453406490] [yolo_navigator]: [PERSON] level=1 h=130px
[INFO] [1784735232.001426310] [yolo_navigator]: [PERSON] level=0 h=0px
[INFO] [1784735234.151471234] [yolo_navigator]: [STATUS] mode=FTG front=10.00 L=1.76 R=2.60 gap=+0.20 v=+0.31 w=-0.21 personLvl=0
[INFO] [1784735239.188882430] [yolo_navigator]: [STATUS] mode=FTG front=10.00 L=1.44 R=2.22 gap=+0.29 v=+0.26 w=-0.09 personLvl=0
[INFO] [1784735244.201949827] [yolo_navigator]: [STATUS] mode=FTG front=10.00 L=1.80 R=1.98 gap=-0.38 v=+0.22 w=+0.01 personLvl=0
[INFO] [1784735249.241781577] [yolo_navigator]: [STATUS] mode=FTG front=10.00 L=1.95 R=1.84 gap=-0.42 v=+0.20 w=-0.06 personLvl=0
[INFO] [1784735254.266941416] [yolo_navigator]: [STATUS] mode=FTG front=1.05 L=1.11 R=1.43 gap=-0.41 v=+0.20 w=-0.05 personLvl=0
[INFO] [1784735259.302394402] [yolo_navigator]: [STATUS] mode=FTG front=0.54 L=2.41 R=0.58 gap=+0.45 v=+0.11 w=+0.38 personLvl=0
[INFO] [1784735262.951628697] [yolo_navigator]: [ROTATE_OPEN] front=0.39 open=-0.00
[INFO] [1784735263.400387449] [yolo_navigator]: [FTG] gap=-0.04 W=1.61
[INFO] [1784735264.350742666] [yolo_navigator]: [STATUS] mode=FTG front=10.00 L=2.12 R=0.35 gap=+0.04 v=+0.38 w=+0.31 personLvl=0
[INFO] [1784735269.373135273] [yolo_navigator]: [STATUS] mode=FTG front=10.00 L=1.43 R=5.49 gap=-0.01 v=+0.39 w=+0.24 personLvl=0
[INFO] [1784735274.410340450] [yolo_navigator]: [STATUS] mode=FTG front=10.00 L=0.69 R=4.09 gap=-0.18 v=+0.31 w=+0.04 personLvl=0
[INFO] [1784735279.450988610] [yolo_navigator]: [STATUS] mode=FTG front=10.00 L=0.70 R=3.23 gap=-0.20 v=+0.30 w=-0.02 personLvl=0
[INFO] [1784735284.452063004] [yolo_navigator]: [STATUS] mode=FTG front=10.00 L=2.33 R=3.73 gap=-0.74 v=+0.10 w=-0.57 personLvl=0
[INFO] [1784735289.501060345] [yolo_navigator]: [STATUS] mode=FTG front=10.00 L=1.98 R=5.13 gap=-0.40 v=+0.21 w=-0.11 personLvl=0
[INFO] [1784735294.603807752] [yolo_navigator]: [STATUS] mode=FTG front=10.00 L=1.60 R=4.65 gap=-0.49 v=+0.16 w=-0.22 personLvl=0
[INFO] [1784735299.615689582] [yolo_navigator]: [STATUS] mode=FTG front=10.00 L=1.29 R=4.30 gap=-0.19 v=+0.31 w=+0.07 personLvl=0
[INFO] [1784735304.652405571] [yolo_navigator]: [STATUS] mode=FTG front=10.00 L=0.97 R=3.62 gap=-0.46 v=+0.18 w=-0.16 personLvl=0
[INFO] [1784735309.762186322] [yolo_navigator]: [STATUS] mode=FTG front=0.84 L=0.65 R=2.64 gap=-0.49 v=+0.16 w=-0.20 personLvl=0
[INFO] [1784735314.801604263] [yolo_navigator]: [STATUS] mode=FTG front=0.52 L=0.42 R=3.09 gap=-0.37 v=+0.11 w=-0.03 personLvl=0
[INFO] [1784735317.450881698] [yolo_navigator]: [ROTATE_OPEN] front=0.40 open=-1.40
[INFO] [1784735318.201310088] [yolo_navigator]: [FTG] gap=-0.26 W=1.79
[INFO] [1784735319.850560721] [yolo_navigator]: [STATUS] mode=FTG front=10.00 L=0.47 R=3.32 gap=+0.16 v=+0.32 w=+0.18 personLvl=0
[INFO] [1784735324.850546639] [yolo_navigator]: [STATUS] mode=FTG front=10.00 L=1.00 R=2.52 gap=+0.17 v=+0.32 w=-0.01 personLvl=0
[INFO] [1784735329.852660210] [yolo_navigator]: [STATUS] mode=FTG front=10.00 L=0.91 R=2.01 gap=+0.19 v=+0.31 w=+0.02 personLvl=0
[INFO] [1784735334.901706905] [yolo_navigator]: [STATUS] mode=FTG front=10.00 L=1.08 R=1.50 gap=+0.20 v=+0.30 w=-0.00 personLvl=0
[INFO] [1784735339.909556821] [yolo_navigator]: [STATUS] mode=FTG front=10.00 L=1.24 R=1.09 gap=+0.22 v=+0.29 w=+0.02 personLvl=0
[INFO] [1784735344.951224729] [yolo_navigator]: [STATUS] mode=FTG front=10.00 L=1.24 R=2.14 gap=-0.06 v=+0.37 w=+0.00 personLvl=0
[INFO] [1784735349.952179486] [yolo_navigator]: [STATUS] mode=FTG front=10.00 L=1.39 R=1.40 gap=-0.19 v=+0.31 w=-0.10 personLvl=0
[INFO] [1784735354.953250695] [yolo_navigator]: [STATUS] mode=FTG front=10.00 L=1.42 R=0.72 gap=-0.16 v=+0.32 w=-0.08 personLvl=0
[INFO] [1784735359.977001140] [yolo_navigator]: [STATUS] mode=FTG front=10.00 L=1.85 R=0.72 gap=-0.30 v=+0.25 w=-0.10 personLvl=0
[INFO] [1784735365.014149410] [yolo_navigator]: [STATUS] mode=FTG front=10.00 L=1.99 R=0.72 gap=-0.63 v=+0.10 w=-0.41 personLvl=0
[INFO] [1784735370.051739257] [yolo_navigator]: [STATUS] mode=FTG front=10.00 L=1.64 R=0.59 gap=-0.01 v=+0.40 w=+0.26 personLvl=0
[INFO] [1784735375.069302727] [yolo_navigator]: [STATUS] mode=FTG front=10.00 L=1.24 R=3.23 gap=-0.31 v=+0.25 w=-0.03 personLvl=0
[INFO] [1784735380.116601483] [yolo_navigator]: [STATUS] mode=FTG front=10.00 L=0.86 R=3.04 gap=-0.04 v=+0.38 w=+0.27 personLvl=0
[INFO] [1784735385.128999951] [yolo_navigator]: [STATUS] mode=FTG front=0.70 L=0.49 R=2.95 gap=-0.35 v=+0.23 w=-0.01 personLvl=0
[INFO] [1784735389.400466648] [yolo_navigator]: [ROTATE_OPEN] front=0.39 open=-1.26
[INFO] [1784735390.149161899] [yolo_navigator]: [STATUS] mode=ROTATE_OPEN front=0.39 L=0.36 R=3.06 gap=-0.35 v=+0.00 w=-1.00 personLvl=0
[INFO] [1784735390.251112718] [yolo_navigator]: [FTG] gap=-0.28 W=2.32
[INFO] [1784735395.152385777] [yolo_navigator]: [STATUS] mode=FTG front=10.00 L=0.61 R=2.50 gap=+0.30 v=+0.26 w=+0.02 personLvl=0
[INFO] [1784735400.152350791] [yolo_navigator]: [STATUS] mode=FTG front=10.00 L=0.91 R=2.17 gap=+0.45 v=+0.18 w=+0.19 personLvl=0
[INFO] [1784735405.202104691] [yolo_navigator]: [STATUS] mode=FTG front=10.00 L=0.84 R=1.15 gap=+0.03 v=+0.38 w=+0.47 personLvl=0
[INFO] [1784735410.251694659] [yolo_navigator]: [STATUS] mode=FTG front=0.85 L=0.52 R=1.02 gap=-0.28 v=+0.26 w=+0.07 personLvl=0
[INFO] [1784735413.861615688] [yolo_navigator]: [ROTATE_OPEN] front=0.40 open=-0.65
[INFO] [1784735414.600737138] [yolo_navigator]: [FTG] gap=-0.33 W=1.54
[INFO] [1784735415.301162059] [yolo_navigator]: [STATUS] mode=FTG front=10.00 L=0.38 R=1.01 gap=-0.04 v=+0.38 w=+0.14 personLvl=0
[INFO] [1784735417.751378005] [yolo_navigator]: [ROTATE_OPEN] front=0.40 open=-0.56
[INFO] [1784735418.300575311] [yolo_navigator]: [FTG] gap=-0.12 W=1.94
[INFO] [1784735420.351828803] [yolo_navigator]: [STATUS] mode=FTG front=10.00 L=0.37 R=0.83 gap=+0.02 v=+0.39 w=-0.03 personLvl=0
[INFO] [1784735425.402451634] [yolo_navigator]: [STATUS] mode=FTG front=10.00 L=0.54 R=0.39 gap=-0.16 v=+0.32 w=-0.11 personLvl=0
[INFO] [1784735430.523353245] [yolo_navigator]: [STATUS] mode=FTG front=10.00 L=0.97 R=0.49 gap=-0.26 v=+0.27 w=-0.04 personLvl=0
[INFO] [1784735435.571350851] [yolo_navigator]: [STATUS] mode=FTG front=10.00 L=1.65 R=0.91 gap=-0.27 v=+0.27 w=-0.02 personLvl=0
[INFO] [1784735440.601178083] [yolo_navigator]: [STATUS] mode=FTG front=10.00 L=1.68 R=1.94 gap=-0.58 v=+0.12 w=-0.34 personLvl=0
[INFO] [1784735445.602124621] [yolo_navigator]: [STATUS] mode=FTG front=10.00 L=1.27 R=1.44 gap=-0.34 v=+0.24 w=-0.06 personLvl=0
[INFO] [1784735450.651099660] [yolo_navigator]: [STATUS] mode=FTG front=1.19 L=0.85 R=1.05 gap=-0.08 v=+0.36 w=+0.20 personLvl=0
[INFO] [1784735455.711202017] [yolo_navigator]: [STATUS] mode=FTG front=0.75 L=0.53 R=0.98 gap=-0.39 v=+0.21 w=-0.06 personLvl=0
[INFO] [1784735460.650977872] [yolo_navigator]: [ROTATE_OPEN] front=0.40 open=-0.86
[INFO] [1784735460.880141118] [yolo_navigator]: [STATUS] mode=ROTATE_OPEN front=0.40 L=0.36 R=3.41 gap=-0.35 v=+0.00 w=-1.00 personLvl=0
[INFO] [1784735461.500984219] [yolo_navigator]: [FTG] gap=-0.30 W=1.95
[INFO] [1784735465.873496321] [yolo_navigator]: [STATUS] mode=FTG front=10.00 L=0.69 R=0.98 gap=+0.07 v=+0.37 w=-0.37 personLvl=0
[INFO] [1784735470.912083795] [yolo_navigator]: [STATUS] mode=FTG front=10.00 L=1.84 R=2.86 gap=+0.37 v=+0.22 w=+0.03 personLvl=0
[INFO] [1784735475.851656533] [yolo_navigator]: [PERSON] level=1 h=144px
[INFO] [1784735475.951477315] [yolo_navigator]: [STATUS] mode=FTG front=10.00 L=1.73 R=2.12 gap=+0.04 v=+0.23 w=+0.25 personLvl=1
[INFO] [1784735478.159888528] [yolo_navigator]: [PERSON] level=0 h=0px
[INFO] [1784735478.522000426] [yolo_navigator]: [PERSON] level=1 h=155px
[INFO] [1784735481.067597549] [yolo_navigator]: [STATUS] mode=FTG front=10.00 L=1.70 R=1.57 gap=+0.08 v=+0.21 w=-0.29 personLvl=1
[INFO] [1784735483.902529402] [yolo_navigator]: [PERSON] level=0 h=0px
[INFO] [1784735484.452207981] [yolo_navigator]: [PERSON] level=1 h=174px
[INFO] [1784735486.078591098] [yolo_navigator]: [STATUS] mode=FTG front=10.00 L=1.92 R=1.11 gap=-0.16 v=+0.17 w=+0.23 personLvl=1
[INFO] [1784735491.101544694] [yolo_navigator]: [STATUS] mode=FTG front=10.00 L=2.07 R=0.73 gap=-0.16 v=+0.17 w=+0.23 personLvl=1
[INFO] [1784735491.652770651] [yolo_navigator]: [PERSON] level=2 h=204px
[INFO] [1784735496.102191644] [yolo_navigator]: [STATUS] mode=FTG front=10.00 L=2.09 R=0.60 gap=+0.19 v=+0.10 w=-0.16 personLvl=2
[INFO] [1784735501.151871977] [yolo_navigator]: [STATUS] mode=FTG front=10.00 L=2.20 R=0.61 gap=-0.18 v=+0.10 w=+0.21 personLvl=2
[INFO] [1784735506.151533169] [yolo_navigator]: [STATUS] mode=FTG front=10.00 L=2.26 R=0.82 gap=+0.24 v=+0.10 w=-0.09 personLvl=2
[INFO] [1784735511.151478091] [yolo_navigator]: [STATUS] mode=FTG front=10.00 L=2.40 R=0.99 gap=+0.26 v=+0.10 w=-0.02 personLvl=2
[INFO] [1784735516.201966763] [yolo_navigator]: [STATUS] mode=FTG front=10.00 L=2.49 R=1.16 gap=+0.31 v=+0.10 w=-0.01 personLvl=2
[INFO] [1784735521.250936098] [yolo_navigator]: [STATUS] mode=FTG front=10.00 L=2.44 R=1.50 gap=-0.31 v=+0.10 w=+0.13 personLvl=2
[INFO] [1784735524.352028528] [yolo_navigator]: [PERSON] level=0 h=0px
[INFO] [1784735526.253507393] [yolo_navigator]: [STATUS] mode=FTG front=10.00 L=2.44 R=2.03 gap=+0.30 v=+0.25 w=+0.01 personLvl=0
[INFO] [1784735531.319492533] [yolo_navigator]: [STATUS] mode=FTG front=10.00 L=2.51 R=1.80 gap=+0.32 v=+0.25 w=+0.03 personLvl=0
[INFO] [1784735536.351722891] [yolo_navigator]: [STATUS] mode=FTG front=10.00 L=2.56 R=1.16 gap=+0.31 v=+0.25 w=-0.00 personLvl=0
[INFO] [1784735541.401969312] [yolo_navigator]: [STATUS] mode=FTG front=10.00 L=2.60 R=0.60 gap=+0.32 v=+0.25 w=-0.01 personLvl=0
[INFO] [1784735546.451292383] [yolo_navigator]: [STATUS] mode=FTG front=10.00 L=2.62 R=2.57 gap=+0.34 v=+0.24 w=+0.01 personLvl=0
[INFO] [1784735551.455069532] [yolo_navigator]: [STATUS] mode=FTG front=10.00 L=2.32 R=2.51 gap=+0.11 v=+0.35 w=+0.39 personLvl=0
[INFO] [1784735556.501557677] [yolo_navigator]: [STATUS] mode=FTG front=10.00 L=1.87 R=1.90 gap=-0.60 v=+0.11 w=-0.77 personLvl=0
[INFO] [1784735561.530432681] [yolo_navigator]: [STATUS] mode=FTG front=10.00 L=1.47 R=1.41 gap=-0.10 v=+0.35 w=+0.24 personLvl=0
[INFO] [1784735566.551917895] [yolo_navigator]: [STATUS] mode=FTG front=10.00 L=1.02 R=1.18 gap=+0.05 v=+0.37 w=+0.34 personLvl=0
[INFO] [1784735571.601301422] [yolo_navigator]: [STATUS] mode=FTG front=0.69 L=0.61 R=1.64 gap=-0.51 v=+0.15 w=-0.25 personLvl=0
[INFO] [1784735576.605976437] [yolo_navigator]: [STATUS] mode=FTG front=0.44 L=0.39 R=2.66 gap=-0.35 v=+0.07 w=-0.02 personLvl=0
[INFO] [1784735577.950889648] [yolo_navigator]: [ROTATE_OPEN] front=0.40 open=-1.45
[INFO] [1784735578.736355963] [yolo_navigator]: [FTG] gap=-0.35 W=1.12
[INFO] [1784735581.625121099] [yolo_navigator]: [STATUS] mode=FTG front=10.00 L=0.47 R=1.44 gap=-0.45 v=+0.18 w=-0.44 personLvl=0
[INFO] [1784735586.651688573] [yolo_navigator]: [STATUS] mode=FTG front=10.00 L=1.12 R=1.13 gap=-0.21 v=+0.30 w=-0.04 personLvl=0
[INFO] [1784735591.701175432] [yolo_navigator]: [STATUS] mode=FTG front=10.00 L=1.88 R=1.77 gap=-0.25 v=+0.28 w=+0.01 personLvl=0
[INFO] [1784735596.701975254] [yolo_navigator]: [STATUS] mode=FTG front=10.00 L=2.00 R=2.87 gap=-0.68 v=+0.10 w=-0.39 personLvl=0
[INFO] [1784735601.701718250] [yolo_navigator]: [STATUS] mode=FTG front=10.00 L=1.63 R=2.72 gap=-0.05 v=+0.38 w=+0.22 personLvl=0
[INFO] [1784735606.751224025] [yolo_navigator]: [STATUS] mode=FTG front=10.00 L=1.17 R=2.72 gap=-0.32 v=+0.25 w=-0.03 personLvl=0
[INFO] [1784735611.751643178] [yolo_navigator]: [STATUS] mode=FTG front=1.07 L=0.78 R=2.25 gap=-0.14 v=+0.33 w=+0.16 personLvl=0
[INFO] [1784735616.812590815] [yolo_navigator]: [STATUS] mode=FTG front=0.67 L=0.48 R=1.89 gap=-0.35 v=+0.21 w=-0.01 personLvl=0
[INFO] [1784735620.500768352] [yolo_navigator]: [ROTATE_OPEN] front=0.40 open=-1.38
[INFO] [1784735621.300277882] [yolo_navigator]: [FTG] gap=-0.34 W=2.86
[INFO] [1784735621.872642805] [yolo_navigator]: [STATUS] mode=FTG front=1.01 L=0.38 R=1.70 gap=-0.09 v=+0.36 w=-0.20 personLvl=0
[INFO] [1784735626.900674850] [yolo_navigator]: [STATUS] mode=FTG front=10.00 L=0.62 R=1.04 gap=+0.35 v=+0.23 w=+0.03 personLvl=0
[INFO] [1784735631.900858582] [yolo_navigator]: [STATUS] mode=FTG front=10.00 L=0.79 R=0.55 gap=+0.40 v=+0.21 w=+0.01 personLvl=0
[INFO] [1784735636.901807895] [yolo_navigator]: [STATUS] mode=FTG front=10.00 L=0.92 R=0.38 gap=-0.44 v=+0.19 w=-0.05 personLvl=0
[INFO] [1784735641.927957652] [yolo_navigator]: [STATUS] mode=FTG front=10.00 L=1.14 R=1.57 gap=-0.43 v=+0.19 w=-0.05 personLvl=0
[INFO] [1784735646.952049994] [yolo_navigator]: [STATUS] mode=FTG front=0.98 L=0.98 R=3.11 gap=-0.52 v=+0.15 w=-0.21 personLvl=0
[INFO] [1784735651.973841339] [yolo_navigator]: [STATUS] mode=FTG front=0.45 L=0.49 R=2.54 gap=-0.35 v=+0.08 w=-0.02 personLvl=0
[INFO] [1784735653.451778887] [yolo_navigator]: [ROTATE_OPEN] front=0.40 open=-0.47
[INFO] [1784735654.301196125] [yolo_navigator]: [FTG] gap=-0.25 W=12.58
[INFO] [1784735657.008643273] [yolo_navigator]: [STATUS] mode=FTG front=10.00 L=0.27 R=3.10 gap=-0.05 v=+0.37 w=-0.81 personLvl=0
[INFO] [1784735662.070953898] [yolo_navigator]: [STATUS] mode=FTG front=10.00 L=1.54 R=2.55 gap=-0.59 v=+0.12 w=-0.51 personLvl=0
[INFO] [1784735667.101012181] [yolo_navigator]: [STATUS] mode=FTG front=10.00 L=1.51 R=2.22 gap=+0.38 v=+0.22 w=+0.02 personLvl=0
[INFO] [1784735672.106940911] [yolo_navigator]: [STATUS] mode=FTG front=10.00 L=1.84 R=2.00 gap=-0.40 v=+0.21 w=-0.01 personLvl=0
[INFO] [1784735677.152136473] [yolo_navigator]: [STATUS] mode=FTG front=10.00 L=1.66 R=1.85 gap=-0.40 v=+0.21 w=-0.03 personLvl=0
[INFO] [1784735682.201522206] [yolo_navigator]: [STATUS] mode=FTG front=0.97 L=2.38 R=1.02 gap=+0.49 v=+0.16 w=+0.19 personLvl=0
[INFO] [1784735687.201887197] [yolo_navigator]: [STATUS] mode=FTG front=0.49 L=2.36 R=0.54 gap=+0.35 v=+0.10 w=+0.00 personLvl=0
[INFO] [1784735689.651616280] [yolo_navigator]: [ROTATE_OPEN] front=0.39 open=+0.40
[INFO] [1784735690.870013057] [yolo_navigator]: [FTG] gap=+0.23 W=6.69
[INFO] [1784735692.202117005] [yolo_navigator]: [STATUS] mode=FTG front=0.48 L=2.18 R=0.44 gap=+0.01 v=+0.17 w=-0.45 personLvl=0
[INFO] [1784735692.613933330] [yolo_navigator]: [ROTATE_OPEN] front=0.38 open=+0.05
[INFO] [1784735693.050743397] [yolo_navigator]: [REVERSE] front=0.31 dir=+1
[INFO] [1784735693.951701733] [yolo_navigator]: [FTG] gap=-0.12 W=6.40
[INFO] [1784735697.203707996] [yolo_navigator]: [STATUS] mode=FTG front=10.00 L=1.82 R=0.76 gap=-0.37 v=+0.22 w=-0.03 personLvl=0
[INFO] [1784735702.251342458] [yolo_navigator]: [STATUS] mode=FTG front=10.00 L=1.35 R=4.90 gap=-0.22 v=+0.30 w=+0.18 personLvl=0
[INFO] [1784735707.434688731] [yolo_navigator]: [STATUS] mode=FTG front=10.00 L=1.08 R=5.42 gap=+0.34 v=+0.24 w=-0.00 personLvl=0
[INFO] [1784735712.402187197] [yolo_navigator]: [STATUS] mode=FTG front=10.00 L=3.30 R=4.79 gap=+0.35 v=+0.23 w=-0.00 personLvl=0
[INFO] [1784735717.401974067] [yolo_navigator]: [STATUS] mode=FTG front=10.00 L=2.76 R=3.83 gap=+0.35 v=+0.23 w=+0.03 personLvl=0
[INFO] [1784735722.410607750] [yolo_navigator]: [STATUS] mode=FTG front=10.00 L=2.36 R=4.49 gap=-0.20 v=+0.31 w=+0.13 personLvl=0
[INFO] [1784735727.470590974] [yolo_navigator]: [STATUS] mode=FTG front=10.00 L=1.82 R=4.05 gap=-0.31 v=+0.25 w=+0.07 personLvl=0
[INFO] [1784735732.502016211] [yolo_navigator]: [STATUS] mode=FTG front=10.00 L=1.38 R=3.57 gap=-0.52 v=+0.15 w=-0.26 personLvl=0
[INFO] [1784735737.502248591] [yolo_navigator]: [STATUS] mode=FTG front=10.00 L=1.06 R=3.66 gap=+0.26 v=+0.28 w=+0.58 personLvl=0
[INFO] [1784735742.552005686] [yolo_navigator]: [STATUS] mode=FTG front=0.85 L=0.70 R=2.43 gap=-0.60 v=+0.11 w=-0.34 personLvl=0
[INFO] [1784735747.602569551] [yolo_navigator]: [STATUS] mode=FTG front=0.74 L=0.51 R=3.35 gap=-0.35 v=+0.23 w=-0.01 personLvl=0
[INFO] [1784735752.653118026] [yolo_navigator]: [STATUS] mode=FTG front=10.00 L=0.38 R=3.17 gap=-0.00 v=+0.40 w=-0.67 personLvl=0
[INFO] [1784735757.691646774] [yolo_navigator]: [STATUS] mode=FTG front=10.00 L=0.82 R=2.48 gap=+0.15 v=+0.33 w=+0.03 personLvl=0
[INFO] [1784735762.702045600] [yolo_navigator]: [STATUS] mode=FTG front=10.00 L=0.87 R=1.93 gap=+0.19 v=+0.31 w=+0.00 personLvl=0
[INFO] [1784735767.760872558] [yolo_navigator]: [STATUS] mode=FTG front=10.00 L=1.07 R=1.39 gap=+0.20 v=+0.30 w=+0.02 personLvl=0
[INFO] [1784735772.802484659] [yolo_navigator]: [STATUS] mode=FTG front=10.00 L=1.20 R=1.53 gap=+0.07 v=+0.37 w=+0.17 personLvl=0
[INFO] [1784735777.801779401] [yolo_navigator]: [STATUS] mode=FTG front=10.00 L=1.20 R=1.67 gap=-0.14 v=+0.33 w=-0.01 personLvl=0
[INFO] [1784735782.801883224] [yolo_navigator]: [STATUS] mode=FTG front=10.00 L=1.31 R=0.97 gap=-0.15 v=+0.33 w=-0.06 personLvl=0
[INFO] [1784735787.802071577] [yolo_navigator]: [STATUS] mode=FTG front=10.00 L=1.64 R=0.68 gap=-0.31 v=+0.25 w=-0.09 personLvl=0
[INFO] [1784735792.855526927] [yolo_navigator]: [STATUS] mode=FTG front=10.00 L=2.20 R=0.74 gap=-0.30 v=+0.26 w=-0.09 personLvl=0
[INFO] [1784735797.901407795] [yolo_navigator]: [STATUS] mode=FTG front=10.00 L=1.83 R=0.66 gap=-0.55 v=+0.13 w=-0.19 personLvl=0
[INFO] [1784735802.901992549] [yolo_navigator]: [STATUS] mode=FTG front=10.00 L=1.43 R=3.39 gap=-0.36 v=+0.23 w=-0.11 personLvl=0
[INFO] [1784735807.951002024] [yolo_navigator]: [STATUS] mode=FTG front=10.00 L=1.02 R=3.12 gap=-0.53 v=+0.14 w=-0.14 personLvl=0
[INFO] [1784735812.952138707] [yolo_navigator]: [STATUS] mode=FTG front=0.75 L=0.61 R=2.04 gap=-0.53 v=+0.15 w=-0.24 personLvl=0
[INFO] [1784735817.951497004] [yolo_navigator]: [STATUS] mode=FTG front=0.49 L=0.40 R=2.98 gap=-0.35 v=+0.10 w=-0.01 personLvl=0
[INFO] [1784735819.901307381] [yolo_navigator]: [ROTATE_OPEN] front=0.40 open=-1.24
[INFO] [1784735820.702367450] [yolo_navigator]: [FTG] gap=-0.30 W=2.01
[INFO] [1784735822.960959439] [yolo_navigator]: [STATUS] mode=FTG front=10.00 L=0.50 R=2.73 gap=+0.29 v=+0.26 w=+0.00 personLvl=0
[INFO] [1784735828.100903348] [yolo_navigator]: [STATUS] mode=FTG front=10.00 L=0.75 R=2.33 gap=+0.27 v=+0.27 w=-0.09 personLvl=0
[INFO] [1784735833.030573147] [yolo_navigator]: [STATUS] mode=FTG front=10.00 L=0.90 R=1.46 gap=+0.62 v=+0.10 w=+0.20 personLvl=0
[INFO] [1784735838.051414616] [yolo_navigator]: [STATUS] mode=FTG front=0.85 L=0.65 R=1.00 gap=-0.75 v=+0.10 w=-0.42 personLvl=0
[INFO] [1784735843.100896850] [yolo_navigator]: [STATUS] mode=FTG front=0.53 L=0.40 R=1.01 gap=-0.28 v=+0.15 w=+0.07 personLvl=0
[INFO] [1784735844.151009973] [yolo_navigator]: [ROTATE_OPEN] front=0.39 open=-0.65
[INFO] [1784735844.950355865] [yolo_navigator]: [FTG] gap=-0.28 W=1.33
[INFO] [1784735848.050937587] [yolo_navigator]: [ROTATE_OPEN] front=0.38 open=-0.61
[INFO] [1784735848.102029092] [yolo_navigator]: [STATUS] mode=ROTATE_OPEN front=0.37 L=0.30 R=0.91 gap=-0.15 v=+0.00 w=-0.68 personLvl=0
[INFO] [1784735848.407766830] [yolo_navigator]: [REVERSE] front=0.31 dir=-1
[INFO] [1784735849.001160461] [yolo_navigator]: [FTG] gap=-0.07 W=1.35
[INFO] [1784735853.106112329] [yolo_navigator]: [STATUS] mode=FTG front=10.00 L=0.47 R=0.60 gap=+0.04 v=+0.38 w=+0.13 personLvl=0
[INFO] [1784735858.152157158] [yolo_navigator]: [STATUS] mode=FTG front=10.00 L=0.58 R=0.30 gap=-0.49 v=+0.16 w=-0.44 personLvl=0
[INFO] [1784735863.209457921] [yolo_navigator]: [STATUS] mode=FTG front=10.00 L=1.12 R=0.64 gap=-0.37 v=+0.22 w=-0.11 personLvl=0
[INFO] [1784735868.312377415] [yolo_navigator]: [STATUS] mode=FTG front=10.00 L=1.88 R=2.30 gap=-0.22 v=+0.29 w=+0.02 personLvl=0
[INFO] [1784735873.301840479] [yolo_navigator]: [STATUS] mode=FTG front=10.00 L=1.49 R=1.70 gap=-0.03 v=+0.39 w=+0.25 personLvl=0
[INFO] [1784735878.301802974] [yolo_navigator]: [STATUS] mode=FTG front=10.00 L=1.09 R=1.26 gap=-0.32 v=+0.25 w=-0.03 personLvl=0
[INFO] [1784735883.301844082] [yolo_navigator]: [STATUS] mode=FTG front=0.80 L=0.68 R=1.03 gap=-0.61 v=+0.11 w=-0.36 personLvl=0
[INFO] [1784735888.304042189] [yolo_navigator]: [STATUS] mode=FTG front=0.67 L=0.48 R=1.03 gap=-0.35 v=+0.22 w=-0.01 personLvl=0
[INFO] [1784735892.451170958] [yolo_navigator]: [ROTATE_OPEN] front=0.40 open=-0.86
[INFO] [1784735893.251381126] [yolo_navigator]: [FTG] gap=-0.30 W=1.96
[INFO] [1784735893.354312792] [yolo_navigator]: [STATUS] mode=FTG front=0.45 L=0.36 R=4.14 gap=-0.28 v=+0.09 w=+0.05 personLvl=0
[INFO] [1784735898.402470704] [yolo_navigator]: [STATUS] mode=FTG front=10.00 L=0.50 R=3.54 gap=+0.05 v=+0.38 w=-0.26 personLvl=0
[INFO] [1784735900.363792460] [yolo_navigator]: [PERSON] level=1 h=121px
[INFO] [1784735903.402925969] [yolo_navigator]: [STATUS] mode=FTG front=10.00 L=0.81 R=2.86 gap=-0.13 v=+0.19 w=+0.16 personLvl=1
[INFO] [1784735908.451829237] [yolo_navigator]: [STATUS] mode=FTG front=10.00 L=0.98 R=2.45 gap=+0.13 v=+0.19 w=-0.16 personLvl=1
[INFO] [1784735913.451990323] [yolo_navigator]: [STATUS] mode=FTG front=10.00 L=1.11 R=2.03 gap=+0.07 v=+0.21 w=-0.29 personLvl=1
[INFO] [1784735918.537735187] [yolo_navigator]: [STATUS] mode=FTG front=10.00 L=1.36 R=1.65 gap=-0.10 v=+0.20 w=+0.32 personLvl=1
[INFO] [1784735923.502909385] [yolo_navigator]: [STATUS] mode=FTG front=10.00 L=1.46 R=1.34 gap=+0.17 v=+0.17 w=-0.16 personLvl=1
[INFO] [1784735928.567137162] [yolo_navigator]: [STATUS] mode=FTG front=10.00 L=1.58 R=1.10 gap=+0.14 v=+0.18 w=-0.21 personLvl=1
[INFO] [1784735929.503958566] [yolo_navigator]: [PERSON] level=2 h=210px
[INFO] [1784735933.601382691] [yolo_navigator]: [STATUS] mode=FTG front=10.00 L=1.73 R=1.03 gap=-0.20 v=+0.10 w=+0.20 personLvl=2
[INFO] [1784735938.621674616] [yolo_navigator]: [STATUS] mode=FTG front=10.00 L=1.80 R=1.24 gap=+0.19 v=+0.10 w=-0.15 personLvl=2
[INFO] [1784735943.652016409] [yolo_navigator]: [STATUS] mode=FTG front=10.00 L=1.93 R=1.35 gap=-0.18 v=+0.10 w=+0.23 personLvl=2
[INFO] [1784735948.701817490] [yolo_navigator]: [STATUS] mode=FTG front=10.00 L=1.98 R=1.54 gap=+0.19 v=+0.10 w=-0.09 personLvl=2
[INFO] [1784735953.759132135] [yolo_navigator]: [STATUS] mode=FTG front=10.00 L=2.14 R=1.61 gap=+0.31 v=+0.10 w=+0.01 personLvl=2
[INFO] [1784735958.051722248] [yolo_navigator]: [PERSON] level=0 h=0px
[INFO] [1784735958.802303428] [yolo_navigator]: [STATUS] mode=FTG front=10.00 L=2.08 R=1.97 gap=+0.27 v=+0.27 w=-0.11 personLvl=0
[INFO] [1784735963.851144511] [yolo_navigator]: [STATUS] mode=FTG front=10.00 L=2.16 R=2.21 gap=+0.21 v=+0.30 w=-0.18 personLvl=0
[INFO] [1784735968.886361916] [yolo_navigator]: [STATUS] mode=FTG front=10.00 L=2.27 R=1.58 gap=+0.34 v=+0.24 w=+0.05 personLvl=0
[INFO] [1784735973.903004243] [yolo_navigator]: [STATUS] mode=FTG front=10.00 L=2.32 R=1.09 gap=+0.31 v=+0.25 w=+0.02 personLvl=0
[INFO] [1784735978.935159338] [yolo_navigator]: [STATUS] mode=FTG front=10.00 L=2.36 R=0.78 gap=+0.32 v=+0.25 w=+0.01 personLvl=0
[INFO] [1784735983.992122079] [yolo_navigator]: [STATUS] mode=FTG front=10.00 L=2.36 R=2.79 gap=+0.23 v=+0.29 w=+0.41 personLvl=0
[INFO] [1784735989.002765359] [yolo_navigator]: [STATUS] mode=FTG front=10.00 L=2.09 R=1.99 gap=-0.14 v=+0.33 w=-0.13 personLvl=0
[INFO] [1784735994.076232222] [yolo_navigator]: [STATUS] mode=FTG front=10.00 L=1.69 R=1.44 gap=+0.06 v=+0.37 w=+0.35 personLvl=0
[INFO] [1784735999.058250491] [yolo_navigator]: [STATUS] mode=FTG front=10.00 L=1.21 R=1.06 gap=-0.33 v=+0.24 w=-0.05 personLvl=0
[INFO] [1784736004.155935612] [yolo_navigator]: [STATUS] mode=FTG front=10.00 L=0.89 R=1.11 gap=+0.23 v=+0.29 w=+0.62 personLvl=0
[INFO] [1784736009.152460791] [yolo_navigator]: [STATUS] mode=FTG front=0.66 L=0.51 R=2.56 gap=-0.36 v=+0.20 w=-0.05 personLvl=0
[INFO] [1784736014.203104513] [yolo_navigator]: [ROTATE_OPEN] front=0.40 open=-1.45
[INFO] [1784736014.203959417] [yolo_navigator]: [STATUS] mode=ROTATE_OPEN front=0.40 L=0.37 R=2.62 gap=-0.35 v=+0.00 w=-0.37 personLvl=0
[INFO] [1784736015.001115797] [yolo_navigator]: [FTG] gap=-0.29 W=1.31
[INFO] [1784736019.253550118] [yolo_navigator]: [STATUS] mode=FTG front=10.00 L=0.74 R=1.29 gap=-0.26 v=+0.27 w=-0.10 personLvl=0
[INFO] [1784736024.262427511] [yolo_navigator]: [STATUS] mode=FTG front=10.00 L=1.29 R=1.32 gap=-0.41 v=+0.21 w=-0.14 personLvl=0
[INFO] [1784736029.309633395] [yolo_navigator]: [STATUS] mode=FTG front=10.00 L=2.01 R=2.02 gap=-0.24 v=+0.28 w=+0.00 personLvl=0
[INFO] [1784736034.351129683] [yolo_navigator]: [STATUS] mode=FTG front=10.00 L=1.94 R=2.68 gap=-0.61 v=+0.11 w=-0.30 personLvl=0
[INFO] [1784736039.351803033] [yolo_navigator]: [STATUS] mode=FTG front=10.00 L=1.60 R=2.75 gap=-0.06 v=+0.37 w=+0.21 personLvl=0
[INFO] [1784736044.401946957] [yolo_navigator]: [STATUS] mode=FTG front=10.00 L=1.21 R=2.79 gap=-0.31 v=+0.25 w=-0.03 personLvl=0
[INFO] [1784736049.452698828] [yolo_navigator]: [STATUS] mode=FTG front=10.00 L=0.87 R=2.36 gap=-0.03 v=+0.39 w=+0.27 personLvl=0
[INFO] [1784736054.509107515] [yolo_navigator]: [STATUS] mode=FTG front=0.82 L=0.57 R=2.00 gap=-0.39 v=+0.21 w=-0.06 personLvl=0
[INFO] [1784736059.551603097] [yolo_navigator]: [STATUS] mode=FTG front=0.43 L=0.38 R=1.72 gap=-0.35 v=+0.07 w=-0.01 personLvl=0
[INFO] [1784736060.650584457] [yolo_navigator]: [ROTATE_OPEN] front=0.39 open=-1.38
[INFO] [1784736061.052319106] [yolo_navigator]: [FTG] gap=-0.30 W=1.96
[INFO] [1784736064.601375010] [yolo_navigator]: [STATUS] mode=FTG front=10.00 L=0.34 R=1.28 gap=-0.00 v=+0.40 w=+0.07 personLvl=0
[INFO] [1784736067.351229684] [yolo_navigator]: [ROTATE_OPEN] front=0.38 open=-0.87
[INFO] [1784736067.654129353] [yolo_navigator]: [REVERSE] front=0.31 dir=-1
[INFO] [1784736068.401313521] [yolo_navigator]: [FTG] gap=+0.00 W=2.52
[INFO] [1784736069.601957854] [yolo_navigator]: [STATUS] mode=FTG front=10.00 L=0.40 R=0.91 gap=-0.29 v=+0.26 w=+0.13 personLvl=0
[INFO] [1784736074.601988897] [yolo_navigator]: [STATUS] mode=FTG front=10.00 L=0.56 R=0.72 gap=-0.48 v=+0.17 w=-0.12 personLvl=0
[INFO] [1784736079.652730601] [yolo_navigator]: [STATUS] mode=FTG front=10.00 L=0.86 R=1.82 gap=-0.38 v=+0.22 w=-0.01 personLvl=0
[INFO] [1784736084.672518551] [yolo_navigator]: [STATUS] mode=FTG front=10.00 L=1.19 R=3.26 gap=-0.38 v=+0.22 w=-0.02 personLvl=0
[INFO] [1784736089.767322454] [yolo_navigator]: [STATUS] mode=FTG front=0.73 L=0.72 R=2.88 gap=-0.36 v=+0.23 w=-0.03 personLvl=0
[INFO] [1784736094.102939586] [yolo_navigator]: [ROTATE_OPEN] front=0.39 open=-0.45
[INFO] [1784736094.760603111] [yolo_navigator]: [STATUS] mode=ROTATE_OPEN front=0.39 L=0.44 R=2.54 gap=-0.35 v=+0.00 w=-1.00 personLvl=0
[INFO] [1784736095.101700120] [yolo_navigator]: [FTG] gap=-0.23 W=12.83
[INFO] [1784736096.801452009] [yolo_navigator]: [ROTATE_OPEN] front=0.36 open=-0.16
[INFO] [1784736097.102002438] [yolo_navigator]: [REVERSE] front=0.30 dir=-1
[INFO] [1784736098.051681649] [yolo_navigator]: [FTG] gap=-0.05 W=2.04
[INFO] [1784736099.752451249] [yolo_navigator]: [STATUS] mode=FTG front=10.00 L=2.17 R=1.38 gap=+0.01 v=+0.39 w=+0.46 personLvl=0
[INFO] [1784736099.852044123] [yolo_navigator]: [PERSON] level=1 h=130px
[INFO] [1784736102.204708658] [yolo_navigator]: [PERSON] level=0 h=0px
[INFO] [1784736104.801550872] [yolo_navigator]: [STATUS] mode=FTG front=10.00 L=1.76 R=2.51 gap=+0.27 v=+0.27 w=-0.12 personLvl=0
[INFO] [1784736109.801939089] [yolo_navigator]: [STATUS] mode=FTG front=10.00 L=1.48 R=2.17 gap=+0.31 v=+0.25 w=-0.07 personLvl=0
[INFO] [1784736114.851363628] [yolo_navigator]: [STATUS] mode=FTG front=10.00 L=1.96 R=1.94 gap=+0.40 v=+0.21 w=+0.03 personLvl=0
[INFO] [1784736119.851708558] [yolo_navigator]: [STATUS] mode=FTG front=10.00 L=2.03 R=1.81 gap=+0.49 v=+0.16 w=+0.19 personLvl=0
[INFO] [1784736124.902449438] [yolo_navigator]: [STATUS] mode=FTG front=1.13 L=2.09 R=1.13 gap=+0.35 v=+0.23 w=+0.00 personLvl=0
[INFO] [1784736129.962920839] [yolo_navigator]: [STATUS] mode=FTG front=0.58 L=2.26 R=0.61 gap=+0.37 v=+0.15 w=+0.03 personLvl=0
[INFO] [1784736133.250857345] [yolo_navigator]: [ROTATE_OPEN] front=0.40 open=+0.40
[INFO] [1784736134.151435354] [yolo_navigator]: [FTG] gap=+0.27 W=6.77
[INFO] [1784736135.018490923] [yolo_navigator]: [STATUS] mode=FTG front=10.00 L=2.10 R=0.46 gap=-0.03 v=+0.39 w=-0.50 personLvl=0
[INFO] [1784736135.802097177] [yolo_navigator]: [ROTATE_OPEN] front=0.39 open=+0.14
[INFO] [1784736136.052552166] [yolo_navigator]: [REVERSE] front=0.31 dir=+1
[INFO] [1784736137.271642943] [yolo_navigator]: [FTG] gap=-0.05 W=5.47
[INFO] [1784736140.051847023] [yolo_navigator]: [STATUS] mode=FTG front=10.00 L=1.80 R=5.30 gap=-0.43 v=+0.20 w=-0.09 personLvl=0
[INFO] [1784736145.072993441] [yolo_navigator]: [STATUS] mode=FTG front=10.00 L=1.48 R=4.87 gap=-0.23 v=+0.29 w=+0.16 personLvl=0
[INFO] [1784736150.101969241] [yolo_navigator]: [STATUS] mode=FTG front=10.00 L=1.21 R=4.77 gap=-0.51 v=+0.16 w=-0.30 personLvl=0
[INFO] [1784736155.183833174] [yolo_navigator]: [STATUS] mode=FTG front=10.00 L=1.35 R=5.20 gap=+0.34 v=+0.23 w=-0.00 personLvl=0
[INFO] [1784736160.202591172] [yolo_navigator]: [STATUS] mode=FTG front=10.00 L=3.02 R=4.31 gap=+0.35 v=+0.23 w=+0.00 personLvl=0
[INFO] [1784736165.201966308] [yolo_navigator]: [STATUS] mode=FTG front=10.00 L=2.54 R=3.68 gap=-0.91 v=+0.10 w=-0.65 personLvl=0
[INFO] [1784736170.252074990] [yolo_navigator]: [STATUS] mode=FTG front=10.00 L=2.14 R=4.25 gap=-0.28 v=+0.26 w=+0.02 personLvl=0
[INFO] [1784736175.301863932] [yolo_navigator]: [STATUS] mode=FTG front=10.00 L=1.71 R=3.99 gap=-0.18 v=+0.31 w=+0.24 personLvl=0
[INFO] [1784736180.312735308] [yolo_navigator]: [STATUS] mode=FTG front=10.00 L=1.35 R=3.53 gap=-0.52 v=+0.15 w=-0.26 personLvl=0
[INFO] [1784736185.352471744] [yolo_navigator]: [STATUS] mode=FTG front=1.06 L=0.95 R=1.79 gap=-0.75 v=+0.10 w=-0.54 personLvl=0
[INFO] [1784736190.352664022] [yolo_navigator]: [STATUS] mode=FTG front=1.12 L=0.72 R=3.48 gap=-0.39 v=+0.21 w=-0.06 personLvl=0
[INFO] [1784736195.400912537] [yolo_navigator]: [STATUS] mode=FTG front=0.74 L=0.51 R=3.30 gap=-0.35 v=+0.23 w=-0.01 personLvl=0
[INFO] [1784736200.401982133] [yolo_navigator]: [STATUS] mode=FTG front=10.00 L=0.41 R=3.10 gap=-0.02 v=+0.39 w=-0.22 personLvl=0
[INFO] [1784736205.401915464] [yolo_navigator]: [STATUS] mode=FTG front=10.00 L=0.81 R=2.51 gap=+0.16 v=+0.32 w=+0.00 personLvl=0
[INFO] [1784736210.401761105] [yolo_navigator]: [STATUS] mode=FTG front=10.00 L=0.82 R=1.99 gap=+0.16 v=+0.32 w=-0.01 personLvl=0
[INFO] [1784736215.457014293] [yolo_navigator]: [STATUS] mode=FTG front=10.00 L=1.00 R=1.49 gap=+0.20 v=+0.30 w=+0.03 personLvl=0
[INFO] [1784736220.451143607] [yolo_navigator]: [STATUS] mode=FTG front=10.00 L=1.17 R=1.16 gap=+0.13 v=+0.34 w=+0.24 personLvl=0
[INFO] [1784736225.452665339] [yolo_navigator]: [STATUS] mode=FTG front=10.00 L=1.17 R=2.07 gap=-0.07 v=+0.37 w=-0.01 personLvl=0
[INFO] [1784736230.452100239] [yolo_navigator]: [STATUS] mode=FTG front=10.00 L=1.32 R=1.36 gap=-0.18 v=+0.31 w=-0.08 personLvl=0
[INFO] [1784736235.574445970] [yolo_navigator]: [STATUS] mode=FTG front=10.00 L=1.38 R=0.78 gap=-0.15 v=+0.33 w=-0.07 personLvl=0
[INFO] [1784736240.551845270] [yolo_navigator]: [STATUS] mode=FTG front=10.00 L=1.78 R=0.72 gap=-0.32 v=+0.25 w=-0.11 personLvl=0
[INFO] [1784736245.583615297] [yolo_navigator]: [STATUS] mode=FTG front=10.00 L=2.07 R=0.74 gap=-0.22 v=+0.29 w=-0.02 personLvl=0
[INFO] [1784736250.601600545] [yolo_navigator]: [STATUS] mode=FTG front=10.00 L=1.68 R=0.63 gap=-0.03 v=+0.39 w=+0.25 personLvl=0
[INFO] [1784736255.610190766] [yolo_navigator]: [STATUS] mode=FTG front=10.00 L=1.26 R=3.27 gap=-0.32 v=+0.24 w=-0.04 personLvl=0
[INFO] [1784736260.614623765] [yolo_navigator]: [STATUS] mode=FTG front=10.00 L=0.90 R=3.09 gap=-0.05 v=+0.38 w=+0.24 personLvl=0
[INFO] [1784736265.651084119] [yolo_navigator]: [STATUS] mode=FTG front=0.88 L=0.59 R=3.01 gap=-0.37 v=+0.22 w=-0.04 personLvl=0
[INFO] [1784736270.651346964] [yolo_navigator]: [STATUS] mode=FTG front=0.43 L=0.38 R=3.05 gap=-0.35 v=+0.07 w=-0.01 personLvl=0
[INFO] [1784736271.800546386] [yolo_navigator]: [ROTATE_OPEN] front=0.39 open=-1.26
[INFO] [1784736272.651853607] [yolo_navigator]: [FTG] gap=-0.28 W=2.48
[INFO] [1784736275.652095013] [yolo_navigator]: [STATUS] mode=FTG front=10.00 L=0.55 R=2.64 gap=+0.33 v=+0.24 w=+0.07 personLvl=0
[INFO] [1784736280.700981829] [yolo_navigator]: [STATUS] mode=FTG front=10.00 L=0.80 R=2.27 gap=+0.33 v=+0.24 w=-0.02 personLvl=0
[INFO] [1784736285.723548543] [yolo_navigator]: [STATUS] mode=FTG front=10.00 L=0.88 R=1.32 gap=+0.12 v=+0.34 w=+0.35 personLvl=0
[INFO] [1784736290.822072879] [yolo_navigator]: [STATUS] mode=FTG front=0.99 L=0.59 R=1.01 gap=-0.64 v=+0.10 w=-0.26 personLvl=0
[INFO] [1784736295.801719114] [yolo_navigator]: [STATUS] mode=FTG front=0.41 L=0.37 R=1.06 gap=-0.35 v=+0.06 w=-0.02 personLvl=0
[INFO] [1784736296.250613608] [yolo_navigator]: [ROTATE_OPEN] front=0.40 open=-0.66
[INFO] [1784736296.850966919] [yolo_navigator]: [FTG] gap=-0.33 W=1.39
[INFO] [1784736300.100999453] [yolo_navigator]: [ROTATE_OPEN] front=0.38 open=-0.58
[INFO] [1784736300.851826234] [yolo_navigator]: [STATUS] mode=ROTATE_OPEN front=0.34 L=0.29 R=0.95 gap=-0.14 v=+0.00 w=-1.00 personLvl=0
[INFO] [1784736300.900832583] [yolo_navigator]: [FTG] gap=-0.09 W=1.35
[INFO] [1784736305.902053158] [yolo_navigator]: [STATUS] mode=FTG front=10.00 L=0.47 R=0.55 gap=+0.27 v=+0.27 w=-0.18 personLvl=0
[INFO] [1784736310.908452295] [yolo_navigator]: [STATUS] mode=FTG front=10.00 L=0.68 R=0.31 gap=-0.16 v=+0.32 w=+0.00 personLvl=0
[INFO] [1784736315.951996459] [yolo_navigator]: [STATUS] mode=FTG front=10.00 L=1.40 R=0.78 gap=-0.29 v=+0.26 w=-0.02 personLvl=0
[INFO] [1784736321.000990360] [yolo_navigator]: [STATUS] mode=FTG front=10.00 L=1.81 R=2.08 gap=-0.20 v=+0.31 w=+0.03 personLvl=0
[INFO] [1784736326.007558275] [yolo_navigator]: [STATUS] mode=FTG front=10.00 L=1.34 R=1.54 gap=-0.39 v=+0.21 w=-0.13 personLvl=0
[INFO] [1784736331.052230202] [yolo_navigator]: [STATUS] mode=FTG front=1.11 L=0.90 R=1.13 gap=-0.61 v=+0.11 w=-0.36 personLvl=0
[INFO] [1784736336.102073698] [yolo_navigator]: [STATUS] mode=FTG front=0.86 L=0.59 R=1.00 gap=-0.39 v=+0.21 w=-0.06 personLvl=0
[INFO] [1784736341.158326698] [yolo_navigator]: [STATUS] mode=FTG front=0.44 L=0.38 R=3.52 gap=-0.35 v=+0.07 w=-0.01 personLvl=0
[INFO] [1784736342.350806995] [yolo_navigator]: [ROTATE_OPEN] front=0.40 open=-0.86
[INFO] [1784736343.200907232] [yolo_navigator]: [FTG] gap=-0.28 W=2.50
[INFO] [1784736346.227373937] [yolo_navigator]: [STATUS] mode=FTG front=10.00 L=0.53 R=1.05 gap=+0.05 v=+0.38 w=-0.26 personLvl=0
[INFO] [1784736348.801908768] [yolo_navigator]: [PERSON] level=1 h=121px
[INFO] [1784736351.252712683] [yolo_navigator]: [STATUS] mode=FTG front=10.00 L=0.81 R=2.97 gap=+0.11 v=+0.20 w=-0.24 personLvl=1
[INFO] [1784736356.302096550] [yolo_navigator]: [STATUS] mode=FTG front=10.00 L=0.98 R=2.51 gap=+0.04 v=+0.23 w=-0.26 personLvl=1
[INFO] [1784736361.350546353] [yolo_navigator]: [STATUS] mode=FTG front=10.00 L=1.21 R=2.05 gap=+0.14 v=+0.18 w=-0.08 personLvl=1
[INFO] [1784736366.527584506] [yolo_navigator]: [STATUS] mode=FTG front=10.00 L=1.40 R=1.61 gap=-0.13 v=+0.19 w=+0.28 personLvl=1
[INFO] [1784736371.451453634] [yolo_navigator]: [STATUS] mode=FTG front=10.00 L=1.53 R=1.24 gap=+0.16 v=+0.17 w=-0.18 personLvl=1
[INFO] [1784736374.551425709] [yolo_navigator]: [PERSON] level=2 h=203px
[INFO] [1784736376.520442114] [yolo_navigator]: [STATUS] mode=FTG front=10.00 L=1.66 R=1.03 gap=+0.11 v=+0.10 w=-0.19 personLvl=2
[INFO] [1784736381.551418099] [yolo_navigator]: [STATUS] mode=FTG front=10.00 L=1.83 R=0.97 gap=-0.16 v=+0.10 w=+0.25 personLvl=2
[INFO] [1784736386.551684563] [yolo_navigator]: [STATUS] mode=FTG front=10.00 L=1.89 R=1.16 gap=-0.20 v=+0.10 w=+0.20 personLvl=2
[INFO] [1784736391.551894331] [yolo_navigator]: [STATUS] mode=FTG front=10.00 L=1.92 R=1.41 gap=+0.17 v=+0.10 w=-0.17 personLvl=2
[INFO] [1784736396.602427132] [yolo_navigator]: [STATUS] mode=FTG front=10.00 L=2.00 R=1.58 gap=+0.19 v=+0.10 w=-0.15 personLvl=2
[INFO] [1784736397.213718439] [yolo_navigator]: [PERSON] level=0 h=0px
[INFO] [1784736397.601485980] [yolo_navigator]: [PERSON] level=2 h=254px
[INFO] [1784736401.628556443] [yolo_navigator]: [STATUS] mode=FTG front=10.00 L=2.13 R=1.74 gap=-0.30 v=+0.10 w=+0.12 personLvl=2
[INFO] [1784736402.860927529] [yolo_navigator]: [PERSON] level=0 h=0px
[INFO] [1784736406.651521288] [yolo_navigator]: [STATUS] mode=FTG front=10.00 L=2.20 R=2.26 gap=-0.40 v=+0.21 w=-0.01 personLvl=0
[INFO] [1784736411.652460729] [yolo_navigator]: [STATUS] mode=FTG front=10.00 L=2.47 R=1.87 gap=-0.42 v=+0.20 w=-0.05 personLvl=0
[INFO] [1784736416.702349533] [yolo_navigator]: [STATUS] mode=FTG front=10.00 L=2.46 R=1.35 gap=+0.36 v=+0.23 w=+0.07 personLvl=0
[INFO] [1784736421.796655207] [yolo_navigator]: [STATUS] mode=FTG front=10.00 L=2.48 R=0.85 gap=+0.32 v=+0.25 w=+0.02 personLvl=0
[INFO] [1784736426.752246018] [yolo_navigator]: [STATUS] mode=FTG front=10.00 L=2.51 R=0.60 gap=+0.33 v=+0.24 w=+0.01 personLvl=0
[INFO] [1784736431.818076849] [yolo_navigator]: [STATUS] mode=FTG front=10.00 L=2.40 R=2.68 gap=+0.19 v=+0.31 w=+0.51 personLvl=0
[INFO] [1784736436.851640953] [yolo_navigator]: [STATUS] mode=FTG front=10.00 L=1.92 R=2.10 gap=-0.66 v=+0.10 w=-0.83 personLvl=0
[INFO] [1784736441.852124635] [yolo_navigator]: [STATUS] mode=FTG front=10.00 L=1.45 R=1.52 gap=-0.08 v=+0.36 w=+0.18 personLvl=0
[INFO] [1784736446.902325567] [yolo_navigator]: [STATUS] mode=FTG front=10.00 L=1.06 R=1.27 gap=+0.08 v=+0.36 w=+0.37 personLvl=0
[INFO] [1784736451.901688983] [yolo_navigator]: [STATUS] mode=FTG front=0.84 L=0.68 R=1.64 gap=-0.51 v=+0.16 w=-0.24 personLvl=0
[INFO] [1784736456.952054843] [yolo_navigator]: [STATUS] mode=FTG front=0.51 L=0.42 R=2.79 gap=-0.35 v=+0.11 w=-0.02 personLvl=0
[INFO] [1784736459.551100335] [yolo_navigator]: [ROTATE_OPEN] front=0.39 open=-1.45
[INFO] [1784736460.400353070] [yolo_navigator]: [FTG] gap=-0.28 W=1.27
[INFO] [1784736461.952069504] [yolo_navigator]: [STATUS] mode=FTG front=10.00 L=0.39 R=1.53 gap=+0.05 v=+0.38 w=+0.05 personLvl=0
[INFO] [1784736467.001817642] [yolo_navigator]: [STATUS] mode=FTG front=10.00 L=0.77 R=1.33 gap=-0.20 v=+0.31 w=-0.01 personLvl=0
[INFO] [1784736472.129005100] [yolo_navigator]: [STATUS] mode=FTG front=10.00 L=1.56 R=1.52 gap=-0.27 v=+0.27 w=+0.01 personLvl=0
[INFO] [1784736477.151599827] [yolo_navigator]: [STATUS] mode=FTG front=10.00 L=2.19 R=2.50 gap=-0.20 v=+0.31 w=+0.03 personLvl=0
[INFO] [1784736482.152512129] [yolo_navigator]: [STATUS] mode=FTG front=10.00 L=1.75 R=2.60 gap=-0.04 v=+0.38 w=+0.22 personLvl=0
[INFO] [1784736487.209225847] [yolo_navigator]: [STATUS] mode=FTG front=10.00 L=1.28 R=3.02 gap=-0.37 v=+0.22 w=-0.11 personLvl=0
[INFO] [1784736492.201908587] [yolo_navigator]: [STATUS] mode=FTG front=1.11 L=0.88 R=2.32 gap=-0.60 v=+0.11 w=-0.34 personLvl=0
[INFO] [1784736497.281662290] [yolo_navigator]: [STATUS] mode=FTG front=0.85 L=0.58 R=2.17 gap=-0.39 v=+0.21 w=-0.06 personLvl=0
[INFO] [1784736502.291504772] [yolo_navigator]: [STATUS] mode=FTG front=0.43 L=0.38 R=1.85 gap=-0.35 v=+0.07 w=-0.01 personLvl=0
[INFO] [1784736503.369496352] [yolo_navigator]: [ROTATE_OPEN] front=0.40 open=-1.38
[INFO] [1784736503.652044773] [yolo_navigator]: [FTG] gap=-0.32 W=2.04
[INFO] [1784736507.302606243] [yolo_navigator]: [STATUS] mode=FTG front=10.00 L=0.35 R=1.35 gap=+0.01 v=+0.39 w=+0.06 personLvl=0
[INFO] [1784736512.302125566] [yolo_navigator]: [STATUS] mode=FTG front=10.00 L=0.61 R=0.69 gap=-0.39 v=+0.21 w=+0.02 personLvl=0
[INFO] [1784736517.352694611] [yolo_navigator]: [STATUS] mode=FTG front=10.00 L=0.77 R=0.54 gap=-0.43 v=+0.19 w=-0.05 personLvl=0
[INFO] [1784736522.402812111] [yolo_navigator]: [STATUS] mode=FTG front=10.00 L=1.03 R=1.63 gap=-0.43 v=+0.19 w=-0.08 personLvl=0
[INFO] [1784736527.451821201] [yolo_navigator]: [STATUS] mode=FTG front=1.07 L=1.04 R=3.20 gap=-0.41 v=+0.21 w=-0.08 personLvl=0
[INFO] [1784736532.501316063] [yolo_navigator]: [STATUS] mode=FTG front=0.55 L=0.57 R=2.67 gap=-0.36 v=+0.14 w=-0.03 personLvl=0
[INFO] [1784736535.056521945] [yolo_navigator]: [ROTATE_OPEN] front=0.39 open=-0.45
[INFO] [1784736535.551284297] [yolo_navigator]: [FTG] gap=-0.25 W=12.80
[INFO] [1784736536.501159992] [yolo_navigator]: [ROTATE_OPEN] front=0.39 open=-0.28
[INFO] [1784736537.350698996] [yolo_navigator]: [FTG] gap=-0.07 W=12.92
[INFO] [1784736537.540075096] [yolo_navigator]: [STATUS] mode=FTG front=10.00 L=0.43 R=3.19 gap=-0.04 v=+0.38 w=+0.39 personLvl=0
[INFO] [1784736542.550801838] [yolo_navigator]: [STATUS] mode=FTG front=10.00 L=1.79 R=2.62 gap=+0.18 v=+0.31 w=-0.23 personLvl=0
[INFO] [1784736547.553733876] [yolo_navigator]: [STATUS] mode=FTG front=10.00 L=1.46 R=2.23 gap=+0.29 v=+0.26 w=-0.09 personLvl=0
[INFO] [1784736552.600636723] [yolo_navigator]: [STATUS] mode=FTG front=10.00 L=1.90 R=1.98 gap=+0.39 v=+0.21 w=+0.00 personLvl=0
[INFO] [1784736557.601608108] [yolo_navigator]: [STATUS] mode=FTG front=10.00 L=2.06 R=1.82 gap=+0.51 v=+0.15 w=+0.21 personLvl=0
[INFO] [1784736562.602002031] [yolo_navigator]: [STATUS] mode=FTG front=10.00 L=2.05 R=1.21 gap=+0.37 v=+0.22 w=+0.03 personLvl=0
[INFO] [1784736567.651199564] [yolo_navigator]: [STATUS] mode=FTG front=0.55 L=2.26 R=0.58 gap=+0.35 v=+0.14 w=+0.00 personLvl=0
[INFO] [1784736570.650952126] [yolo_navigator]: [ROTATE_OPEN] front=0.40 open=+0.40
[INFO] [1784736571.600923772] [yolo_navigator]: [FTG] gap=+0.27 W=6.84
[INFO] [1784736572.777089037] [yolo_navigator]: [STATUS] mode=FTG front=10.00 L=2.09 R=0.45 gap=-0.01 v=+0.39 w=-0.47 personLvl=0
[INFO] [1784736573.301395477] [yolo_navigator]: [ROTATE_OPEN] front=0.38 open=+0.12
[INFO] [1784736573.504090528] [yolo_navigator]: [REVERSE] front=0.31 dir=+1
[INFO] [1784736574.399375182] [yolo_navigator]: [FTG] gap=-0.03 W=6.75
[INFO] [1784736577.752682663] [yolo_navigator]: [STATUS] mode=FTG front=10.00 L=1.71 R=5.29 gap=-0.43 v=+0.20 w=-0.09 personLvl=0
[INFO] [1784736582.751729477] [yolo_navigator]: [STATUS] mode=FTG front=10.00 L=1.36 R=4.88 gap=-0.22 v=+0.30 w=+0.18 personLvl=0
[INFO] [1784736587.806291069] [yolo_navigator]: [STATUS] mode=FTG front=10.00 L=3.91 R=4.54 gap=+0.17 v=+0.32 w=-0.22 personLvl=0
[INFO] [1784736592.801767164] [yolo_navigator]: [STATUS] mode=FTG front=10.00 L=3.47 R=4.41 gap=+0.19 v=+0.31 w=-0.20 personLvl=0
[INFO] [1784736597.852011118] [yolo_navigator]: [STATUS] mode=FTG front=10.00 L=3.05 R=3.74 gap=+0.18 v=+0.31 w=-0.22 personLvl=0
[INFO] [1784736602.852166130] [yolo_navigator]: [STATUS] mode=FTG front=10.00 L=2.63 R=3.14 gap=-0.42 v=+0.20 w=-0.02 personLvl=0
[INFO] [1784736607.901176400] [yolo_navigator]: [STATUS] mode=FTG front=10.00 L=2.37 R=2.67 gap=-0.02 v=+0.39 w=+0.34 personLvl=0
[INFO] [1784736612.917660977] [yolo_navigator]: [STATUS] mode=FTG front=10.00 L=2.22 R=1.89 gap=+0.22 v=+0.29 w=-0.03 personLvl=0
[INFO] [1784736617.951319202] [yolo_navigator]: [STATUS] mode=FTG front=10.00 L=2.34 R=1.18 gap=+0.25 v=+0.28 w=+0.01 personLvl=0
[INFO] [1784736622.952025521] [yolo_navigator]: [STATUS] mode=FTG front=1.10 L=2.25 R=0.68 gap=+0.21 v=+0.30 w=-0.06 personLvl=0
[INFO] [1784736628.136583357] [yolo_navigator]: [STATUS] mode=FTG front=0.48 L=2.18 R=0.38 gap=+0.15 v=+0.14 w=+0.58 personLvl=0
[INFO] [1784736628.251276982] [yolo_navigator]: [ROTATE_OPEN] front=0.39 open=+0.24
[INFO] [1784736628.851182613] [yolo_navigator]: [FTG] gap=+0.12 W=3.41
[INFO] [1784736633.052341830] [yolo_navigator]: [STATUS] mode=FTG front=10.00 L=1.90 R=1.83 gap=+0.51 v=+0.16 w=-0.18 personLvl=0
[INFO] [1784736638.072930557] [yolo_navigator]: [STATUS] mode=FTG front=10.00 L=1.84 R=1.46 gap=-0.51 v=+0.15 w=-0.21 personLvl=0
[INFO] [1784736643.101643528] [yolo_navigator]: [STATUS] mode=FTG front=10.00 L=1.65 R=0.99 gap=-0.05 v=+0.38 w=-0.04 personLvl=0
[INFO] [1784736648.152055985] [yolo_navigator]: [STATUS] mode=FTG front=10.00 L=0.66 R=2.54 gap=-0.02 v=+0.39 w=+0.01 personLvl=0
[INFO] [1784736653.282099062] [yolo_navigator]: [STATUS] mode=FTG front=10.00 L=0.47 R=1.76 gap=-0.01 v=+0.39 w=+0.04 personLvl=0
[INFO] [1784736658.201480983] [yolo_navigator]: [STATUS] mode=FTG front=10.00 L=2.72 R=1.51 gap=-1.00 v=+0.10 w=-0.88 personLvl=0
[INFO] [1784736663.202115072] [yolo_navigator]: [STATUS] mode=FTG front=10.00 L=2.64 R=1.02 gap=-0.08 v=+0.36 w=-0.39 personLvl=0
[INFO] [1784736663.909235660] [yolo_navigator]: [PERSON] level=1 h=160px
[INFO] [1784736668.250959643] [yolo_navigator]: [STATUS] mode=FTG front=0.54 L=2.37 R=0.58 gap=+0.22 v=+0.02 w=+0.02 personLvl=1
[INFO] [1784736669.266423123] [yolo_navigator]: [RECOVERY] WATCHDOG: no progress >2.5s
[INFO] [1784736671.801021649] [yolo_navigator]: [FTG] gap=-0.63 W=2.17
[INFO] [1784736671.802476275] [yolo_navigator]: [PERSON] level=0 h=0px
[INFO] [1784736672.300645589] [yolo_navigator]: [WEDGE] open=-0.94
[INFO] [1784736673.101252563] [yolo_navigator]: [FTG] gap=-0.92 W=2.06
[INFO] [1784736673.261665332] [yolo_navigator]: [STATUS] mode=FTG front=10.00 L=2.72 R=0.89 gap=-0.87 v=+0.10 w=-0.47 personLvl=0
[INFO] [1784736678.318041826] [yolo_navigator]: [STATUS] mode=FTG front=10.00 L=2.50 R=0.70 gap=-0.67 v=+0.10 w=+0.05 personLvl=0
[INFO] [1784736683.391992743] [yolo_navigator]: [STATUS] mode=FTG front=10.00 L=2.29 R=1.26 gap=-0.81 v=+0.10 w=-0.48 personLvl=0
[INFO] [1784736688.402852880] [yolo_navigator]: [STATUS] mode=FTG front=10.00 L=2.06 R=1.59 gap=-1.13 v=+0.10 w=-0.97 personLvl=0
[INFO] [1784736693.451270751] [yolo_navigator]: [STATUS] mode=FTG front=10.00 L=1.98 R=1.32 gap=+0.64 v=+0.10 w=+1.04 personLvl=0
[INFO] [1784736698.634249823] [yolo_navigator]: [STATUS] mode=FTG front=0.91 L=0.93 R=1.20 gap=+0.92 v=+0.10 w=+0.47 personLvl=0
[INFO] [1784736700.500915036] [yolo_navigator]: [WEDGE] open=-1.45
[INFO] [1784736700.751254748] [yolo_navigator]: [FTG] gap=-1.44 W=0.88
[INFO] [1784736703.600743260] [yolo_navigator]: [STATUS] mode=FTG front=0.60 L=1.73 R=0.63 gap=-1.42 v=+0.07 w=-1.02 personLvl=0
[INFO] [1784736703.951051752] [yolo_navigator]: [WEDGE] open=-1.45
[INFO] [1784736704.551728654] [yolo_navigator]: [FTG] gap=-1.44 W=1.14
[INFO] [1784736708.601137614] [yolo_navigator]: [STATUS] mode=FTG front=0.56 L=0.51 R=1.54 gap=-0.35 v=+0.15 w=-0.16 personLvl=0
[INFO] [1784736712.351357748] [yolo_navigator]: [ROTATE_OPEN] front=0.40 open=-0.35
[INFO] [1784736712.500777214] [yolo_navigator]: [FTG] gap=-0.22 W=2.86
[INFO] [1784736713.602103673] [yolo_navigator]: [STATUS] mode=FTG front=0.63 L=0.39 R=1.42 gap=+0.00 v=+0.33 w=-0.12 personLvl=0
[INFO] [1784736718.652248057] [yolo_navigator]: [STATUS] mode=FTG front=10.00 L=1.11 R=0.92 gap=-0.01 v=+0.39 w=+0.33 personLvl=0
[INFO] [1784736723.701350315] [yolo_navigator]: [STATUS] mode=FTG front=10.00 L=2.11 R=2.66 gap=-0.21 v=+0.30 w=-0.01 personLvl=0
[INFO] [1784736728.751241700] [yolo_navigator]: [STATUS] mode=FTG front=10.00 L=1.35 R=2.14 gap=-0.20 v=+0.30 w=-0.00 personLvl=0
[INFO] [1784736733.801989022] [yolo_navigator]: [STATUS] mode=FTG front=10.00 L=0.93 R=1.98 gap=-0.18 v=+0.31 w=+0.02 personLvl=0
[INFO] [1784736738.850659926] [yolo_navigator]: [STATUS] mode=FTG front=10.00 L=2.10 R=1.97 gap=+0.05 v=+0.38 w=+0.31 personLvl=0
[INFO] [1784736743.880311035] [yolo_navigator]: [STATUS] mode=FTG front=10.00 L=1.69 R=2.00 gap=-0.03 v=+0.39 w=+0.24 personLvl=0
[INFO] [1784736748.900621315] [yolo_navigator]: [STATUS] mode=FTG front=10.00 L=1.26 R=2.01 gap=-0.32 v=+0.24 w=-0.04 personLvl=0
[INFO] [1784736753.900679362] [yolo_navigator]: [STATUS] mode=FTG front=10.00 L=0.87 R=3.21 gap=-0.04 v=+0.38 w=+0.26 personLvl=0
[INFO] [1784736758.908054392] [yolo_navigator]: [STATUS] mode=FTG front=0.70 L=0.50 R=3.50 gap=-0.37 v=+0.22 w=-0.04 personLvl=0
[INFO] [1784736763.250504398] [yolo_navigator]: [ROTATE_OPEN] front=0.40 open=-1.45
[INFO] [1784736763.955046650] [yolo_navigator]: [STATUS] mode=ROTATE_OPEN front=0.39 L=0.36 R=3.53 gap=-0.35 v=+0.00 w=-1.00 personLvl=0
[INFO] [1784736764.100802825] [yolo_navigator]: [FTG] gap=-0.28 W=2.47
[INFO] [1784736769.002080277] [yolo_navigator]: [STATUS] mode=FTG front=10.00 L=0.70 R=2.14 gap=+0.14 v=+0.33 w=-0.26 personLvl=0
[INFO] [1784736774.001876461] [yolo_navigator]: [STATUS] mode=FTG front=10.00 L=1.10 R=2.35 gap=+0.32 v=+0.25 w=-0.04 personLvl=0
[INFO] [1784736779.065236553] [yolo_navigator]: [STATUS] mode=FTG front=10.00 L=1.46 R=2.66 gap=-0.17 v=+0.32 w=+0.22 personLvl=0
[INFO] [1784736784.101589726] [yolo_navigator]: [STATUS] mode=FTG front=10.00 L=1.77 R=2.00 gap=-0.20 v=+0.30 w=+0.18 personLvl=0
[INFO] [1784736789.102198020] [yolo_navigator]: [STATUS] mode=FTG front=10.00 L=1.95 R=1.44 gap=+0.47 v=+0.17 w=+0.24 personLvl=0
[INFO] [1784736794.102464769] [yolo_navigator]: [STATUS] mode=FTG front=10.00 L=2.10 R=1.14 gap=+0.48 v=+0.17 w=+0.23 personLvl=0
[INFO] [1784736799.109375090] [yolo_navigator]: [STATUS] mode=FTG front=10.00 L=2.00 R=2.85 gap=+0.07 v=+0.37 w=+0.15 personLvl=0
[INFO] [1784736804.183717275] [yolo_navigator]: [STATUS] mode=FTG front=10.00 L=1.76 R=1.76 gap=-0.13 v=+0.34 w=-0.10 personLvl=0
[INFO] [1784736809.382084031] [yolo_navigator]: [STATUS] mode=FTG front=10.00 L=1.55 R=0.88 gap=-0.15 v=+0.33 w=-0.16 personLvl=0
[INFO] [1784736814.310348162] [yolo_navigator]: [STATUS] mode=FTG front=10.00 L=1.24 R=0.99 gap=-0.89 v=+0.10 w=-0.97 personLvl=0
[INFO] [1784736819.351010957] [yolo_navigator]: [STATUS] mode=FTG front=10.00 L=1.04 R=0.99 gap=+0.16 v=+0.32 w=+0.49 personLvl=0
[INFO] [1784736824.374575199] [yolo_navigator]: [STATUS] mode=FTG front=10.00 L=0.68 R=3.80 gap=+0.33 v=+0.24 w=+0.79 personLvl=0
[INFO] [1784736829.401892119] [yolo_navigator]: [STATUS] mode=FTG front=10.00 L=0.66 R=2.00 gap=-0.50 v=+0.16 w=-0.37 personLvl=0
[INFO] [1784736834.415627758] [yolo_navigator]: [STATUS] mode=FTG front=10.00 L=1.37 R=1.59 gap=-0.27 v=+0.27 w=+0.01 personLvl=0
[INFO] [1784736839.451623737] [yolo_navigator]: [STATUS] mode=FTG front=10.00 L=2.05 R=2.52 gap=-0.20 v=+0.30 w=+0.04 personLvl=0
[INFO] [1784736844.519029282] [yolo_navigator]: [STATUS] mode=FTG front=10.00 L=1.69 R=2.60 gap=-0.02 v=+0.39 w=+0.26 personLvl=0
[INFO] [1784736849.552231805] [yolo_navigator]: [STATUS] mode=FTG front=10.00 L=1.26 R=3.05 gap=-0.32 v=+0.24 w=-0.04 personLvl=0
[INFO] [1784736854.601234287] [yolo_navigator]: [STATUS] mode=FTG front=0.99 L=0.79 R=2.20 gap=-0.58 v=+0.12 w=-0.31 personLvl=0
[INFO] [1784736859.601630552] [yolo_navigator]: [STATUS] mode=FTG front=0.75 L=0.52 R=2.24 gap=-0.37 v=+0.22 w=-0.03 personLvl=0
[INFO] [1784736864.625696182] [yolo_navigator]: [STATUS] mode=FTG front=0.41 L=0.36 R=1.99 gap=-0.35 v=+0.05 w=-0.01 personLvl=0
[INFO] [1784736864.701382376] [yolo_navigator]: [ROTATE_OPEN] front=0.40 open=-1.45
[INFO] [1784736865.500891765] [yolo_navigator]: [FTG] gap=-0.32 W=3.19
[INFO] [1784736869.652060060] [yolo_navigator]: [STATUS] mode=FTG front=10.00 L=0.59 R=1.49 gap=+0.42 v=+0.20 w=+0.12 personLvl=0
[INFO] [1784736874.714098846] [yolo_navigator]: [STATUS] mode=FTG front=10.00 L=0.73 R=0.90 gap=+0.36 v=+0.23 w=+0.03 personLvl=0
[INFO] [1784736879.751185364] [yolo_navigator]: [STATUS] mode=FTG front=10.00 L=0.85 R=0.47 gap=+0.33 v=+0.24 w=-0.09 personLvl=0
[INFO] [1784736884.803186120] [yolo_navigator]: [STATUS] mode=FTG front=10.00 L=0.97 R=0.36 gap=-0.44 v=+0.19 w=-0.05 personLvl=0
[INFO] [1784736889.851896649] [yolo_navigator]: [STATUS] mode=FTG front=10.00 L=1.17 R=1.56 gap=-0.43 v=+0.19 w=-0.05 personLvl=0
[INFO] [1784736894.869613734] [yolo_navigator]: [STATUS] mode=FTG front=0.94 L=0.97 R=1.12 gap=-0.70 v=+0.10 w=-0.46 personLvl=0
[INFO] [1784736899.874429531] [yolo_navigator]: [STATUS] mode=FTG front=0.65 L=0.66 R=2.75 gap=-0.35 v=+0.20 w=-0.02 personLvl=0
[INFO] [1784736903.751541576] [yolo_navigator]: [ROTATE_OPEN] front=0.40 open=-0.45
[INFO] [1784736904.801818682] [yolo_navigator]: [FTG] gap=-0.20 W=12.72
[INFO] [1784736904.984944592] [yolo_navigator]: [STATUS] mode=FTG front=0.41 L=0.45 R=3.27 gap=-0.20 v=+0.07 w=-0.30 personLvl=0
[INFO] [1784736909.952939524] [yolo_navigator]: [STATUS] mode=FTG front=10.00 L=1.86 R=2.62 gap=-0.17 v=+0.32 w=+0.25 personLvl=0
[INFO] [1784736915.025000228] [yolo_navigator]: [STATUS] mode=FTG front=10.00 L=1.46 R=2.18 gap=+0.24 v=+0.29 w=-0.16 personLvl=0
[INFO] [1784736920.002474772] [yolo_navigator]: [STATUS] mode=FTG front=10.00 L=1.98 R=1.95 gap=+0.41 v=+0.20 w=+0.03 personLvl=0
[INFO] [1784736925.051728928] [yolo_navigator]: [STATUS] mode=FTG front=10.00 L=2.00 R=1.73 gap=+0.46 v=+0.18 w=+0.14 personLvl=0
[INFO] [1784736930.051932489] [yolo_navigator]: [STATUS] mode=FTG front=1.10 L=2.09 R=1.10 gap=+0.37 v=+0.22 w=+0.03 personLvl=0
[INFO] [1784736935.093967619] [yolo_navigator]: [STATUS] mode=FTG front=0.51 L=2.27 R=0.55 gap=+0.35 v=+0.12 w=+0.00 personLvl=0
[INFO] [1784736937.250940959] [yolo_navigator]: [ROTATE_OPEN] front=0.40 open=+0.40
[INFO] [1784736938.201319301] [yolo_navigator]: [FTG] gap=+0.25 W=6.85
[INFO] [1784736939.950934004] [yolo_navigator]: [ROTATE_OPEN] front=0.36 open=+0.14
[INFO] [1784736940.102117431] [yolo_navigator]: [STATUS] mode=ROTATE_OPEN front=0.35 L=2.13 R=0.37 gap=+0.11 v=+0.00 w=+1.00 personLvl=0
[INFO] [1784736940.151304918] [yolo_navigator]: [REVERSE] front=0.30 dir=+1
[INFO] [1784736941.251802423] [yolo_navigator]: [FTG] gap=-0.08 W=6.48
[INFO] [1784736945.101121373] [yolo_navigator]: [STATUS] mode=FTG front=10.00 L=1.65 R=5.22 gap=-0.39 v=+0.21 w=-0.05 personLvl=0
[INFO] [1784736950.151941059] [yolo_navigator]: [STATUS] mode=FTG front=10.00 L=1.30 R=4.68 gap=-0.09 v=+0.35 w=+0.34 personLvl=0
[INFO] [1784736955.201086220] [yolo_navigator]: [STATUS] mode=FTG front=10.00 L=1.12 R=5.33 gap=+0.36 v=+0.23 w=+0.02 personLvl=0
[INFO] [1784736960.219094846] [yolo_navigator]: [STATUS] mode=FTG front=10.00 L=3.27 R=4.72 gap=+0.35 v=+0.23 w=-0.00 personLvl=0
[INFO] [1784736965.272518447] [yolo_navigator]: [STATUS] mode=FTG front=10.00 L=2.74 R=3.80 gap=+0.42 v=+0.20 w=+0.23 personLvl=0
[INFO] [1784736970.301189709] [yolo_navigator]: [STATUS] mode=FTG front=10.00 L=2.39 R=4.42 gap=-0.11 v=+0.35 w=+0.24 personLvl=0
[INFO] [1784736975.301810875] [yolo_navigator]: [STATUS] mode=FTG front=10.00 L=1.81 R=3.02 gap=-0.36 v=+0.23 w=-0.00 personLvl=0
[INFO] [1784736980.374248660] [yolo_navigator]: [STATUS] mode=FTG front=10.00 L=1.38 R=3.64 gap=-0.52 v=+0.15 w=-0.26 personLvl=0
[INFO] [1784736985.457934804] [yolo_navigator]: [STATUS] mode=FTG front=1.16 L=0.99 R=2.87 gap=-0.70 v=+0.10 w=-0.48 personLvl=0
[INFO] [1784736990.451531032] [yolo_navigator]: [STATUS] mode=FTG front=1.09 L=0.74 R=3.36 gap=-0.44 v=+0.19 w=-0.13 personLvl=0
[INFO] [1784736995.532978479] [yolo_navigator]: [STATUS] mode=FTG front=0.70 L=0.49 R=3.32 gap=-0.34 v=+0.24 w=+0.01 personLvl=0
[INFO] [1784737000.571333229] [yolo_navigator]: [STATUS] mode=FTG front=10.00 L=0.38 R=3.16 gap=-0.00 v=+0.40 w=-0.67 personLvl=0
[INFO] [1784737005.579824444] [yolo_navigator]: [STATUS] mode=FTG front=10.00 L=0.83 R=2.52 gap=+0.12 v=+0.34 w=-0.02 personLvl=0
[INFO] [1784737010.608898491] [yolo_navigator]: [STATUS] mode=FTG front=10.00 L=0.85 R=1.96 gap=+0.18 v=+0.32 w=+0.02 personLvl=0
[INFO] [1784737015.616977147] [yolo_navigator]: [STATUS] mode=FTG front=10.00 L=1.02 R=1.49 gap=+0.20 v=+0.30 w=+0.03 personLvl=0
[INFO] [1784737020.677843303] [yolo_navigator]: [STATUS] mode=FTG front=10.00 L=1.19 R=1.14 gap=+0.14 v=+0.33 w=+0.25 personLvl=0
[INFO] [1784737025.704317301] [yolo_navigator]: [STATUS] mode=FTG front=10.00 L=1.19 R=2.00 gap=-0.08 v=+0.36 w=-0.03 personLvl=0
[INFO] [1784737030.752036430] [yolo_navigator]: [STATUS] mode=FTG front=10.00 L=1.29 R=1.26 gap=-0.18 v=+0.31 w=-0.09 personLvl=0
[INFO] [1784737035.802827698] [yolo_navigator]: [STATUS] mode=FTG front=10.00 L=1.44 R=0.69 gap=-0.17 v=+0.32 w=-0.08 personLvl=0
[INFO] [1784737040.810226286] [yolo_navigator]: [STATUS] mode=FTG front=10.00 L=2.04 R=0.74 gap=-0.33 v=+0.24 w=-0.13 personLvl=0
[INFO] [1784737045.851198037] [yolo_navigator]: [STATUS] mode=FTG front=10.00 L=1.94 R=0.69 gap=+0.03 v=+0.39 w=+0.31 personLvl=0
[INFO] [1784737050.852117049] [yolo_navigator]: [STATUS] mode=FTG front=10.00 L=1.47 R=3.23 gap=-0.66 v=+0.10 w=-0.33 personLvl=0
[INFO] [1784737055.913374961] [yolo_navigator]: [STATUS] mode=FTG front=10.00 L=1.17 R=3.20 gap=-0.32 v=+0.25 w=-0.03 personLvl=0
[INFO] [1784737060.923541078] [yolo_navigator]: [STATUS] mode=FTG front=1.08 L=0.81 R=2.58 gap=-0.13 v=+0.34 w=+0.15 personLvl=0
[INFO] [1784737065.952455762] [yolo_navigator]: [STATUS] mode=FTG front=0.84 L=0.55 R=2.98 gap=-0.35 v=+0.23 w=-0.01 personLvl=0
[INFO] [1784737071.001550788] [yolo_navigator]: [STATUS] mode=FTG front=0.43 L=0.37 R=3.07 gap=-0.35 v=+0.06 w=-0.01 personLvl=0
[INFO] [1784737072.001829332] [yolo_navigator]: [ROTATE_OPEN] front=0.40 open=-1.26
[INFO] [1784737072.300763135] [yolo_navigator]: [FTG] gap=-0.34 W=2.77
[INFO] [1784737076.002995356] [yolo_navigator]: [STATUS] mode=FTG front=10.00 L=0.56 R=2.58 gap=+0.32 v=+0.25 w=+0.04 personLvl=0
[INFO] [1784737081.001942691] [yolo_navigator]: [STATUS] mode=FTG front=10.00 L=0.80 R=2.28 gap=+0.33 v=+0.24 w=-0.02 personLvl=0
[INFO] [1784737086.006217205] [yolo_navigator]: [STATUS] mode=FTG front=10.00 L=0.89 R=1.52 gap=+0.28 v=+0.26 w=+0.59 personLvl=0
[INFO] [1784737091.051650589] [yolo_navigator]: [STATUS] mode=FTG front=10.00 L=0.76 R=0.93 gap=+0.15 v=+0.33 w=+0.53 personLvl=0
[INFO] [1784737096.052594640] [yolo_navigator]: [STATUS] mode=FTG front=0.80 L=0.50 R=0.96 gap=-0.24 v=+0.28 w=+0.12 personLvl=0
[INFO] [1784737101.114937593] [yolo_navigator]: [STATUS] mode=FTG front=0.43 L=0.36 R=0.99 gap=-0.26 v=+0.08 w=+0.10 personLvl=0
[INFO] [1784737101.751664261] [yolo_navigator]: [ROTATE_OPEN] front=0.39 open=-0.65
[INFO] [1784737102.701030542] [yolo_navigator]: [FTG] gap=-0.21 W=1.48
[INFO] [1784737106.184851251] [yolo_navigator]: [STATUS] mode=FTG front=10.00 L=0.42 R=0.72 gap=+0.21 v=+0.30 w=-0.24 personLvl=0
[INFO] [1784737111.208220272] [yolo_navigator]: [STATUS] mode=FTG front=10.00 L=0.50 R=0.38 gap=-0.54 v=+0.14 w=-0.50 personLvl=0
[INFO] [1784737116.252169279] [yolo_navigator]: [STATUS] mode=FTG front=10.00 L=1.01 R=0.61 gap=-0.25 v=+0.28 w=-0.02 personLvl=0
[INFO] [1784737121.301955407] [yolo_navigator]: [STATUS] mode=FTG front=10.00 L=1.73 R=2.43 gap=-0.27 v=+0.27 w=-0.02 personLvl=0
[INFO] [1784737126.302361962] [yolo_navigator]: [STATUS] mode=FTG front=10.00 L=1.67 R=1.95 gap=-0.07 v=+0.37 w=+0.19 personLvl=0
[INFO] [1784737131.351908090] [yolo_navigator]: [STATUS] mode=FTG front=10.00 L=1.26 R=1.46 gap=-0.32 v=+0.24 w=-0.04 personLvl=0
[INFO] [1784737136.365464407] [yolo_navigator]: [STATUS] mode=FTG front=10.00 L=0.86 R=1.11 gap=-0.07 v=+0.37 w=+0.22 personLvl=0
[INFO] [1784737141.408982561] [yolo_navigator]: [STATUS] mode=FTG front=0.91 L=0.58 R=0.99 gap=-0.35 v=+0.23 w=-0.02 personLvl=0
[INFO] [1784737146.465957364] [yolo_navigator]: [STATUS] mode=FTG front=0.45 L=0.38 R=3.50 gap=-0.35 v=+0.08 w=-0.01 personLvl=0
[INFO] [1784737148.065012282] [yolo_navigator]: [ROTATE_OPEN] front=0.40 open=-0.86
[INFO] [1784737148.937724749] [yolo_navigator]: [FTG] gap=-0.30 W=1.99
[INFO] [1784737151.502453816] [yolo_navigator]: [STATUS] mode=FTG front=10.00 L=0.42 R=1.01 gap=+0.03 v=+0.39 w=+0.26 personLvl=0
[INFO] [1784737155.551663041] [yolo_navigator]: [PERSON] level=1 h=122px
[INFO] [1784737156.500808120] [yolo_navigator]: [STATUS] mode=FTG front=10.00 L=0.72 R=3.14 gap=+0.08 v=+0.21 w=-0.21 personLvl=1
[INFO] [1784737161.502121867] [yolo_navigator]: [STATUS] mode=FTG front=10.00 L=0.89 R=2.71 gap=+0.06 v=+0.22 w=-0.24 personLvl=1
[INFO] [1784737166.505944224] [yolo_navigator]: [STATUS] mode=FTG front=10.00 L=1.12 R=2.25 gap=-0.13 v=+0.19 w=+0.27 personLvl=1
[INFO] [1784737171.552394368] [yolo_navigator]: [STATUS] mode=FTG front=10.00 L=1.27 R=1.77 gap=+0.11 v=+0.20 w=-0.19 personLvl=1
[INFO] [1784737176.600759388] [yolo_navigator]: [STATUS] mode=FTG front=10.00 L=1.43 R=1.37 gap=+0.08 v=+0.21 w=-0.22 personLvl=1
[INFO] [1784737181.805264144] [yolo_navigator]: [STATUS] mode=FTG front=10.00 L=1.67 R=1.08 gap=-0.14 v=+0.18 w=+0.27 personLvl=1
[INFO] [1784737181.851705317] [yolo_navigator]: [PERSON] level=2 h=204px
[INFO] [1784737186.752364586] [yolo_navigator]: [STATUS] mode=FTG front=10.00 L=1.73 R=1.01 gap=+0.17 v=+0.10 w=-0.12 personLvl=2
[INFO] [1784737191.800717615] [yolo_navigator]: [STATUS] mode=FTG front=10.00 L=1.78 R=1.17 gap=+0.13 v=+0.10 w=-0.17 personLvl=2
[INFO] [1784737196.800983994] [yolo_navigator]: [STATUS] mode=FTG front=10.00 L=1.87 R=1.37 gap=+0.17 v=+0.10 w=-0.17 personLvl=2
[INFO] [1784737201.802700931] [yolo_navigator]: [STATUS] mode=FTG front=10.00 L=1.99 R=1.49 gap=-0.22 v=+0.10 w=+0.18 personLvl=2
[INFO] [1784737202.601803892] [yolo_navigator]: [PERSON] level=0 h=0px
[INFO] [1784737203.351956890] [yolo_navigator]: [PERSON] level=2 h=254px
[INFO] [1784737205.455791508] [yolo_navigator]: [PERSON] level=0 h=0px
[INFO] [1784737206.152166750] [yolo_navigator]: [PERSON] level=2 h=255px
[INFO] [1784737206.891709219] [yolo_navigator]: [STATUS] mode=FTG front=10.00 L=2.15 R=1.74 gap=+0.35 v=+0.10 w=+0.01 personLvl=2
[INFO] [1784737208.515118938] [yolo_navigator]: [PERSON] level=0 h=0px
[INFO] [1784737211.901464097] [yolo_navigator]: [STATUS] mode=FTG front=10.00 L=2.14 R=2.38 gap=+0.23 v=+0.29 w=-0.15 personLvl=0
[INFO] [1784737217.042395028] [yolo_navigator]: [STATUS] mode=FTG front=10.00 L=2.25 R=1.64 gap=+0.33 v=+0.24 w=+0.05 personLvl=0
[INFO] [1784737222.051958706] [yolo_navigator]: [STATUS] mode=FTG front=10.00 L=2.32 R=1.08 gap=+0.31 v=+0.25 w=+0.02 personLvl=0
[INFO] [1784737227.101907653] [yolo_navigator]: [STATUS] mode=FTG front=10.00 L=2.37 R=0.76 gap=+0.33 v=+0.24 w=+0.01 personLvl=0
[INFO] [1784737232.151460319] [yolo_navigator]: [STATUS] mode=FTG front=10.00 L=2.31 R=2.72 gap=-0.04 v=+0.38 w=-0.00 personLvl=0
[INFO] [1784737237.202276754] [yolo_navigator]: [STATUS] mode=FTG front=10.00 L=1.90 R=1.98 gap=+0.10 v=+0.35 w=+0.40 personLvl=0
[INFO] [1784737242.285817581] [yolo_navigator]: [STATUS] mode=FTG front=10.00 L=1.44 R=1.44 gap=-0.34 v=+0.24 w=-0.08 personLvl=0
[INFO] [1784737247.304633988] [yolo_navigator]: [STATUS] mode=FTG front=10.00 L=0.95 R=1.31 gap=-1.17 v=+0.10 w=-1.00 personLvl=0
[INFO] [1784737252.304031035] [yolo_navigator]: [STATUS] mode=FTG front=0.86 L=0.61 R=1.56 gap=-0.37 v=+0.22 w=-0.05 personLvl=0
[INFO] [1784737257.410685386] [yolo_navigator]: [STATUS] mode=FTG front=0.43 L=0.39 R=2.75 gap=-0.33 v=+0.07 w=+0.01 personLvl=0
[INFO] [1784737258.250758847] [yolo_navigator]: [ROTATE_OPEN] front=0.40 open=-1.45
[INFO] [1784737259.100922303] [yolo_navigator]: [FTG] gap=-0.28 W=1.16
[INFO] [1784737262.407222687] [yolo_navigator]: [STATUS] mode=FTG front=10.00 L=0.52 R=1.40 gap=-0.41 v=+0.20 w=-0.38 personLvl=0
[INFO] [1784737267.452652879] [yolo_navigator]: [STATUS] mode=FTG front=10.00 L=1.15 R=1.09 gap=-0.23 v=+0.29 w=-0.06 personLvl=0
[INFO] [1784737272.501134904] [yolo_navigator]: [STATUS] mode=FTG front=10.00 L=1.93 R=1.77 gap=-0.24 v=+0.28 w=+0.01 personLvl=0
[INFO] [1784737277.517900479] [yolo_navigator]: [STATUS] mode=FTG front=10.00 L=1.97 R=2.77 gap=-0.64 v=+0.10 w=-0.35 personLvl=0
[INFO] [1784737282.551558293] [yolo_navigator]: [STATUS] mode=FTG front=10.00 L=1.59 R=2.79 gap=-0.07 v=+0.37 w=+0.19 personLvl=0
[INFO] [1784737287.551927479] [yolo_navigator]: [STATUS] mode=FTG front=10.00 L=1.19 R=2.66 gap=-0.31 v=+0.25 w=-0.02 personLvl=0
[INFO] [1784737292.651332541] [yolo_navigator]: [STATUS] mode=FTG front=1.18 L=0.81 R=2.20 gap=-0.07 v=+0.37 w=+0.23 personLvl=0
[INFO] [1784737297.600553714] [yolo_navigator]: [STATUS] mode=FTG front=0.67 L=0.48 R=1.82 gap=-0.35 v=+0.21 w=-0.01 personLvl=0
[INFO] [1784737301.451569187] [yolo_navigator]: [ROTATE_OPEN] front=0.39 open=-1.40
[INFO] [1784737302.200617502] [yolo_navigator]: [FTG] gap=-0.32 W=2.31
[INFO] [1784737302.601624733] [yolo_navigator]: [STATUS] mode=FTG front=0.71 L=0.37 R=1.63 gap=-0.16 v=+0.32 w=-0.26 personLvl=0
[INFO] [1784737307.651837379] [yolo_navigator]: [STATUS] mode=FTG front=10.00 L=0.62 R=0.96 gap=+0.34 v=+0.24 w=+0.00 personLvl=0
[INFO] [1784737312.703341525] [yolo_navigator]: [STATUS] mode=FTG front=10.00 L=0.75 R=0.51 gap=-0.49 v=+0.17 w=-0.09 personLvl=0
[INFO] [1784737317.770484819] [yolo_navigator]: [STATUS] mode=FTG front=10.00 L=0.93 R=0.49 gap=-0.42 v=+0.20 w=-0.03 personLvl=0
[INFO] [1784737322.801513371] [yolo_navigator]: [STATUS] mode=FTG front=10.00 L=1.19 R=1.47 gap=-0.42 v=+0.20 w=-0.05 personLvl=0
[INFO] [1784737327.802040925] [yolo_navigator]: [STATUS] mode=FTG front=0.86 L=0.86 R=2.99 gap=-0.48 v=+0.17 w=-0.16 personLvl=0
[INFO] [1784737332.833125371] [yolo_navigator]: [STATUS] mode=FTG front=0.43 L=0.48 R=2.55 gap=-0.36 v=+0.07 w=-0.02 personLvl=0
[INFO] [1784737333.801194287] [yolo_navigator]: [ROTATE_OPEN] front=0.39 open=-0.47
[INFO] [1784737334.801061559] [yolo_navigator]: [FTG] gap=-0.20 W=12.72
[INFO] [1784737337.850831888] [yolo_navigator]: [STATUS] mode=FTG front=10.00 L=1.02 R=3.02 gap=-0.08 v=+0.36 w=+0.02 personLvl=0
[INFO] [1784737342.851084758] [yolo_navigator]: [STATUS] mode=FTG front=10.00 L=1.43 R=2.44 gap=+0.28 v=+0.26 w=-0.09 personLvl=0
[INFO] [1784737347.851540116] [yolo_navigator]: [STATUS] mode=FTG front=10.00 L=1.68 R=2.15 gap=-0.24 v=+0.29 w=+0.19 personLvl=0
[INFO] [1784737352.924192884] [yolo_navigator]: [STATUS] mode=FTG front=10.00 L=1.98 R=1.95 gap=-0.41 v=+0.20 w=-0.03 personLvl=0
[INFO] [1784737357.951057557] [yolo_navigator]: [STATUS] mode=FTG front=10.00 L=1.42 R=1.67 gap=-0.41 v=+0.20 w=-0.05 personLvl=0
[INFO] [1784737362.951666366] [yolo_navigator]: [STATUS] mode=FTG front=0.86 L=2.27 R=0.88 gap=+0.37 v=+0.22 w=+0.03 personLvl=0
[INFO] [1784737368.001001566] [yolo_navigator]: [STATUS] mode=FTG front=0.40 L=2.38 R=0.46 gap=+0.37 v=+0.05 w=+0.03 personLvl=0
[INFO] [1784737368.302795773] [yolo_navigator]: [ROTATE_OPEN] front=0.39 open=+0.40
[INFO] [1784737369.351007026] [yolo_navigator]: [FTG] gap=+0.22 W=6.50
[INFO] [1784737371.302596769] [yolo_navigator]: [ROTATE_OPEN] front=0.38 open=+0.02
[INFO] [1784737371.651450072] [yolo_navigator]: [REVERSE] front=0.30 dir=+1
[INFO] [1784737371.800854530] [yolo_navigator]: [FTG] gap=-0.05 W=1.61
[INFO] [1784737373.134202839] [yolo_navigator]: [STATUS] mode=FTG front=10.00 L=2.02 R=0.39 gap=+0.02 v=+0.39 w=+1.00 personLvl=0
[INFO] [1784737378.063325953] [yolo_navigator]: [STATUS] mode=FTG front=10.00 L=1.52 R=5.18 gap=-0.36 v=+0.23 w=-0.00 personLvl=0
[INFO] [1784737383.101429502] [yolo_navigator]: [STATUS] mode=FTG front=10.00 L=1.18 R=5.04 gap=-0.63 v=+0.10 w=-0.46 personLvl=0
[INFO] [1784737388.101694297] [yolo_navigator]: [STATUS] mode=FTG front=10.00 L=1.44 R=5.16 gap=+0.38 v=+0.22 w=+0.04 personLvl=0
[INFO] [1784737393.152089071] [yolo_navigator]: [STATUS] mode=FTG front=10.00 L=3.07 R=4.47 gap=+0.39 v=+0.21 w=+0.05 personLvl=0
[INFO] [1784737398.222384962] [yolo_navigator]: [STATUS] mode=FTG front=10.00 L=2.65 R=4.56 gap=-0.67 v=+0.10 w=-0.33 personLvl=0
[INFO] [1784737403.251327576] [yolo_navigator]: [STATUS] mode=FTG front=10.00 L=2.16 R=4.19 gap=-0.14 v=+0.33 w=+0.20 personLvl=0
[INFO] [1784737408.251852508] [yolo_navigator]: [STATUS] mode=FTG front=10.00 L=1.53 R=2.58 gap=-0.39 v=+0.21 w=-0.03 personLvl=0
[INFO] [1784737413.315575632] [yolo_navigator]: [STATUS] mode=FTG front=10.00 L=1.13 R=3.07 gap=-0.39 v=+0.21 w=-0.20 personLvl=0
[INFO] [1784737418.367725372] [yolo_navigator]: [STATUS] mode=FTG front=0.91 L=0.77 R=2.55 gap=-0.65 v=+0.10 w=-0.41 personLvl=0
[INFO] [1784737423.396155035] [yolo_navigator]: [STATUS] mode=FTG front=0.81 L=0.55 R=3.39 gap=-0.35 v=+0.23 w=-0.02 personLvl=0
[INFO] [1784737428.400693199] [yolo_navigator]: [STATUS] mode=FTG front=10.00 L=0.39 R=3.22 gap=-0.07 v=+0.36 w=-0.78 personLvl=0
[INFO] [1784737433.402021251] [yolo_navigator]: [STATUS] mode=FTG front=10.00 L=0.85 R=2.54 gap=+0.12 v=+0.34 w=-0.06 personLvl=0
[INFO] [1784737438.402843464] [yolo_navigator]: [STATUS] mode=FTG front=10.00 L=0.87 R=1.90 gap=+0.18 v=+0.31 w=+0.00 personLvl=0
[INFO] [1784737443.531111646] [yolo_navigator]: [STATUS] mode=FTG front=10.00 L=1.06 R=1.37 gap=+0.21 v=+0.30 w=+0.01 personLvl=0
[INFO] [1784737448.558429060] [yolo_navigator]: [STATUS] mode=FTG front=10.00 L=1.19 R=1.77 gap=+0.04 v=+0.38 w=+0.11 personLvl=0
[INFO] [1784737453.551848618] [yolo_navigator]: [STATUS] mode=FTG front=10.00 L=1.19 R=1.76 gap=-0.12 v=+0.34 w=+0.03 personLvl=0
[INFO] [1784737458.552136775] [yolo_navigator]: [STATUS] mode=FTG front=10.00 L=1.29 R=1.02 gap=-0.16 v=+0.32 w=-0.07 personLvl=0
[INFO] [1784737463.601504473] [yolo_navigator]: [STATUS] mode=FTG front=10.00 L=1.58 R=0.69 gap=-0.35 v=+0.23 w=-0.15 personLvl=0
[INFO] [1784737468.601784292] [yolo_navigator]: [STATUS] mode=FTG front=10.00 L=2.17 R=0.74 gap=-0.27 v=+0.27 w=-0.06 personLvl=0
[INFO] [1784737473.653148454] [yolo_navigator]: [STATUS] mode=FTG front=10.00 L=1.71 R=0.65 gap=-0.62 v=+0.10 w=-0.28 personLvl=0
[INFO] [1784737478.700914997] [yolo_navigator]: [STATUS] mode=FTG front=10.00 L=1.33 R=3.31 gap=-0.30 v=+0.26 w=-0.02 personLvl=0
[INFO] [1784737483.701810980] [yolo_navigator]: [STATUS] mode=FTG front=1.17 L=0.90 R=2.52 gap=-0.56 v=+0.13 w=-0.29 personLvl=0
[INFO] [1784737488.702217911] [yolo_navigator]: [STATUS] mode=FTG front=0.84 L=0.57 R=3.01 gap=-0.39 v=+0.21 w=-0.06 personLvl=0
[INFO] [1784737493.716614640] [yolo_navigator]: [STATUS] mode=FTG front=0.43 L=0.37 R=3.05 gap=-0.35 v=+0.06 w=-0.01 personLvl=0
[INFO] [1784737494.500133267] [yolo_navigator]: [ROTATE_OPEN] front=0.40 open=-1.24
[INFO] [1784737495.306064061] [yolo_navigator]: [FTG] gap=-0.30 W=2.04
[INFO] [1784737498.751863955] [yolo_navigator]: [STATUS] mode=FTG front=10.00 L=0.60 R=2.57 gap=+0.31 v=+0.25 w=+0.07 personLvl=0
[INFO] [1784737503.800779730] [yolo_navigator]: [STATUS] mode=FTG front=10.00 L=0.90 R=2.18 gap=+0.37 v=+0.22 w=+0.03 personLvl=0
[INFO] [1784737508.852738773] [yolo_navigator]: [STATUS] mode=FTG front=10.00 L=0.92 R=1.32 gap=+0.15 v=+0.33 w=+0.43 personLvl=0
[INFO] [1784737513.864771600] [yolo_navigator]: [STATUS] mode=FTG front=0.87 L=0.60 R=1.02 gap=-0.69 v=+0.10 w=-0.34 personLvl=0
[INFO] [1784737518.903728370] [yolo_navigator]: [STATUS] mode=FTG front=0.41 L=0.38 R=1.06 gap=-0.35 v=+0.06 w=-0.02 personLvl=0
[INFO] [1784737519.500890445] [yolo_navigator]: [ROTATE_OPEN] front=0.40 open=-0.66
[INFO] [1784737520.259906008] [yolo_navigator]: [FTG] gap=-0.35 W=1.51
[INFO] [1784737523.551313189] [yolo_navigator]: [ROTATE_OPEN] front=0.38 open=-0.59
[INFO] [1784737523.950857435] [yolo_navigator]: [STATUS] mode=ROTATE_OPEN front=0.33 L=0.29 R=0.94 gap=-0.16 v=+0.00 w=-1.00 personLvl=0
[INFO] [1784737524.401324263] [yolo_navigator]: [FTG] gap=-0.09 W=1.35
[INFO] [1784737528.951813488] [yolo_navigator]: [STATUS] mode=FTG front=10.00 L=0.47 R=0.55 gap=-0.04 v=+0.38 w=+0.03 personLvl=0
[INFO] [1784737534.027335860] [yolo_navigator]: [STATUS] mode=FTG front=10.00 L=0.76 R=0.49 gap=-0.54 v=+0.14 w=-0.34 personLvl=0
[INFO] [1784737539.036136182] [yolo_navigator]: [STATUS] mode=FTG front=10.00 L=1.46 R=0.78 gap=-0.28 v=+0.26 w=-0.02 personLvl=0
[INFO] [1784737544.051414450] [yolo_navigator]: [STATUS] mode=FTG front=10.00 L=1.77 R=2.03 gap=-0.61 v=+0.11 w=-0.35 personLvl=0
[INFO] [1784737549.101636387] [yolo_navigator]: [STATUS] mode=FTG front=10.00 L=1.32 R=1.49 gap=-0.37 v=+0.22 w=-0.11 personLvl=0
[INFO] [1784737554.229147068] [yolo_navigator]: [STATUS] mode=FTG front=1.18 L=0.91 R=1.11 gap=-0.58 v=+0.12 w=-0.32 personLvl=0
[INFO] [1784737559.250864959] [yolo_navigator]: [STATUS] mode=FTG front=0.86 L=0.58 R=0.98 gap=-0.39 v=+0.21 w=-0.06 personLvl=0
[INFO] [1784737564.251124852] [yolo_navigator]: [STATUS] mode=FTG front=0.42 L=0.37 R=3.54 gap=-0.35 v=+0.06 w=-0.01 personLvl=0
[INFO] [1784737565.000633076] [yolo_navigator]: [ROTATE_OPEN] front=0.40 open=-0.86
[INFO] [1784737565.876091688] [yolo_navigator]: [FTG] gap=-0.34 W=2.28
[INFO] [1784737569.305778009] [yolo_navigator]: [STATUS] mode=FTG front=10.00 L=0.42 R=3.75 gap=-0.06 v=+0.37 w=-0.46 personLvl=0
[INFO] [1784737571.851984628] [yolo_navigator]: [PERSON] level=1 h=122px
[INFO] [1784737574.367181835] [yolo_navigator]: [STATUS] mode=FTG front=10.00 L=0.77 R=3.00 gap=+0.11 v=+0.20 w=-0.24 personLvl=1
[INFO] [1784737579.401461494] [yolo_navigator]: [STATUS] mode=FTG front=10.00 L=1.00 R=2.51 gap=-0.11 v=+0.20 w=+0.30 personLvl=1
[INFO] [1784737584.452771235] [yolo_navigator]: [STATUS] mode=FTG front=10.00 L=1.17 R=2.06 gap=-0.15 v=+0.18 w=+0.17 personLvl=1
[INFO] [1784737589.465174518] [yolo_navigator]: [STATUS] mode=FTG front=10.00 L=1.29 R=1.64 gap=+0.09 v=+0.21 w=-0.27 personLvl=1
[INFO] [1784737594.501411444] [yolo_navigator]: [STATUS] mode=FTG front=10.00 L=1.55 R=1.22 gap=+0.17 v=+0.17 w=-0.10 personLvl=1
[INFO] [1784737596.901236801] [yolo_navigator]: [PERSON] level=2 h=202px
[INFO] [1784737599.551568114] [yolo_navigator]: [STATUS] mode=FTG front=10.00 L=1.64 R=1.06 gap=+0.11 v=+0.10 w=-0.19 personLvl=2
[INFO] [1784737604.551784596] [yolo_navigator]: [STATUS] mode=FTG front=10.00 L=1.77 R=1.00 gap=-0.18 v=+0.10 w=+0.23 personLvl=2
[INFO] [1784737609.601943359] [yolo_navigator]: [STATUS] mode=FTG front=10.00 L=1.83 R=1.21 gap=+0.21 v=+0.10 w=-0.12 personLvl=2
[INFO] [1784737614.601911091] [yolo_navigator]: [STATUS] mode=FTG front=10.00 L=1.89 R=1.43 gap=+0.14 v=+0.10 w=-0.16 personLvl=2
[INFO] [1784737619.647170151] [yolo_navigator]: [STATUS] mode=FTG front=10.00 L=2.05 R=1.51 gap=+0.28 v=+0.10 w=-0.04 personLvl=2
[INFO] [1784737624.655087297] [yolo_navigator]: [STATUS] mode=FTG front=10.00 L=2.18 R=1.64 gap=-0.17 v=+0.10 w=-0.63 personLvl=2
[INFO] [1784737627.153017721] [yolo_navigator]: [PERSON] level=0 h=0px
[INFO] [1784737629.701434348] [yolo_navigator]: [STATUS] mode=FTG front=10.00 L=2.18 R=2.23 gap=-0.40 v=+0.21 w=-0.01 personLvl=0
[INFO] [1784737634.751632764] [yolo_navigator]: [STATUS] mode=FTG front=10.00 L=2.40 R=1.99 gap=-0.41 v=+0.21 w=-0.03 personLvl=0
[INFO] [1784737639.802492266] [yolo_navigator]: [STATUS] mode=FTG front=10.00 L=2.45 R=1.44 gap=+0.39 v=+0.21 w=+0.11 personLvl=0
[INFO] [1784737644.852702249] [yolo_navigator]: [STATUS] mode=FTG front=10.00 L=2.46 R=0.92 gap=+0.32 v=+0.25 w=+0.02 personLvl=0
[INFO] [1784737649.851958006] [yolo_navigator]: [STATUS] mode=FTG front=10.00 L=2.49 R=0.63 gap=+0.33 v=+0.24 w=+0.01 personLvl=0
[INFO] [1784737654.902075507] [yolo_navigator]: [STATUS] mode=FTG front=10.00 L=2.41 R=2.73 gap=+0.24 v=+0.28 w=+0.57 personLvl=0
[INFO] [1784737659.950595666] [yolo_navigator]: [STATUS] mode=FTG front=10.00 L=1.84 R=2.04 gap=-0.00 v=+0.40 w=+0.26 personLvl=0
[INFO] [1784737664.983368334] [yolo_navigator]: [STATUS] mode=FTG front=10.00 L=1.39 R=1.56 gap=-0.26 v=+0.28 w=+0.03 personLvl=0
[INFO] [1784737670.002287435] [yolo_navigator]: [STATUS] mode=FTG front=10.00 L=0.96 R=1.35 gap=-0.43 v=+0.19 w=-0.17 personLvl=0
[INFO] [1784737675.001909173] [yolo_navigator]: [STATUS] mode=FTG front=0.69 L=0.60 R=1.67 gap=-0.49 v=+0.16 w=-0.23 personLvl=0
[INFO] [1784737680.012367861] [yolo_navigator]: [STATUS] mode=FTG front=0.46 L=0.40 R=2.77 gap=-0.35 v=+0.09 w=-0.02 personLvl=0
[INFO] [1784737681.559241793] [yolo_navigator]: [ROTATE_OPEN] front=0.39 open=-1.43
[INFO] [1784737682.350614061] [yolo_navigator]: [FTG] gap=-0.28 W=1.15
[INFO] [1784737685.056754067] [yolo_navigator]: [STATUS] mode=FTG front=10.00 L=0.49 R=1.43 gap=+0.34 v=+0.24 w=-0.08 personLvl=0
[INFO] [1784737690.101910147] [yolo_navigator]: [STATUS] mode=FTG front=10.00 L=1.13 R=1.06 gap=-0.23 v=+0.29 w=-0.06 personLvl=0
[INFO] [1784737695.111297885] [yolo_navigator]: [STATUS] mode=FTG front=10.00 L=1.90 R=1.66 gap=-0.25 v=+0.28 w=+0.00 personLvl=0
[INFO] [1784737700.151847264] [yolo_navigator]: [STATUS] mode=FTG front=10.00 L=2.07 R=2.76 gap=-0.20 v=+0.30 w=+0.01 personLvl=0
[INFO] [1784737705.201356816] [yolo_navigator]: [STATUS] mode=FTG front=10.00 L=1.68 R=2.68 gap=-0.50 v=+0.16 w=-0.15 personLvl=0
[INFO] [1784737710.258173294] [yolo_navigator]: [STATUS] mode=FTG front=10.00 L=1.26 R=2.75 gap=-0.31 v=+0.25 w=-0.02 personLvl=0
[INFO] [1784737715.302083584] [yolo_navigator]: [STATUS] mode=FTG front=1.12 L=0.85 R=2.27 gap=-0.54 v=+0.14 w=-0.27 personLvl=0
[INFO] [1784737720.352203287] [yolo_navigator]: [STATUS] mode=FTG front=0.72 L=0.51 R=1.85 gap=-0.37 v=+0.22 w=-0.03 personLvl=0
[INFO] [1784737724.900718963] [yolo_navigator]: [ROTATE_OPEN] front=0.40 open=-1.40
[INFO] [1784737725.401890442] [yolo_navigator]: [STATUS] mode=ROTATE_OPEN front=0.39 L=0.36 R=1.65 gap=-0.35 v=+0.00 w=-1.00 personLvl=0
[INFO] [1784737725.652202879] [yolo_navigator]: [FTG] gap=-0.32 W=3.12
[INFO] [1784737730.464877249] [yolo_navigator]: [STATUS] mode=FTG front=10.00 L=0.59 R=1.03 gap=+0.35 v=+0.23 w=+0.03 personLvl=0
[INFO] [1784737735.501364184] [yolo_navigator]: [STATUS] mode=FTG front=10.00 L=0.76 R=0.56 gap=-0.37 v=+0.22 w=+0.07 personLvl=0
[INFO] [1784737740.501747983] [yolo_navigator]: [STATUS] mode=FTG front=10.00 L=0.89 R=0.44 gap=-0.44 v=+0.19 w=-0.05 personLvl=0
[INFO] [1784737745.502735927] [yolo_navigator]: [STATUS] mode=FTG front=10.00 L=1.13 R=1.56 gap=-0.42 v=+0.20 w=-0.05 personLvl=0
[INFO] [1784737750.550798254] [yolo_navigator]: [STATUS] mode=FTG front=1.01 L=0.97 R=3.10 gap=-0.39 v=+0.21 w=-0.05 personLvl=0
[INFO] [1784737755.551391544] [yolo_navigator]: [STATUS] mode=FTG front=0.44 L=0.48 R=2.55 gap=-0.35 v=+0.07 w=-0.02 personLvl=0
[INFO] [1784737756.700311866] [yolo_navigator]: [ROTATE_OPEN] front=0.40 open=-0.47
[INFO] [1784737757.700815405] [yolo_navigator]: [FTG] gap=-0.20 W=12.58
[INFO] [1784737760.600688906] [yolo_navigator]: [STATUS] mode=FTG front=10.00 L=0.84 R=3.03 gap=-0.10 v=+0.35 w=+0.02 personLvl=0
[INFO] [1784737765.601528044] [yolo_navigator]: [STATUS] mode=FTG front=10.00 L=1.46 R=2.48 gap=+0.18 v=+0.31 w=-0.23 personLvl=0
[INFO] [1784737770.601486348] [yolo_navigator]: [STATUS] mode=FTG front=10.00 L=1.62 R=2.18 gap=-0.25 v=+0.28 w=+0.17 personLvl=0
[INFO] [1784737775.656810078] [yolo_navigator]: [STATUS] mode=FTG front=10.00 L=1.92 R=1.97 gap=-0.41 v=+0.20 w=-0.03 personLvl=0
[INFO] [1784737780.651742932] [yolo_navigator]: [STATUS] mode=FTG front=10.00 L=1.48 R=1.72 gap=-0.40 v=+0.21 w=-0.03 personLvl=0
[INFO] [1784737785.652509594] [yolo_navigator]: [STATUS] mode=FTG front=0.81 L=2.29 R=0.83 gap=+0.39 v=+0.21 w=+0.05 personLvl=0
[INFO] [1784737790.701262041] [yolo_navigator]: [ROTATE_OPEN] front=0.40 open=+0.40
[INFO] [1784737790.701948717] [yolo_navigator]: [STATUS] mode=ROTATE_OPEN front=0.40 L=2.37 R=0.45 gap=+0.37 v=+0.00 w=+0.38 personLvl=0
[INFO] [1784737791.845605620] [yolo_navigator]: [FTG] gap=+0.18 W=6.80
[INFO] [1784737795.751049715] [yolo_navigator]: [STATUS] mode=FTG front=10.00 L=1.87 R=0.80 gap=-0.44 v=+0.19 w=-0.12 personLvl=0
[INFO] [1784737800.752386402] [yolo_navigator]: [STATUS] mode=FTG front=10.00 L=1.43 R=4.88 gap=-0.23 v=+0.29 w=+0.16 personLvl=0
[INFO] [1784737805.815172715] [yolo_navigator]: [STATUS] mode=FTG front=10.00 L=1.17 R=4.86 gap=-0.15 v=+0.33 w=+0.27 personLvl=0
[INFO] [1784737810.862258373] [yolo_navigator]: [STATUS] mode=FTG front=10.00 L=1.73 R=5.04 gap=+0.36 v=+0.23 w=+0.02 personLvl=0
[INFO] [1784737815.913029622] [yolo_navigator]: [STATUS] mode=FTG front=10.00 L=2.80 R=3.78 gap=+0.38 v=+0.22 w=+0.18 personLvl=0
[INFO] [1784737820.951850477] [yolo_navigator]: [STATUS] mode=FTG front=10.00 L=2.39 R=4.32 gap=-0.21 v=+0.30 w=+0.10 personLvl=0
[INFO] [1784737825.967124876] [yolo_navigator]: [STATUS] mode=FTG front=10.00 L=1.82 R=3.84 gap=-0.32 v=+0.24 w=+0.06 personLvl=0
[INFO] [1784737831.000609784] [yolo_navigator]: [STATUS] mode=FTG front=10.00 L=1.30 R=2.27 gap=-0.39 v=+0.21 w=-0.03 personLvl=0
[INFO] [1784737836.000982349] [yolo_navigator]: [STATUS] mode=FTG front=1.16 L=0.95 R=2.80 gap=-0.65 v=+0.10 w=-0.40 personLvl=0
[INFO] [1784737841.007039313] [yolo_navigator]: [STATUS] mode=FTG front=1.08 L=0.68 R=3.51 gap=-0.35 v=+0.23 w=-0.02 personLvl=0
[INFO] [1784737846.059049372] [yolo_navigator]: [STATUS] mode=FTG front=0.41 L=0.38 R=2.55 gap=-0.29 v=+0.06 w=+0.02 personLvl=0
[INFO] [1784737846.451121469] [yolo_navigator]: [ROTATE_OPEN] front=0.40 open=-1.45
[INFO] [1784737846.851471510] [yolo_navigator]: [FTG] gap=-0.27 W=2.34
[INFO] [1784737851.101424515] [yolo_navigator]: [STATUS] mode=FTG front=10.00 L=0.96 R=2.85 gap=+0.04 v=+0.38 w=-0.14 personLvl=0
[INFO] [1784737856.152090524] [yolo_navigator]: [STATUS] mode=FTG front=10.00 L=0.65 R=2.25 gap=+0.14 v=+0.33 w=+0.00 personLvl=0
[INFO] [1784737861.167269325] [yolo_navigator]: [STATUS] mode=FTG front=10.00 L=0.87 R=1.68 gap=+0.19 v=+0.31 w=+0.00 personLvl=0
[INFO] [1784737866.201357245] [yolo_navigator]: [STATUS] mode=FTG front=10.00 L=1.07 R=1.27 gap=+0.21 v=+0.30 w=+0.01 personLvl=0
[INFO] [1784737871.251763183] [yolo_navigator]: [STATUS] mode=FTG front=10.00 L=1.10 R=2.12 gap=-0.08 v=+0.36 w=-0.03 personLvl=0
[INFO] [1784737876.314811344] [yolo_navigator]: [STATUS] mode=FTG front=10.00 L=1.25 R=1.30 gap=-0.18 v=+0.31 w=-0.09 personLvl=0
[INFO] [1784737881.420855735] [yolo_navigator]: [STATUS] mode=FTG front=10.00 L=1.46 R=0.69 gap=-0.16 v=+0.33 w=-0.07 personLvl=0
[INFO] [1784737886.422886480] [yolo_navigator]: [STATUS] mode=FTG front=10.00 L=2.06 R=0.76 gap=-0.31 v=+0.25 w=-0.11 personLvl=0
[INFO] [1784737891.451902707] [yolo_navigator]: [STATUS] mode=FTG front=10.00 L=1.93 R=0.70 gap=+0.05 v=+0.37 w=+0.34 personLvl=0
[INFO] [1784737896.501393962] [yolo_navigator]: [STATUS] mode=FTG front=10.00 L=1.44 R=3.41 gap=-0.36 v=+0.23 w=-0.11 personLvl=0
[INFO] [1784737901.502294709] [yolo_navigator]: [STATUS] mode=FTG front=10.00 L=1.06 R=3.16 gap=+0.08 v=+0.36 w=+0.37 personLvl=0
[INFO] [1784737906.551616093] [yolo_navigator]: [STATUS] mode=FTG front=0.75 L=0.62 R=1.88 gap=-0.56 v=+0.13 w=-0.29 personLvl=0
[INFO] [1784737911.551932536] [yolo_navigator]: [STATUS] mode=FTG front=0.49 L=0.40 R=2.97 gap=-0.35 v=+0.10 w=-0.01 personLvl=0
[INFO] [1784737913.651212854] [yolo_navigator]: [ROTATE_OPEN] front=0.39 open=-1.24
[INFO] [1784737914.500877562] [yolo_navigator]: [FTG] gap=-0.30 W=2.09
[INFO] [1784737916.600966349] [yolo_navigator]: [STATUS] mode=FTG front=10.00 L=0.51 R=2.73 gap=+0.33 v=+0.24 w=+0.08 personLvl=0
[INFO] [1784737921.614226630] [yolo_navigator]: [STATUS] mode=FTG front=10.00 L=0.73 R=2.33 gap=+0.25 v=+0.28 w=-0.11 personLvl=0
[INFO] [1784737926.650847341] [yolo_navigator]: [STATUS] mode=FTG front=10.00 L=0.93 R=1.66 gap=+0.69 v=+0.10 w=+0.28 personLvl=0
[INFO] [1784737931.701279084] [yolo_navigator]: [STATUS] mode=FTG front=10.00 L=0.77 R=1.03 gap=-0.02 v=+0.39 w=+0.32 personLvl=0
[INFO] [1784737936.702097239] [yolo_navigator]: [STATUS] mode=FTG front=0.67 L=0.48 R=1.02 gap=-0.29 v=+0.24 w=+0.05 personLvl=0
[INFO] [1784737940.651525946] [yolo_navigator]: [ROTATE_OPEN] front=0.39 open=-0.65
[INFO] [1784737941.000917291] [yolo_navigator]: [FTG] gap=-0.28 W=1.56
[INFO] [1784737941.701972240] [yolo_navigator]: [STATUS] mode=FTG front=0.64 L=0.36 R=1.01 gap=-0.12 v=+0.28 w=+0.02 personLvl=0
[INFO] [1784737944.016911840] [yolo_navigator]: [ROTATE_OPEN] front=0.40 open=-0.54
[INFO] [1784737944.666515836] [yolo_navigator]: [FTG] gap=-0.12 W=1.84
[INFO] [1784737946.752131753] [yolo_navigator]: [STATUS] mode=FTG front=10.00 L=0.37 R=0.85 gap=-0.00 v=+0.40 w=-0.12 personLvl=0
[INFO] [1784737951.769809292] [yolo_navigator]: [STATUS] mode=FTG front=10.00 L=0.51 R=0.42 gap=-0.23 v=+0.29 w=-0.19 personLvl=0
[INFO] [1784737956.802173045] [yolo_navigator]: [STATUS] mode=FTG front=10.00 L=0.88 R=0.56 gap=-0.36 v=+0.23 w=-0.14 personLvl=0
[INFO] [1784737961.851458450] [yolo_navigator]: [STATUS] mode=FTG front=10.00 L=1.66 R=0.92 gap=-0.28 v=+0.26 w=-0.03 personLvl=0
[INFO] [1784737966.902215806] [yolo_navigator]: [STATUS] mode=FTG front=10.00 L=1.67 R=1.93 gap=+0.01 v=+0.40 w=+0.29 personLvl=0
[INFO] [1784737971.951869352] [yolo_navigator]: [STATUS] mode=FTG front=10.00 L=1.22 R=1.41 gap=-0.31 v=+0.25 w=-0.03 personLvl=0
[INFO] [1784737977.001629461] [yolo_navigator]: [STATUS] mode=FTG front=1.09 L=0.77 R=1.04 gap=-0.13 v=+0.34 w=+0.17 personLvl=0
[INFO] [1784737982.001346653] [yolo_navigator]: [STATUS] mode=FTG front=0.66 L=0.47 R=1.05 gap=-0.35 v=+0.21 w=-0.01 personLvl=0
[INFO] [1784737985.600768310] [yolo_navigator]: [ROTATE_OPEN] front=0.40 open=-0.86
[INFO] [1784737986.350567240] [yolo_navigator]: [FTG] gap=-0.34 W=2.77
[INFO] [1784737987.051870856] [yolo_navigator]: [STATUS] mode=FTG front=10.00 L=0.39 R=1.00 gap=-0.02 v=+0.39 w=+0.18 personLvl=0
[INFO] [1784737992.100883689] [yolo_navigator]: [STATUS] mode=FTG front=10.00 L=1.01 R=0.95 gap=+0.23 v=+0.29 w=-0.16 personLvl=0
[INFO] [1784737997.100876876] [yolo_navigator]: [STATUS] mode=FTG front=10.00 L=1.96 R=2.71 gap=+0.42 v=+0.20 w=+0.15 personLvl=0
[INFO] [1784738000.617497820] [yolo_navigator]: [PERSON] level=1 h=145px
[INFO] [1784738002.150844531] [yolo_navigator]: [STATUS] mode=FTG front=10.00 L=1.58 R=1.97 gap=+0.05 v=+0.22 w=-0.28 personLvl=1
[INFO] [1784738002.851285405] [yolo_navigator]: [PERSON] level=0 h=0px
[INFO] [1784738003.352958974] [yolo_navigator]: [PERSON] level=1 h=152px
[INFO] [1784738007.150868994] [yolo_navigator]: [STATUS] mode=FTG front=10.00 L=1.78 R=1.44 gap=+0.12 v=+0.19 w=-0.20 personLvl=1
[INFO] [1784738012.151766339] [yolo_navigator]: [STATUS] mode=FTG front=10.00 L=1.88 R=1.04 gap=+0.12 v=+0.19 w=-0.25 personLvl=1
[INFO] [1784738016.173889190] [yolo_navigator]: [PERSON] level=2 h=201px
[INFO] [1784738017.151423000] [yolo_navigator]: [STATUS] mode=FTG front=10.00 L=2.04 R=0.69 gap=+0.17 v=+0.10 w=-0.18 personLvl=2
[INFO] [1784738022.151591672] [yolo_navigator]: [STATUS] mode=FTG front=10.00 L=2.15 R=0.58 gap=-0.18 v=+0.10 w=+0.21 personLvl=2
[INFO] [1784738027.151919439] [yolo_navigator]: [STATUS] mode=FTG front=10.00 L=2.15 R=0.73 gap=+0.15 v=+0.10 w=-0.21 personLvl=2
[INFO] [1784738032.152402973] [yolo_navigator]: [STATUS] mode=FTG front=10.00 L=2.31 R=0.86 gap=-0.18 v=+0.10 w=+0.21 personLvl=2
[INFO] [1784738037.201933270] [yolo_navigator]: [STATUS] mode=FTG front=10.00 L=2.43 R=1.05 gap=+0.31 v=+0.10 w=-0.01 personLvl=2
[INFO] [1784738042.201668314] [yolo_navigator]: [STATUS] mode=FTG front=10.00 L=2.51 R=1.23 gap=+0.32 v=+0.10 w=-0.01 personLvl=2
[INFO] [1784738047.221151657] [yolo_navigator]: [STATUS] mode=FTG front=10.00 L=2.44 R=1.65 gap=+0.35 v=+0.10 w=+0.08 personLvl=2
[INFO] [1784738048.101742021] [yolo_navigator]: [PERSON] level=0 h=0px
[INFO] [1784738052.243804593] [yolo_navigator]: [STATUS] mode=FTG front=10.00 L=2.46 R=2.24 gap=+0.30 v=+0.25 w=+0.01 personLvl=0
[INFO] [1784738057.269587817] [yolo_navigator]: [STATUS] mode=FTG front=10.00 L=2.53 R=1.59 gap=+0.31 v=+0.25 w=+0.00 personLvl=0
[INFO] [1784738062.301004067] [yolo_navigator]: [STATUS] mode=FTG front=10.00 L=2.58 R=1.00 gap=+0.33 v=+0.24 w=+0.02 personLvl=0
[INFO] [1784738067.328098759] [yolo_navigator]: [STATUS] mode=FTG front=10.00 L=2.61 R=0.55 gap=+0.34 v=+0.24 w=+0.02 personLvl=0
[INFO] [1784738072.352104245] [yolo_navigator]: [STATUS] mode=FTG front=10.00 L=2.62 R=2.55 gap=+0.33 v=+0.24 w=+0.57 personLvl=0
[INFO] [1784738077.402387514] [yolo_navigator]: [STATUS] mode=FTG front=10.00 L=2.30 R=2.42 gap=+0.16 v=+0.33 w=+0.46 personLvl=0
[INFO] [1784738082.450721600] [yolo_navigator]: [STATUS] mode=FTG front=10.00 L=1.84 R=1.86 gap=-0.56 v=+0.13 w=-0.70 personLvl=0
[INFO] [1784738087.692148959] [yolo_navigator]: [STATUS] mode=FTG front=10.00 L=1.44 R=1.38 gap=-0.26 v=+0.28 w=+0.03 personLvl=0
[INFO] [1784738092.610338664] [yolo_navigator]: [STATUS] mode=FTG front=10.00 L=1.04 R=1.16 gap=+0.07 v=+0.36 w=+0.37 personLvl=0
[INFO] [1784738097.651922416] [yolo_navigator]: [STATUS] mode=FTG front=0.75 L=0.64 R=1.74 gap=-0.54 v=+0.14 w=-0.28 personLvl=0
[INFO] [1784738102.766161455] [yolo_navigator]: [STATUS] mode=FTG front=0.46 L=0.40 R=2.62 gap=-0.35 v=+0.09 w=-0.02 personLvl=0
[INFO] [1784738104.653868659] [yolo_navigator]: [ROTATE_OPEN] front=0.39 open=-1.45
[INFO] [1784738105.401535430] [yolo_navigator]: [FTG] gap=-0.31 W=1.28
[INFO] [1784738107.751837576] [yolo_navigator]: [STATUS] mode=FTG front=10.00 L=0.44 R=1.46 gap=-0.55 v=+0.14 w=-0.56 personLvl=0
[INFO] [1784738112.752109400] [yolo_navigator]: [STATUS] mode=FTG front=10.00 L=1.01 R=1.14 gap=-0.22 v=+0.29 w=-0.05 personLvl=0
[INFO] [1784738117.802216408] [yolo_navigator]: [STATUS] mode=FTG front=10.00 L=1.74 R=1.55 gap=-0.26 v=+0.28 w=+0.01 personLvl=0
[INFO] [1784738122.851762450] [yolo_navigator]: [STATUS] mode=FTG front=10.00 L=2.19 R=2.54 gap=-0.19 v=+0.31 w=+0.03 personLvl=0
[INFO] [1784738127.901670371] [yolo_navigator]: [STATUS] mode=FTG front=10.00 L=1.75 R=2.75 gap=-0.56 v=+0.13 w=-0.22 personLvl=0
[INFO] [1784738132.901846131] [yolo_navigator]: [STATUS] mode=FTG front=10.00 L=1.29 R=2.86 gap=-0.34 v=+0.24 w=-0.06 personLvl=0
[INFO] [1784738137.901996071] [yolo_navigator]: [STATUS] mode=FTG front=10.00 L=0.91 R=2.39 gap=-0.54 v=+0.14 w=-0.28 personLvl=0
[INFO] [1784738142.982474868] [yolo_navigator]: [STATUS] mode=FTG front=0.86 L=0.59 R=2.02 gap=-0.39 v=+0.21 w=-0.06 personLvl=0
[INFO] [1784738148.001890505] [yolo_navigator]: [STATUS] mode=FTG front=0.45 L=0.38 R=1.72 gap=-0.35 v=+0.08 w=-0.01 personLvl=0
[INFO] [1784738149.414001151] [yolo_navigator]: [ROTATE_OPEN] front=0.40 open=-1.38
[INFO] [1784738150.150724129] [yolo_navigator]: [FTG] gap=-0.34 W=2.87
[INFO] [1784738153.051628462] [yolo_navigator]: [STATUS] mode=FTG front=10.00 L=0.45 R=1.32 gap=+0.26 v=+0.28 w=-0.09 personLvl=0
[INFO] [1784738158.101098197] [yolo_navigator]: [STATUS] mode=FTG front=10.00 L=0.68 R=0.70 gap=+0.36 v=+0.23 w=-0.03 personLvl=0
[INFO] [1784738163.120718605] [yolo_navigator]: [STATUS] mode=FTG front=10.00 L=0.82 R=0.45 gap=-0.44 v=+0.19 w=-0.05 personLvl=0
[INFO] [1784738168.155911118] [yolo_navigator]: [STATUS] mode=FTG front=10.00 L=1.02 R=1.72 gap=-0.43 v=+0.19 w=-0.05 personLvl=0
[INFO] [1784738173.200759490] [yolo_navigator]: [STATUS] mode=FTG front=1.09 L=1.10 R=3.26 gap=-0.64 v=+0.10 w=-0.36 personLvl=0
[INFO] [1784738178.201877260] [yolo_navigator]: [STATUS] mode=FTG front=0.60 L=0.62 R=2.70 gap=-0.35 v=+0.17 w=-0.02 personLvl=0
[INFO] [1784738181.700643788] [yolo_navigator]: [ROTATE_OPEN] front=0.39 open=-0.47
[INFO] [1784738182.700997139] [yolo_navigator]: [FTG] gap=-0.21 W=12.59
[INFO] [1784738183.201892929] [yolo_navigator]: [STATUS] mode=FTG front=10.00 L=0.46 R=3.15 gap=-0.03 v=+0.39 w=+0.34 personLvl=0
[INFO] [1784738188.251862069] [yolo_navigator]: [STATUS] mode=FTG front=10.00 L=1.72 R=2.75 gap=+0.30 v=+0.26 w=-0.07 personLvl=0
[INFO] [1784738193.301561210] [yolo_navigator]: [STATUS] mode=FTG front=10.00 L=1.37 R=2.34 gap=+0.35 v=+0.23 w=-0.00 personLvl=0
[INFO] [1784738198.319859766] [yolo_navigator]: [STATUS] mode=FTG front=10.00 L=1.69 R=2.09 gap=-0.33 v=+0.24 w=+0.08 personLvl=0
[INFO] [1784738203.351490740] [yolo_navigator]: [STATUS] mode=FTG front=10.00 L=2.10 R=1.92 gap=-0.41 v=+0.20 w=-0.03 personLvl=0
[INFO] [1784738208.400722503] [yolo_navigator]: [STATUS] mode=FTG front=1.12 L=1.20 R=1.51 gap=+0.76 v=+0.10 w=+0.30 personLvl=0
[INFO] [1784738213.400702492] [yolo_navigator]: [STATUS] mode=FTG front=0.73 L=2.28 R=0.75 gap=+0.37 v=+0.22 w=+0.03 personLvl=0
[INFO] [1784738217.851504093] [yolo_navigator]: [ROTATE_OPEN] front=0.39 open=+0.40
[INFO] [1784738218.402449724] [yolo_navigator]: [STATUS] mode=ROTATE_OPEN front=0.38 L=2.38 R=0.44 gap=+0.37 v=+0.00 w=+1.00 personLvl=0
[INFO] [1784738218.951845390] [yolo_navigator]: [FTG] gap=+0.20 W=6.71
[INFO] [1784738223.464039354] [yolo_navigator]: [STATUS] mode=FTG front=10.00 L=1.86 R=0.88 gap=-0.44 v=+0.19 w=-0.12 personLvl=0
[INFO] [1784738228.501569521] [yolo_navigator]: [STATUS] mode=FTG front=10.00 L=1.41 R=5.15 gap=-0.79 v=+0.10 w=-0.53 personLvl=0
[INFO] [1784738233.550989031] [yolo_navigator]: [STATUS] mode=FTG front=10.00 L=1.15 R=5.02 gap=-0.22 v=+0.30 w=+0.18 personLvl=0
[INFO] [1784738238.602378467] [yolo_navigator]: [STATUS] mode=FTG front=10.00 L=1.55 R=5.12 gap=+0.32 v=+0.25 w=-0.04 personLvl=0
[INFO] [1784738243.650569280] [yolo_navigator]: [STATUS] mode=FTG front=10.00 L=2.89 R=4.13 gap=+0.37 v=+0.22 w=+0.05 personLvl=0
[INFO] [1784738248.651509604] [yolo_navigator]: [STATUS] mode=FTG front=10.00 L=2.49 R=4.56 gap=-0.76 v=+0.10 w=-0.35 personLvl=0
[INFO] [1784738253.652573465] [yolo_navigator]: [STATUS] mode=FTG front=10.00 L=1.99 R=4.18 gap=-0.29 v=+0.26 w=+0.11 personLvl=0
[INFO] [1784738258.702051814] [yolo_navigator]: [STATUS] mode=FTG front=10.00 L=1.54 R=3.66 gap=-0.25 v=+0.28 w=+0.10 personLvl=0
[INFO] [1784738263.751799517] [yolo_navigator]: [STATUS] mode=FTG front=10.00 L=1.14 R=3.05 gap=-0.46 v=+0.18 w=-0.29 personLvl=0
[INFO] [1784738268.801449665] [yolo_navigator]: [STATUS] mode=FTG front=10.00 L=0.84 R=3.16 gap=+0.19 v=+0.31 w=+0.52 personLvl=0
[INFO] [1784738273.811905772] [yolo_navigator]: [STATUS] mode=FTG front=0.76 L=0.53 R=3.37 gap=-0.37 v=+0.22 w=-0.04 personLvl=0
[INFO] [1784738278.836862491] [yolo_navigator]: [STATUS] mode=FTG front=0.63 L=0.37 R=3.24 gap=-0.07 v=+0.30 w=-0.86 personLvl=0
[INFO] [1784738283.851445862] [yolo_navigator]: [STATUS] mode=FTG front=10.00 L=0.94 R=2.59 gap=+0.10 v=+0.35 w=-0.12 personLvl=0
[INFO] [1784738288.901823591] [yolo_navigator]: [STATUS] mode=FTG front=10.00 L=0.84 R=2.04 gap=+0.18 v=+0.31 w=+0.02 personLvl=0
[INFO] [1784738293.906997464] [yolo_navigator]: [STATUS] mode=FTG front=10.00 L=1.02 R=1.52 gap=+0.20 v=+0.30 w=-0.01 personLvl=0
[INFO] [1784738298.969493082] [yolo_navigator]: [STATUS] mode=FTG front=10.00 L=1.18 R=1.14 gap=+0.22 v=+0.30 w=+0.01 personLvl=0
[INFO] [1784738304.001815700] [yolo_navigator]: [STATUS] mode=FTG front=10.00 L=1.19 R=2.07 gap=-0.07 v=+0.37 w=-0.01 personLvl=0
[INFO] [1784738309.051264491] [yolo_navigator]: [STATUS] mode=FTG front=10.00 L=1.34 R=1.35 gap=-0.18 v=+0.31 w=-0.08 personLvl=0
[INFO] [1784738314.077310523] [yolo_navigator]: [STATUS] mode=FTG front=10.00 L=1.40 R=0.75 gap=-0.14 v=+0.33 w=-0.06 personLvl=0
[INFO] [1784738319.100991673] [yolo_navigator]: [STATUS] mode=FTG front=10.00 L=1.83 R=0.72 gap=-0.31 v=+0.25 w=-0.10 personLvl=0
[INFO] [1784738324.152482488] [yolo_navigator]: [STATUS] mode=FTG front=10.00 L=1.99 R=0.73 gap=-0.70 v=+0.10 w=-0.50 personLvl=0
[INFO] [1784738329.201166040] [yolo_navigator]: [STATUS] mode=FTG front=10.00 L=1.69 R=0.61 gap=-0.01 v=+0.39 w=+0.27 personLvl=0
[INFO] [1784738334.201582704] [yolo_navigator]: [STATUS] mode=FTG front=10.00 L=1.27 R=3.26 gap=-0.32 v=+0.24 w=-0.04 personLvl=0
[INFO] [1784738339.208395355] [yolo_navigator]: [STATUS] mode=FTG front=1.11 L=0.84 R=2.62 gap=-0.12 v=+0.34 w=+0.16 personLvl=0
[INFO] [1784738344.234217871] [yolo_navigator]: [STATUS] mode=FTG front=0.80 L=0.54 R=2.98 gap=-0.37 v=+0.22 w=-0.04 personLvl=0
[INFO] [1784738349.252247650] [yolo_navigator]: [STATUS] mode=FTG front=0.41 L=0.36 R=3.08 gap=-0.35 v=+0.05 w=-0.01 personLvl=0
[INFO] [1784738349.350598588] [yolo_navigator]: [ROTATE_OPEN] front=0.40 open=-1.26
[INFO] [1784738350.106061894] [yolo_navigator]: [FTG] gap=-0.35 W=3.11
[INFO] [1784738354.301724541] [yolo_navigator]: [STATUS] mode=FTG front=10.00 L=0.60 R=2.57 gap=+0.33 v=+0.24 w=+0.08 personLvl=0
[INFO] [1784738359.350648934] [yolo_navigator]: [STATUS] mode=FTG front=10.00 L=0.86 R=2.22 gap=+0.35 v=+0.23 w=+0.00 personLvl=0
[INFO] [1784738364.351573875] [yolo_navigator]: [STATUS] mode=FTG front=10.00 L=0.88 R=1.34 gap=+0.52 v=+0.15 w=+0.07 personLvl=0
[INFO] [1784738369.351843778] [yolo_navigator]: [STATUS] mode=FTG front=0.91 L=0.62 R=1.00 gap=-0.69 v=+0.10 w=-0.34 personLvl=0
[INFO] [1784738374.401846856] [yolo_navigator]: [STATUS] mode=FTG front=0.46 L=0.40 R=1.03 gap=-0.35 v=+0.09 w=-0.02 personLvl=0
[INFO] [1784738375.700267703] [yolo_navigator]: [ROTATE_OPEN] front=0.39 open=-0.68
[INFO] [1784738376.251033058] [yolo_navigator]: [FTG] gap=-0.33 W=1.42
[INFO] [1784738379.402456573] [yolo_navigator]: [STATUS] mode=FTG front=0.41 L=0.31 R=0.95 gap=-0.14 v=+0.08 w=+0.00 personLvl=0
[INFO] [1784738379.452694807] [yolo_navigator]: [ROTATE_OPEN] front=0.39 open=-0.58
[INFO] [1784738380.250766475] [yolo_navigator]: [FTG] gap=-0.12 W=1.81
[INFO] [1784738384.416280047] [yolo_navigator]: [STATUS] mode=FTG front=10.00 L=0.46 R=0.61 gap=+0.01 v=+0.40 w=+0.09 personLvl=0
[INFO] [1784738389.451343636] [yolo_navigator]: [STATUS] mode=FTG front=10.00 L=0.59 R=0.31 gap=-0.28 v=+0.26 w=-0.31 personLvl=0
[INFO] [1784738394.452019978] [yolo_navigator]: [STATUS] mode=FTG front=10.00 L=1.21 R=0.73 gap=-0.34 v=+0.24 w=-0.07 personLvl=0
[INFO] [1784738399.500554800] [yolo_navigator]: [STATUS] mode=FTG front=10.00 L=1.87 R=2.16 gap=-0.20 v=+0.30 w=+0.03 personLvl=0
[INFO] [1784738404.501913831] [yolo_navigator]: [STATUS] mode=FTG front=10.00 L=1.39 R=1.63 gap=-0.42 v=+0.20 w=-0.17 personLvl=0
[INFO] [1784738409.502002994] [yolo_navigator]: [STATUS] mode=FTG front=10.00 L=1.05 R=1.23 gap=+0.07 v=+0.36 w=+0.37 personLvl=0
[INFO] [1784738414.505676616] [yolo_navigator]: [STATUS] mode=FTG front=0.74 L=0.62 R=1.04 gap=-0.56 v=+0.13 w=-0.29 personLvl=0
[INFO] [1784738419.562151001] [yolo_navigator]: [STATUS] mode=FTG front=0.54 L=0.42 R=3.68 gap=-0.35 v=+0.13 w=-0.01 personLvl=0
[INFO] [1784738422.251120954] [yolo_navigator]: [ROTATE_OPEN] front=0.40 open=-0.86
[INFO] [1784738422.951861807] [yolo_navigator]: [FTG] gap=-0.34 W=2.79
[INFO] [1784738424.601889831] [yolo_navigator]: [STATUS] mode=FTG front=10.00 L=0.38 R=1.04 gap=-0.02 v=+0.39 w=+0.15 personLvl=0
[INFO] [1784738429.602457424] [yolo_navigator]: [STATUS] mode=FTG front=10.00 L=1.41 R=0.89 gap=+0.35 v=+0.23 w=-0.00 personLvl=0
[INFO] [1784738434.664356773] [yolo_navigator]: [STATUS] mode=FTG front=10.00 L=1.73 R=2.59 gap=+0.26 v=+0.28 w=+0.51 personLvl=0
[INFO] [1784738436.701916505] [yolo_navigator]: [PERSON] level=1 h=138px
[INFO] [1784738439.702285302] [yolo_navigator]: [STATUS] mode=FTG front=10.00 L=1.61 R=2.00 gap=-0.06 v=+0.22 w=+0.38 personLvl=1
[INFO] [1784738444.751888699] [yolo_navigator]: [STATUS] mode=FTG front=10.00 L=1.69 R=1.58 gap=+0.13 v=+0.19 w=-0.22 personLvl=1
[INFO] [1784738449.751789863] [yolo_navigator]: [STATUS] mode=FTG front=10.00 L=1.84 R=1.17 gap=+0.13 v=+0.19 w=-0.17 personLvl=1
[INFO] [1784738454.802391368] [yolo_navigator]: [STATUS] mode=FTG front=10.00 L=2.04 R=0.80 gap=-0.14 v=+0.18 w=+0.26 personLvl=1
[INFO] [1784738455.476352672] [yolo_navigator]: [PERSON] level=2 h=202px
[INFO] [1784738459.851117250] [yolo_navigator]: [STATUS] mode=FTG front=10.00 L=2.07 R=0.65 gap=-0.20 v=+0.10 w=+0.19 personLvl=2
[INFO] [1784738464.901302503] [yolo_navigator]: [STATUS] mode=FTG front=10.00 L=2.14 R=0.68 gap=+0.20 v=+0.10 w=-0.14 personLvl=2
[INFO] [1784738469.951569540] [yolo_navigator]: [STATUS] mode=FTG front=10.00 L=2.25 R=0.84 gap=-0.18 v=+0.10 w=+0.21 personLvl=2
[INFO] [1784738475.000815998] [yolo_navigator]: [STATUS] mode=FTG front=10.00 L=2.36 R=0.99 gap=+0.31 v=+0.10 w=-0.01 personLvl=2
[INFO] [1784738480.001871787] [yolo_navigator]: [STATUS] mode=FTG front=10.00 L=2.45 R=1.16 gap=+0.29 v=+0.10 w=+0.00 personLvl=2
[INFO] [1784738485.051558815] [yolo_navigator]: [STATUS] mode=FTG front=10.00 L=2.41 R=1.48 gap=-0.34 v=+0.10 w=+0.06 personLvl=2
[INFO] [1784738488.602618501] [yolo_navigator]: [PERSON] level=0 h=0px
[INFO] [1784738490.052373826] [yolo_navigator]: [STATUS] mode=FTG front=10.00 L=2.40 R=1.95 gap=+0.30 v=+0.25 w=+0.01 personLvl=0
[INFO] [1784738495.100789572] [yolo_navigator]: [STATUS] mode=FTG front=10.00 L=2.49 R=1.81 gap=+0.32 v=+0.25 w=+0.03 personLvl=0
[INFO] [1784738500.103013956] [yolo_navigator]: [STATUS] mode=FTG front=10.00 L=2.54 R=1.21 gap=+0.31 v=+0.25 w=-0.00 personLvl=0
[INFO] [1784738505.151002795] [yolo_navigator]: [STATUS] mode=FTG front=10.00 L=2.58 R=0.70 gap=+0.33 v=+0.24 w=+0.02 personLvl=0
[INFO] [1784738510.151210148] [yolo_navigator]: [STATUS] mode=FTG front=10.00 L=2.60 R=0.56 gap=+0.34 v=+0.24 w=+0.02 personLvl=0
[INFO] [1784738515.200453823] [yolo_navigator]: [STATUS] mode=FTG front=10.00 L=2.56 R=2.65 gap=+0.52 v=+0.15 w=+0.95 personLvl=0
[INFO] [1784738520.216545955] [yolo_navigator]: [STATUS] mode=FTG front=10.00 L=2.13 R=2.21 gap=-0.57 v=+0.13 w=-0.69 personLvl=0
[INFO] [1784738525.255872697] [yolo_navigator]: [STATUS] mode=FTG front=10.00 L=1.68 R=1.61 gap=+0.07 v=+0.37 w=+0.38 personLvl=0
[INFO] [1784738530.361413933] [yolo_navigator]: [STATUS] mode=FTG front=10.00 L=1.24 R=1.22 gap=-0.29 v=+0.26 w=+0.00 personLvl=0
[INFO] [1784738535.315267032] [yolo_navigator]: [STATUS] mode=FTG front=10.00 L=0.88 R=1.16 gap=+0.13 v=+0.34 w=+0.49 personLvl=0
[INFO] [1784738540.334050772] [yolo_navigator]: [STATUS] mode=FTG front=0.67 L=0.52 R=2.54 gap=-0.36 v=+0.21 w=-0.05 personLvl=0
[INFO] [1784738545.301444906] [yolo_navigator]: [ROTATE_OPEN] front=0.40 open=-1.45
[INFO] [1784738545.351724569] [yolo_navigator]: [STATUS] mode=ROTATE_OPEN front=0.40 L=0.37 R=2.69 gap=-0.35 v=+0.00 w=-0.72 personLvl=0
[INFO] [1784738546.102665175] [yolo_navigator]: [FTG] gap=-0.29 W=1.40
[INFO] [1784738550.358940784] [yolo_navigator]: [STATUS] mode=FTG front=10.00 L=0.57 R=1.38 gap=-0.24 v=+0.28 w=-0.18 personLvl=0
[INFO] [1784738555.421202287] [yolo_navigator]: [STATUS] mode=FTG front=10.00 L=1.19 R=1.22 gap=-0.42 v=+0.20 w=-0.15 personLvl=0
[INFO] [1784738560.450869660] [yolo_navigator]: [STATUS] mode=FTG front=10.00 L=2.01 R=2.03 gap=-0.24 v=+0.28 w=+0.00 personLvl=0
[INFO] [1784738565.451473482] [yolo_navigator]: [STATUS] mode=FTG front=10.00 L=1.91 R=2.62 gap=-0.58 v=+0.12 w=-0.26 personLvl=0
[INFO] [1784738570.500903209] [yolo_navigator]: [STATUS] mode=FTG front=10.00 L=1.53 R=2.87 gap=-0.08 v=+0.36 w=+0.19 personLvl=0
[INFO] [1784738575.502409008] [yolo_navigator]: [STATUS] mode=FTG front=10.00 L=1.14 R=2.71 gap=-0.32 v=+0.25 w=-0.03 personLvl=0
[INFO] [1784738580.550952375] [yolo_navigator]: [STATUS] mode=FTG front=0.88 L=0.72 R=2.06 gap=-0.23 v=+0.29 w=+0.04 personLvl=0
[INFO] [1784738585.552181709] [yolo_navigator]: [STATUS] mode=FTG front=0.66 L=0.47 R=1.91 gap=-0.35 v=+0.21 w=-0.01 personLvl=0
[INFO] [1784738589.007156905] [yolo_navigator]: [ROTATE_OPEN] front=0.40 open=-1.38
[INFO] [1784738589.800201283] [yolo_navigator]: [FTG] gap=-0.30 W=2.00
[INFO] [1784738590.551884458] [yolo_navigator]: [STATUS] mode=FTG front=10.00 L=0.39 R=1.72 gap=-0.00 v=+0.40 w=-0.09 personLvl=0
[INFO] [1784738595.552299041] [yolo_navigator]: [STATUS] mode=FTG front=10.00 L=0.61 R=1.02 gap=+0.35 v=+0.23 w=+0.03 personLvl=0
[INFO] [1784738600.601425488] [yolo_navigator]: [STATUS] mode=FTG front=10.00 L=0.77 R=0.57 gap=+0.40 v=+0.21 w=+0.01 personLvl=0
[INFO] [1784738605.651956999] [yolo_navigator]: [STATUS] mode=FTG front=10.00 L=0.90 R=0.40 gap=-0.44 v=+0.19 w=-0.05 personLvl=0
[INFO] [1784738610.653452087] [yolo_navigator]: [STATUS] mode=FTG front=10.00 L=1.09 R=1.64 gap=-0.43 v=+0.19 w=-0.05 personLvl=0
[INFO] [1784738615.710385995] [yolo_navigator]: [STATUS] mode=FTG front=1.01 L=1.03 R=3.17 gap=-0.60 v=+0.11 w=-0.32 personLvl=0
[INFO] [1784738620.751085366] [yolo_navigator]: [STATUS] mode=FTG front=0.57 L=0.59 R=2.66 gap=-0.33 v=+0.16 w=+0.00 personLvl=0
[INFO] [1784738623.650986831] [yolo_navigator]: [ROTATE_OPEN] front=0.40 open=-0.72
[INFO] [1784738624.702093021] [yolo_navigator]: [FTG] gap=-0.21 W=12.59
[INFO] [1784738625.752357646] [yolo_navigator]: [STATUS] mode=FTG front=10.00 L=0.45 R=3.12 gap=-0.00 v=+0.40 w=+0.38 personLvl=0
[INFO] [1784738630.801686086] [yolo_navigator]: [STATUS] mode=FTG front=10.00 L=1.63 R=2.70 gap=+0.31 v=+0.25 w=-0.05 personLvl=0
[INFO] [1784738635.852100126] [yolo_navigator]: [STATUS] mode=FTG front=10.00 L=1.33 R=2.34 gap=+0.35 v=+0.23 w=-0.00 personLvl=0
[INFO] [1784738640.902226942] [yolo_navigator]: [STATUS] mode=FTG front=10.00 L=1.87 R=2.09 gap=+0.43 v=+0.19 w=+0.05 personLvl=0
[INFO] [1784738645.950563058] [yolo_navigator]: [STATUS] mode=FTG front=10.00 L=2.07 R=1.89 gap=+0.41 v=+0.20 w=+0.05 personLvl=0
[INFO] [1784738651.004002287] [yolo_navigator]: [STATUS] mode=FTG front=10.00 L=2.00 R=1.26 gap=+0.35 v=+0.23 w=+0.00 personLvl=0
[INFO] [1784738656.002570194] [yolo_navigator]: [STATUS] mode=FTG front=0.69 L=2.20 R=0.70 gap=+0.35 v=+0.22 w=+0.00 personLvl=0
[INFO] [1784738659.950884676] [yolo_navigator]: [ROTATE_OPEN] front=0.40 open=+0.40
[INFO] [1784738660.901265572] [yolo_navigator]: [FTG] gap=+0.27 W=6.75
[INFO] [1784738661.051161968] [yolo_navigator]: [STATUS] mode=FTG front=0.44 L=2.14 R=0.45 gap=+0.18 v=+0.10 w=-0.22 personLvl=0
[INFO] [1784738662.801920326] [yolo_navigator]: [ROTATE_OPEN] front=0.35 open=+0.16
[INFO] [1784738663.001454082] [yolo_navigator]: [REVERSE] front=0.28 dir=+1
[INFO] [1784738663.962512416] [yolo_navigator]: [FTG] gap=+0.04 W=6.78
[INFO] [1784738666.052336767] [yolo_navigator]: [STATUS] mode=FTG front=10.00 L=1.82 R=5.23 gap=-0.42 v=+0.20 w=-0.09 personLvl=0
[INFO] [1784738671.110453579] [yolo_navigator]: [STATUS] mode=FTG front=10.00 L=1.37 R=5.25 gap=-0.36 v=+0.23 w=-0.00 personLvl=0
[INFO] [1784738676.153181300] [yolo_navigator]: [STATUS] mode=FTG front=10.00 L=4.10 R=4.51 gap=+0.19 v=+0.31 w=-0.20 personLvl=0
[INFO] [1784738681.202450823] [yolo_navigator]: [STATUS] mode=FTG front=10.00 L=3.67 R=4.36 gap=+0.23 v=+0.29 w=-0.15 personLvl=0
[INFO] [1784738686.252577593] [yolo_navigator]: [STATUS] mode=FTG front=10.00 L=3.18 R=3.80 gap=-0.34 v=+0.24 w=+0.08 personLvl=0
[INFO] [1784738691.304720925] [yolo_navigator]: [STATUS] mode=FTG front=10.00 L=2.85 R=3.34 gap=-0.41 v=+0.20 w=-0.02 personLvl=0
[INFO] [1784738696.352383151] [yolo_navigator]: [STATUS] mode=FTG front=10.00 L=2.54 R=2.95 gap=-0.55 v=+0.14 w=-0.24 personLvl=0
[INFO] [1784738701.355241010] [yolo_navigator]: [STATUS] mode=FTG front=10.00 L=2.29 R=2.44 gap=-0.06 v=+0.37 w=-0.38 personLvl=0
[INFO] [1784738706.411377949] [yolo_navigator]: [STATUS] mode=FTG front=10.00 L=2.58 R=1.72 gap=+0.29 v=+0.26 w=+0.06 personLvl=0
[INFO] [1784738711.451691067] [yolo_navigator]: [STATUS] mode=FTG front=10.00 L=2.30 R=0.93 gap=-0.00 v=+0.40 w=+0.02 personLvl=0
[INFO] [1784738716.452039669] [yolo_navigator]: [STATUS] mode=FTG front=0.71 L=2.22 R=0.48 gap=+0.14 v=+0.33 w=+0.20 personLvl=0
[INFO] [1784738721.501067418] [yolo_navigator]: [STATUS] mode=FTG front=10.00 L=2.01 R=0.37 gap=-0.12 v=+0.34 w=+0.16 personLvl=0
[INFO] [1784738726.523813972] [yolo_navigator]: [STATUS] mode=FTG front=10.00 L=1.78 R=2.31 gap=-1.18 v=+0.10 w=-1.21 personLvl=0
[INFO] [1784738731.551634095] [yolo_navigator]: [STATUS] mode=FTG front=10.00 L=2.02 R=1.06 gap=-0.38 v=+0.22 w=-0.49 personLvl=0
[INFO] [1784738736.552198681] [yolo_navigator]: [STATUS] mode=FTG front=10.00 L=1.18 R=1.16 gap=-0.01 v=+0.39 w=+0.01 personLvl=0
[INFO] [1784738741.600606342] [yolo_navigator]: [STATUS] mode=FTG front=10.00 L=0.44 R=2.18 gap=-0.01 v=+0.39 w=+0.03 personLvl=0
[INFO] [1784738746.600666903] [yolo_navigator]: [STATUS] mode=FTG front=10.00 L=0.46 R=1.56 gap=+0.05 v=+0.38 w=+0.12 personLvl=0
[INFO] [1784738751.690413619] [yolo_navigator]: [STATUS] mode=FTG front=10.00 L=2.60 R=1.44 gap=-0.52 v=+0.15 w=-0.19 personLvl=0
[INFO] [1784738756.651629931] [yolo_navigator]: [STATUS] mode=FTG front=10.00 L=2.28 R=1.21 gap=-0.89 v=+0.10 w=-0.55 personLvl=0
[INFO] [1784738761.701020344] [yolo_navigator]: [STATUS] mode=FTG front=10.00 L=1.88 R=2.12 gap=+0.01 v=+0.39 w=+0.28 personLvl=0
[INFO] [1784738766.751668191] [yolo_navigator]: [STATUS] mode=FTG front=10.00 L=1.43 R=1.55 gap=-0.38 v=+0.22 w=-0.12 personLvl=0
[INFO] [1784738771.760290993] [yolo_navigator]: [STATUS] mode=FTG front=10.00 L=1.05 R=1.11 gap=+0.08 v=+0.36 w=+0.37 personLvl=0
[INFO] [1784738776.801306181] [yolo_navigator]: [STATUS] mode=FTG front=0.75 L=0.61 R=1.04 gap=-0.80 v=+0.10 w=-0.49 personLvl=0
[INFO] [1784738781.803730264] [yolo_navigator]: [STATUS] mode=FTG front=0.45 L=0.39 R=1.02 gap=-0.35 v=+0.08 w=-0.02 personLvl=0
[INFO] [1784738786.813015453] [yolo_navigator]: [STATUS] mode=FTG front=0.45 L=0.33 R=0.98 gap=-0.17 v=+0.11 w=-0.04 personLvl=0
[INFO] [1784738788.751407556] [yolo_navigator]: [ROTATE_OPEN] front=0.40 open=-0.56
[INFO] [1784738789.501042152] [yolo_navigator]: [FTG] gap=-0.14 W=1.91
[INFO] [1784738791.851139511] [yolo_navigator]: [STATUS] mode=FTG front=10.00 L=0.39 R=0.80 gap=+0.02 v=+0.39 w=+0.00 personLvl=0
[INFO] [1784738796.863011319] [yolo_navigator]: [STATUS] mode=FTG front=10.00 L=0.54 R=0.42 gap=-0.07 v=+0.37 w=+0.00 personLvl=0
[INFO] [1784738801.865508960] [yolo_navigator]: [STATUS] mode=FTG front=10.00 L=0.80 R=0.48 gap=-0.46 v=+0.18 w=-0.25 personLvl=0
[INFO] [1784738806.870679017] [yolo_navigator]: [STATUS] mode=FTG front=10.00 L=1.47 R=0.80 gap=-0.28 v=+0.27 w=-0.02 personLvl=0
[INFO] [1784738811.903713111] [yolo_navigator]: [STATUS] mode=FTG front=10.00 L=1.70 R=1.97 gap=-0.97 v=+0.10 w=-0.78 personLvl=0
[INFO] [1784738816.951803528] [yolo_navigator]: [STATUS] mode=FTG front=10.00 L=1.32 R=1.47 gap=-0.34 v=+0.24 w=-0.06 personLvl=0
[INFO] [1784738821.951867060] [yolo_navigator]: [STATUS] mode=FTG front=1.16 L=0.92 R=1.09 gap=-0.60 v=+0.11 w=-0.34 personLvl=0
[INFO] [1784738827.000757344] [yolo_navigator]: [STATUS] mode=FTG front=0.81 L=0.58 R=0.98 gap=-0.42 v=+0.20 w=-0.10 personLvl=0
[INFO] [1784738832.001945379] [yolo_navigator]: [STATUS] mode=FTG front=0.45 L=0.38 R=3.51 gap=-0.35 v=+0.08 w=-0.01 personLvl=0
[INFO] [1784738833.400763672] [yolo_navigator]: [ROTATE_OPEN] front=0.40 open=-0.86
[INFO] [1784738834.151978045] [yolo_navigator]: [FTG] gap=-0.34 W=2.81
[INFO] [1784738837.093171158] [yolo_navigator]: [STATUS] mode=FTG front=10.00 L=0.36 R=3.88 gap=+0.01 v=+0.39 w=-0.93 personLvl=0
[INFO] [1784738842.100952850] [yolo_navigator]: [STATUS] mode=FTG front=10.00 L=1.67 R=3.78 gap=+0.36 v=+0.23 w=+0.00 personLvl=0
[INFO] [1784738847.102242831] [yolo_navigator]: [STATUS] mode=FTG front=10.00 L=1.87 R=2.32 gap=+0.21 v=+0.30 w=-0.15 personLvl=0
[INFO] [1784738847.651757277] [yolo_navigator]: [PERSON] level=1 h=140px
[INFO] [1784738852.102709953] [yolo_navigator]: [STATUS] mode=FTG front=10.00 L=1.62 R=1.83 gap=+0.10 v=+0.20 w=-0.26 personLvl=1
[INFO] [1784738852.853070114] [yolo_navigator]: [PERSON] level=0 h=0px
[INFO] [1784738853.102352975] [yolo_navigator]: [PERSON] level=1 h=158px
[INFO] [1784738857.168167387] [yolo_navigator]: [STATUS] mode=FTG front=10.00 L=1.84 R=1.39 gap=-0.14 v=+0.19 w=+0.26 personLvl=1
[INFO] [1784738862.202243191] [yolo_navigator]: [STATUS] mode=FTG front=10.00 L=1.88 R=1.01 gap=+0.10 v=+0.20 w=-0.22 personLvl=1
[INFO] [1784738865.751794516] [yolo_navigator]: [PERSON] level=2 h=202px
[INFO] [1784738867.252285006] [yolo_navigator]: [STATUS] mode=FTG front=10.00 L=2.05 R=0.70 gap=-0.19 v=+0.10 w=+0.19 personLvl=2
[INFO] [1784738872.251698314] [yolo_navigator]: [STATUS] mode=FTG front=10.00 L=2.14 R=0.59 gap=-0.18 v=+0.10 w=+0.21 personLvl=2
[INFO] [1784738877.406780507] [yolo_navigator]: [STATUS] mode=FTG front=10.00 L=2.21 R=0.71 gap=-0.18 v=+0.10 w=+0.21 personLvl=2
[INFO] [1784738882.403198063] [yolo_navigator]: [STATUS] mode=FTG front=10.00 L=2.21 R=0.99 gap=+0.17 v=+0.10 w=-0.19 personLvl=2
[INFO] [1784738887.452055654] [yolo_navigator]: [STATUS] mode=FTG front=10.00 L=2.42 R=1.04 gap=+0.31 v=+0.10 w=-0.01 personLvl=2
[INFO] [1784738892.503943664] [yolo_navigator]: [STATUS] mode=FTG front=10.00 L=2.49 R=1.22 gap=+0.33 v=+0.10 w=+0.02 personLvl=2
[INFO] [1784738897.524169234] [yolo_navigator]: [STATUS] mode=FTG front=10.00 L=2.43 R=1.60 gap=-0.76 v=+0.10 w=-0.53 personLvl=2
[INFO] [1784738899.952090107] [yolo_navigator]: [PERSON] level=0 h=0px
[INFO] [1784738902.551330903] [yolo_navigator]: [STATUS] mode=FTG front=10.00 L=2.44 R=2.17 gap=+0.30 v=+0.25 w=+0.01 personLvl=0
[INFO] [1784738907.602902516] [yolo_navigator]: [STATUS] mode=FTG front=10.00 L=2.52 R=1.63 gap=+0.31 v=+0.25 w=+0.00 personLvl=0
[INFO] [1784738912.651905521] [yolo_navigator]: [STATUS] mode=FTG front=10.00 L=2.57 R=1.04 gap=+0.33 v=+0.24 w=+0.02 personLvl=0
[INFO] [1784738917.729732271] [yolo_navigator]: [STATUS] mode=FTG front=10.00 L=2.60 R=0.59 gap=+0.32 v=+0.25 w=-0.01 personLvl=0
[INFO] [1784738922.751904090] [yolo_navigator]: [STATUS] mode=FTG front=10.00 L=2.61 R=2.57 gap=+0.34 v=+0.24 w=+0.01 personLvl=0
[INFO] [1784738927.801437102] [yolo_navigator]: [STATUS] mode=FTG front=10.00 L=2.31 R=2.52 gap=+0.14 v=+0.33 w=+0.44 personLvl=0
[INFO] [1784738932.849842130] [yolo_navigator]: [STATUS] mode=FTG front=10.00 L=1.90 R=1.95 gap=-0.55 v=+0.14 w=-0.68 personLvl=0
[INFO] [1784738937.851511766] [yolo_navigator]: [STATUS] mode=FTG front=10.00 L=1.38 R=1.39 gap=-0.40 v=+0.21 w=-0.15 personLvl=0
[INFO] [1784738942.853322385] [yolo_navigator]: [STATUS] mode=FTG front=10.00 L=1.01 R=1.22 gap=-0.36 v=+0.22 w=-0.08 personLvl=0
[INFO] [1784738947.853854516] [yolo_navigator]: [STATUS] mode=FTG front=0.71 L=0.62 R=1.68 gap=-0.54 v=+0.14 w=-0.28 personLvl=0
[INFO] [1784738952.903393361] [yolo_navigator]: [STATUS] mode=FTG front=0.49 L=0.41 R=2.74 gap=-0.35 v=+0.10 w=-0.02 personLvl=0
[INFO] [1784738955.001003862] [yolo_navigator]: [ROTATE_OPEN] front=0.40 open=-1.45
[INFO] [1784738955.800714870] [yolo_navigator]: [FTG] gap=-0.29 W=1.29
[INFO] [1784738957.954060406] [yolo_navigator]: [STATUS] mode=FTG front=10.00 L=0.39 R=1.51 gap=+0.03 v=+0.38 w=+0.03 personLvl=0
[INFO] [1784738962.952089670] [yolo_navigator]: [STATUS] mode=FTG front=10.00 L=0.88 R=1.28 gap=-0.19 v=+0.31 w=-0.00 personLvl=0
[INFO] [1784738967.963475401] [yolo_navigator]: [STATUS] mode=FTG front=10.00 L=1.68 R=1.69 gap=-0.27 v=+0.27 w=+0.00 personLvl=0
[INFO] [1784738973.003109226] [yolo_navigator]: [STATUS] mode=FTG front=10.00 L=2.09 R=2.68 gap=-0.19 v=+0.31 w=+0.03 personLvl=0
[INFO] [1784738978.051391397] [yolo_navigator]: [STATUS] mode=FTG front=10.00 L=1.63 R=3.02 gap=-0.61 v=+0.11 w=-0.29 personLvl=0
[INFO] [1784738983.051823487] [yolo_navigator]: [STATUS] mode=FTG front=10.00 L=1.26 R=2.97 gap=-0.33 v=+0.24 w=-0.05 personLvl=0
[INFO] [1784738988.052210090] [yolo_navigator]: [STATUS] mode=FTG front=10.00 L=0.88 R=2.51 gap=-0.03 v=+0.39 w=+0.26 personLvl=0
[INFO] [1784738993.125337475] [yolo_navigator]: [STATUS] mode=FTG front=0.81 L=0.56 R=2.13 gap=-0.37 v=+0.22 w=-0.04 personLvl=0
[INFO] [1784738998.002191938] [yolo_navigator]: [ROTATE_OPEN] front=0.40 open=-1.38
[INFO] [1784738998.154320203] [yolo_navigator]: [STATUS] mode=ROTATE_OPEN front=0.39 L=0.36 R=1.83 gap=-0.35 v=+0.00 w=-1.00 personLvl=0
[INFO] [1784738998.392860006] [yolo_navigator]: [FTG] gap=-0.35 W=3.10
[INFO] [1784739003.201548607] [yolo_navigator]: [STATUS] mode=FTG front=10.00 L=0.41 R=1.15 gap=+0.24 v=+0.28 w=-0.11 personLvl=0
[INFO] [1784739008.200928281] [yolo_navigator]: [STATUS] mode=FTG front=10.00 L=0.63 R=0.66 gap=-0.43 v=+0.19 w=-0.02 personLvl=0
[INFO] [1784739013.201945388] [yolo_navigator]: [STATUS] mode=FTG front=10.00 L=0.79 R=0.52 gap=-0.43 v=+0.19 w=-0.05 personLvl=0
[INFO] [1784739018.251245845] [yolo_navigator]: [STATUS] mode=FTG front=10.00 L=1.03 R=1.65 gap=-0.43 v=+0.19 w=-0.08 personLvl=0
[INFO] [1784739023.253551526] [yolo_navigator]: [STATUS] mode=FTG front=1.11 L=1.07 R=3.22 gap=-0.41 v=+0.20 w=-0.07 personLvl=0
[INFO] [1784739028.300967221] [yolo_navigator]: [STATUS] mode=FTG front=0.57 L=0.59 R=2.69 gap=-0.36 v=+0.15 w=-0.02 personLvl=0
[INFO] [1784739030.651299346] [yolo_navigator]: [ROTATE_OPEN] front=0.40 open=-0.45
[INFO] [1784739031.356491577] [yolo_navigator]: [FTG] gap=-0.29 W=13.15
[INFO] [1784739032.751205661] [yolo_navigator]: [ROTATE_OPEN] front=0.38 open=-0.21
[INFO] [1784739033.001297964] [yolo_navigator]: [REVERSE] front=0.31 dir=-1
[INFO] [1784739033.358917052] [yolo_navigator]: [STATUS] mode=REVERSE front=0.23 L=0.31 R=3.39 gap=-0.28 v=+0.05 w=-1.20 personLvl=0
[INFO] [1784739034.051458997] [yolo_navigator]: [FTG] gap=-0.11 W=1.98
[INFO] [1784739036.427302659] [yolo_navigator]: [PERSON] level=1 h=128px
[INFO] [1784739037.351965255] [yolo_navigator]: [PERSON] level=0 h=0px
[INFO] [1784739038.408233785] [yolo_navigator]: [STATUS] mode=FTG front=10.00 L=1.88 R=2.69 gap=+0.16 v=+0.32 w=-0.25 personLvl=0
[INFO] [1784739043.451648983] [yolo_navigator]: [STATUS] mode=FTG front=10.00 L=1.49 R=2.28 gap=+0.17 v=+0.32 w=-0.25 personLvl=0
[INFO] [1784739048.452191509] [yolo_navigator]: [STATUS] mode=FTG front=10.00 L=1.71 R=2.02 gap=+0.33 v=+0.24 w=-0.09 personLvl=0
[INFO] [1784739053.502084821] [yolo_navigator]: [STATUS] mode=FTG front=10.00 L=2.07 R=1.83 gap=+0.62 v=+0.10 w=+0.34 personLvl=0
[INFO] [1784739058.627382485] [yolo_navigator]: [STATUS] mode=FTG front=10.00 L=1.99 R=1.35 gap=+0.35 v=+0.23 w=+0.00 personLvl=0
[INFO] [1784739063.652243338] [yolo_navigator]: [STATUS] mode=FTG front=0.69 L=2.22 R=0.70 gap=+0.35 v=+0.22 w=+0.00 personLvl=0
[INFO] [1784739067.700458624] [yolo_navigator]: [ROTATE_OPEN] front=0.40 open=+0.40
[INFO] [1784739068.650782287] [yolo_navigator]: [FTG] gap=+0.25 W=6.75
[INFO] [1784739068.702048506] [yolo_navigator]: [STATUS] mode=FTG front=0.41 L=2.20 R=0.44 gap=+0.25 v=+0.06 w=+0.30 personLvl=0
[INFO] [1784739070.301204062] [yolo_navigator]: [ROTATE_OPEN] front=0.39 open=+0.14
[INFO] [1784739070.601144733] [yolo_navigator]: [REVERSE] front=0.28 dir=+1
[INFO] [1784739071.551161505] [yolo_navigator]: [FTG] gap=-0.05 W=6.75
[INFO] [1784739073.751884893] [yolo_navigator]: [STATUS] mode=FTG front=10.00 L=1.84 R=0.96 gap=+0.04 v=+0.38 w=+0.24 personLvl=0
[INFO] [1784739078.801607386] [yolo_navigator]: [STATUS] mode=FTG front=10.00 L=1.41 R=5.00 gap=-0.66 v=+0.10 w=-0.51 personLvl=0
[INFO] [1784739083.831968768] [yolo_navigator]: [STATUS] mode=FTG front=10.00 L=4.10 R=4.52 gap=-0.25 v=+0.28 w=+0.04 personLvl=0
[INFO] [1784739088.883726303] [yolo_navigator]: [STATUS] mode=FTG front=10.00 L=3.68 R=4.37 gap=-0.07 v=+0.37 w=+0.25 personLvl=0
[INFO] [1784739093.901750153] [yolo_navigator]: [STATUS] mode=FTG front=10.00 L=3.19 R=3.82 gap=+0.28 v=+0.26 w=-0.09 personLvl=0
[INFO] [1784739098.902931371] [yolo_navigator]: [STATUS] mode=FTG front=10.00 L=2.82 R=3.25 gap=-0.40 v=+0.21 w=+0.01 personLvl=0
[INFO] [1784739103.951784707] [yolo_navigator]: [STATUS] mode=FTG front=10.00 L=2.51 R=2.84 gap=-0.55 v=+0.14 w=-0.24 personLvl=0
[INFO] [1784739109.002203724] [yolo_navigator]: [STATUS] mode=FTG front=10.00 L=2.39 R=2.31 gap=+0.06 v=+0.37 w=-0.38 personLvl=0
[INFO] [1784739114.047170004] [yolo_navigator]: [STATUS] mode=FTG front=10.00 L=2.42 R=1.51 gap=-0.00 v=+0.40 w=+0.03 personLvl=0
[INFO] [1784739119.051364419] [yolo_navigator]: [STATUS] mode=FTG front=10.00 L=2.27 R=0.79 gap=+0.22 v=+0.29 w=-0.03 personLvl=0
[INFO] [1784739124.052438601] [yolo_navigator]: [STATUS] mode=FTG front=0.66 L=2.20 R=0.47 gap=+0.19 v=+0.28 w=-0.09 personLvl=0
[INFO] [1784739129.101411607] [yolo_navigator]: [STATUS] mode=FTG front=10.00 L=1.92 R=0.66 gap=-0.09 v=+0.36 w=-0.10 personLvl=0
[INFO] [1784739134.151574057] [yolo_navigator]: [STATUS] mode=FTG front=10.00 L=2.16 R=0.83 gap=-0.23 v=+0.29 w=+0.16 personLvl=0
[INFO] [1784739139.169937465] [yolo_navigator]: [STATUS] mode=FTG front=10.00 L=1.71 R=1.43 gap=-0.40 v=+0.21 w=-0.49 personLvl=0
[INFO] [1784739144.208352413] [yolo_navigator]: [STATUS] mode=FTG front=10.00 L=0.72 R=2.75 gap=-0.02 v=+0.39 w=+0.00 personLvl=0
[INFO] [1784739149.226718453] [yolo_navigator]: [STATUS] mode=FTG front=10.00 L=0.51 R=1.93 gap=+0.22 v=+0.29 w=+0.34 personLvl=0
[INFO] [1784739154.250621842] [yolo_navigator]: [STATUS] mode=FTG front=10.00 L=0.46 R=1.53 gap=+0.11 v=+0.35 w=+0.19 personLvl=0
[INFO] [1784739159.252402838] [yolo_navigator]: [STATUS] mode=FTG front=10.00 L=2.66 R=1.26 gap=-0.35 v=+0.23 w=-0.07 personLvl=0
[INFO] [1784739162.411250273] [yolo_navigator]: [PERSON] level=1 h=168px
[INFO] [1784739164.301371098] [yolo_navigator]: [STATUS] mode=FTG front=0.63 L=2.45 R=0.67 gap=+0.22 v=+0.09 w=+0.02 personLvl=1
[INFO] [1784739167.914291683] [yolo_navigator]: [RECOVERY] WATCHDOG: no progress >2.5s
[INFO] [1784739169.352226057] [yolo_navigator]: [STATUS] mode=RECOVERY front=10.00 L=2.44 R=0.67 gap=-0.06 v=-0.30 w=+1.00 personLvl=1
[INFO] [1784739170.451976237] [yolo_navigator]: [FTG] gap=-0.56 W=2.14
[INFO] [1784739170.453396812] [yolo_navigator]: [PERSON] level=0 h=0px
[INFO] [1784739171.200873922] [yolo_navigator]: [WEDGE] open=-0.96
[INFO] [1784739171.251242613] [yolo_navigator]: [FTG] gap=-0.90 W=2.05
[INFO] [1784739171.439100661] [yolo_navigator]: [WEDGE] open=-0.96
[INFO] [1784739171.451424303] [yolo_navigator]: [FTG] gap=-0.89 W=2.06
[INFO] [1784739171.553309739] [yolo_navigator]: [WEDGE] open=-0.94
[INFO] [1784739171.601029042] [yolo_navigator]: [FTG] gap=-0.86 W=2.15
[INFO] [1784739174.400740261] [yolo_navigator]: [STATUS] mode=FTG front=10.00 L=2.69 R=0.80 gap=-0.42 v=+0.20 w=-0.82 personLvl=0
[INFO] [1784739175.901549227] [yolo_navigator]: [PERSON] level=1 h=174px
[INFO] [1784739178.614823747] [yolo_navigator]: [RECOVERY] WATCHDOG: no progress >2.5s
[INFO] [1784739179.402741989] [yolo_navigator]: [STATUS] mode=RECOVERY front=0.47 L=2.33 R=0.51 gap=+0.22 v=-0.30 w=+1.00 personLvl=1
[INFO] [1784739181.151620007] [yolo_navigator]: [FTG] gap=-0.58 W=2.12
[INFO] [1784739181.152943113] [yolo_navigator]: [PERSON] level=0 h=0px
[INFO] [1784739181.501401187] [yolo_navigator]: [WEDGE] open=-0.77
[INFO] [1784739182.452075310] [yolo_navigator]: [FTG] gap=-0.83 W=2.07
[INFO] [1784739184.453937428] [yolo_navigator]: [STATUS] mode=FTG front=10.00 L=2.39 R=0.61 gap=-0.06 v=+0.37 w=-0.35 personLvl=0
[INFO] [1784739185.283297073] [yolo_navigator]: [PERSON] level=1 h=179px
[INFO] [1784739185.513626444] [yolo_navigator]: [ROTATE_OPEN] front=0.39 open=-1.41
[INFO] [1784739187.462276324] [yolo_navigator]: [PERSON] level=0 h=0px
[INFO] [1784739188.001291159] [yolo_navigator]: [FTG] gap=-0.35 W=2.10
[INFO] [1784739189.503538093] [yolo_navigator]: [STATUS] mode=FTG front=0.71 L=0.43 R=1.73 gap=+0.02 v=+0.39 w=-0.40 personLvl=0
[INFO] [1784739194.551928653] [yolo_navigator]: [STATUS] mode=FTG front=10.00 L=2.92 R=1.60 gap=-0.33 v=+0.24 w=+0.02 personLvl=0
[INFO] [1784739199.602038867] [yolo_navigator]: [STATUS] mode=FTG front=10.00 L=2.47 R=1.75 gap=+0.44 v=+0.19 w=+0.04 personLvl=0
[INFO] [1784739204.602052750] [yolo_navigator]: [STATUS] mode=FTG front=1.07 L=1.92 R=0.99 gap=+0.43 v=+0.19 w=+0.05 personLvl=0
[INFO] [1784739209.652371712] [yolo_navigator]: [STATUS] mode=FTG front=0.79 L=3.37 R=0.61 gap=+0.26 v=+0.28 w=-0.15 personLvl=0
[INFO] [1784739214.702198897] [yolo_navigator]: [STATUS] mode=FTG front=0.86 L=2.93 R=0.44 gap=+0.33 v=+0.24 w=+0.04 personLvl=0
[INFO] [1784739217.602557028] [yolo_navigator]: [PERSON] level=1 h=129px
[INFO] [1784739219.402493363] [yolo_navigator]: [PERSON] level=0 h=0px
[INFO] [1784739219.751636414] [yolo_navigator]: [STATUS] mode=FTG front=10.00 L=2.52 R=5.61 gap=-0.29 v=+0.26 w=+0.09 personLvl=0
[INFO] [1784739224.801359773] [yolo_navigator]: [STATUS] mode=FTG front=10.00 L=1.90 R=1.59 gap=-0.49 v=+0.17 w=-0.04 personLvl=0
[INFO] [1784739229.802206842] [yolo_navigator]: [STATUS] mode=FTG front=1.15 L=1.32 R=1.19 gap=-0.48 v=+0.17 w=-0.06 personLvl=0
[INFO] [1784739234.856298477] [yolo_navigator]: [STATUS] mode=FTG front=0.72 L=0.76 R=4.48 gap=-0.70 v=+0.10 w=-0.46 personLvl=0
[INFO] [1784739239.701899830] [yolo_navigator]: [ROTATE_OPEN] front=0.39 open=-0.66
[INFO] [1784739239.851735623] [yolo_navigator]: [STATUS] mode=ROTATE_OPEN front=0.39 L=0.44 R=5.99 gap=+0.18 v=+0.00 w=-1.00 personLvl=0
[INFO] [1784739240.200718039] [yolo_navigator]: [FTG] gap=-0.18 W=5.44
[INFO] [1784739244.903422592] [yolo_navigator]: [STATUS] mode=FTG front=10.00 L=3.63 R=1.87 gap=+0.36 v=+0.23 w=-0.02 personLvl=0
[INFO] [1784739249.945488365] [yolo_navigator]: [STATUS] mode=FTG front=10.00 L=3.36 R=2.02 gap=+0.40 v=+0.21 w=+0.03 personLvl=0
[INFO] [1784739254.965454924] [yolo_navigator]: [STATUS] mode=FTG front=10.00 L=3.13 R=4.54 gap=+0.38 v=+0.22 w=+0.01 personLvl=0
[INFO] [1784739260.001688793] [yolo_navigator]: [STATUS] mode=FTG front=10.00 L=2.96 R=4.13 gap=+0.38 v=+0.22 w=+0.01 personLvl=0
[INFO] [1784739265.051880680] [yolo_navigator]: [STATUS] mode=FTG front=10.00 L=2.87 R=3.74 gap=+0.39 v=+0.21 w=+0.01 personLvl=0
[INFO] [1784739270.052284003] [yolo_navigator]: [STATUS] mode=FTG front=10.00 L=2.92 R=3.36 gap=+0.40 v=+0.21 w=+0.02 personLvl=0
[INFO] [1784739275.101241952] [yolo_navigator]: [STATUS] mode=FTG front=10.00 L=3.00 R=3.01 gap=+0.40 v=+0.21 w=-0.00 personLvl=0
[INFO] [1784739280.101758315] [yolo_navigator]: [STATUS] mode=FTG front=10.00 L=2.65 R=2.68 gap=+0.18 v=+0.32 w=-0.04 personLvl=0
[INFO] [1784739285.105767401] [yolo_navigator]: [STATUS] mode=FTG front=10.00 L=2.44 R=2.19 gap=-0.35 v=+0.23 w=-0.01 personLvl=0
[INFO] [1784739290.165000929] [yolo_navigator]: [STATUS] mode=FTG front=10.00 L=2.31 R=1.69 gap=-0.36 v=+0.23 w=-0.15 personLvl=0
[INFO] [1784739295.201798918] [yolo_navigator]: [STATUS] mode=FTG front=10.00 L=1.79 R=1.63 gap=-0.07 v=+0.36 w=+0.03 personLvl=0
[INFO] [1784739300.265956067] [yolo_navigator]: [STATUS] mode=FTG front=10.00 L=1.01 R=1.63 gap=-0.09 v=+0.36 w=+0.02 personLvl=0
[INFO] [1784739305.408182137] [yolo_navigator]: [STATUS] mode=FTG front=10.00 L=0.96 R=1.61 gap=-0.02 v=+0.39 w=+0.10 personLvl=0
[INFO] [1784739310.401180222] [yolo_navigator]: [STATUS] mode=FTG front=10.00 L=1.70 R=1.35 gap=+0.10 v=+0.35 w=+0.07 personLvl=0
[INFO] [1784739315.401477280] [yolo_navigator]: [STATUS] mode=FTG front=10.00 L=1.62 R=1.24 gap=+0.08 v=+0.36 w=+0.04 personLvl=0
[INFO] [1784739320.487640197] [yolo_navigator]: [STATUS] mode=FTG front=10.00 L=1.55 R=1.07 gap=+0.44 v=+0.19 w=+0.26 personLvl=0
[INFO] [1784739325.501188572] [yolo_navigator]: [STATUS] mode=FTG front=10.00 L=1.40 R=1.06 gap=+0.28 v=+0.27 w=+0.08 personLvl=0
[INFO] [1784739330.501212014] [yolo_navigator]: [STATUS] mode=FTG front=10.00 L=1.14 R=1.21 gap=+0.32 v=+0.25 w=+0.15 personLvl=0
[INFO] [1784739334.585229844] [yolo_navigator]: [WEDGE] open=+0.63
[INFO] [1784739334.751992652] [yolo_navigator]: [FTG] gap=+0.50 W=0.51
[INFO] [1784739334.851124809] [yolo_navigator]: [WEDGE] open=+0.56
[INFO] [1784739335.002061401] [yolo_navigator]: [FTG] gap=+0.45 W=0.51
[INFO] [1784739335.050778479] [yolo_navigator]: [WEDGE] open=+0.52
[INFO] [1784739335.300887794] [yolo_navigator]: [FTG] gap=+0.41 W=0.51
[INFO] [1784739335.502854562] [yolo_navigator]: [STATUS] mode=FTG front=10.00 L=0.78 R=1.14 gap=+0.38 v=+0.22 w=+0.12 personLvl=0
[INFO] [1784739335.600950544] [yolo_navigator]: [WEDGE] open=+0.42
[INFO] [1784739335.751499581] [yolo_navigator]: [FTG] gap=+0.32 W=0.55
[INFO] [1784739340.551833497] [yolo_navigator]: [STATUS] mode=FTG front=0.90 L=0.36 R=0.72 gap=+0.23 v=+0.29 w=-0.18 personLvl=0
[INFO] [1784739345.552411635] [yolo_navigator]: [STATUS] mode=FTG front=0.59 L=0.49 R=0.44 gap=+0.35 v=+0.16 w=+0.01 personLvl=0
[INFO] [1784739349.251043090] [yolo_navigator]: [ROTATE_OPEN] front=0.40 open=+0.51
[INFO] [1784739350.000961199] [yolo_navigator]: [FTG] gap=+0.34 W=2.94
[INFO] [1784739350.601867065] [yolo_navigator]: [STATUS] mode=FTG front=1.01 L=0.48 R=0.38 gap=+0.09 v=+0.36 w=-0.33 personLvl=0
[INFO] [1784739352.101262008] [yolo_navigator]: [ROTATE_OPEN] front=0.39 open=+0.44
[INFO] [1784739352.400630016] [yolo_navigator]: [REVERSE] front=0.31 dir=+1
[INFO] [1784739353.400722698] [yolo_navigator]: [FTG] gap=+0.07 W=2.71
[INFO] [1784739355.651616855] [yolo_navigator]: [STATUS] mode=FTG front=0.88 L=0.41 R=0.35 gap=-0.03 v=+0.39 w=-0.49 personLvl=0
[INFO] [1784739357.100436821] [yolo_navigator]: [ROTATE_OPEN] front=0.35 open=+0.51
[INFO] [1784739357.151653064] [yolo_navigator]: [REVERSE] front=0.31 dir=+1
[INFO] [1784739358.505072368] [yolo_navigator]: [FTG] gap=+0.05 W=2.03
[INFO] [1784739359.602221896] [yolo_navigator]: [PERSON] level=2 h=256px
[INFO] [1784739359.965602510] [yolo_navigator]: [PERSON] level=0 h=0px
[INFO] [1784739360.726537613] [yolo_navigator]: [STATUS] mode=FTG front=10.00 L=0.35 R=0.33 gap=-0.01 v=+0.39 w=-0.46 personLvl=0
[INFO] [1784739361.900990907] [yolo_navigator]: [TRAP] L=0.33 R=0.30
[INFO] [1784739361.901800304] [yolo_navigator]: [COMMIT] Ταλάντωση σε περατό στενό (W=1.92) -> αποφασιστικό πέρασμα
[INFO] [1784739361.951166504] [yolo_navigator]: [COMMIT] steer=-0.54 front=0.43
[INFO] [1784739362.601237082] [yolo_navigator]: [COMMIT] Απέτυχε (front<0.15), αποτυχία #1
[INFO] [1784739362.601973387] [yolo_navigator]: [TRAP] L=0.35 R=0.25
[INFO] [1784739365.773989528] [yolo_navigator]: [STATUS] mode=TRAP front=0.39 L=0.39 R=0.29 gap=-0.18 v=+0.00 w=+1.20 personLvl=0
[INFO] [1784739367.956458365] [yolo_navigator]: [ROTATE_OPEN] front=0.33 open=-0.79
[INFO] [1784739368.151586431] [yolo_navigator]: [REVERSE] front=0.32 dir=-1
[INFO] [1784739368.152535246] [yolo_navigator]: [WALL_FOLLOW] 5x REVERSE/TRAP σε 60s -> ακολουθώ τον αριστερό τοίχο για 25s (L=0.38 R=0.49)
[INFO] [1784739368.203572191] [yolo_navigator]: [WALL_FOLLOW] side=L d=0.38 front=0.32
[INFO] [1784739370.763672247] [yolo_navigator]: [STATUS] mode=WALL_FOLLOW front=0.10 L=0.44 R=0.21 gap=+0.01 v=+0.00 w=-1.00 personLvl=0
[INFO] [1784739375.801577743] [yolo_navigator]: [STATUS] mode=WALL_FOLLOW front=0.10 L=0.43 R=0.22 gap=+0.39 v=+0.00 w=-1.00 personLvl=0
[INFO] [1784739380.801951397] [yolo_navigator]: [STATUS] mode=WALL_FOLLOW front=0.15 L=0.42 R=0.25 gap=+0.90 v=+0.00 w=-1.00 personLvl=0
[INFO] [1784739385.850998353] [yolo_navigator]: [STATUS] mode=WALL_FOLLOW front=0.51 L=0.32 R=0.40 gap=-0.10 v=+0.22 w=-0.28 personLvl=0
[INFO] [1784739390.902454272] [yolo_navigator]: [STATUS] mode=WALL_FOLLOW front=0.57 L=0.56 R=0.28 gap=+0.20 v=+0.22 w=+0.08 personLvl=0
[INFO] [1784739393.210404317] [yolo_navigator]: [FTG] gap=+0.60 W=2.62
[INFO] [1784739395.950939685] [yolo_navigator]: [STATUS] mode=FTG front=10.00 L=0.61 R=0.31 gap=+0.49 v=+0.16 w=+0.04 personLvl=0
[INFO] [1784739401.000690815] [yolo_navigator]: [STATUS] mode=FTG front=10.00 L=0.84 R=0.28 gap=-0.56 v=+0.13 w=-0.33 personLvl=0
[INFO] [1784739406.001477898] [yolo_navigator]: [STATUS] mode=FTG front=10.00 L=1.54 R=0.82 gap=-0.28 v=+0.27 w=-0.02 personLvl=0
[INFO] [1784739411.050680104] [yolo_navigator]: [STATUS] mode=FTG front=10.00 L=1.35 R=2.83 gap=-0.32 v=+0.25 w=-0.04 personLvl=0
[INFO] [1784739416.052583785] [yolo_navigator]: [STATUS] mode=FTG front=10.00 L=0.94 R=2.53 gap=-0.58 v=+0.12 w=-0.31 personLvl=0
[INFO] [1784739421.100961840] [yolo_navigator]: [STATUS] mode=FTG front=0.90 L=0.61 R=2.81 gap=-0.38 v=+0.22 w=-0.06 personLvl=0
[INFO] [1784739426.150638019] [yolo_navigator]: [STATUS] mode=FTG front=0.47 L=0.39 R=2.81 gap=-0.35 v=+0.09 w=-0.01 personLvl=0
[INFO] [1784739428.101416317] [yolo_navigator]: [ROTATE_OPEN] front=0.40 open=-0.96
[INFO] [1784739429.000929352] [yolo_navigator]: [FTG] gap=-0.28 W=2.80
[INFO] [1784739431.241603346] [yolo_navigator]: [STATUS] mode=FTG front=10.00 L=0.52 R=2.58 gap=-0.13 v=+0.34 w=+0.23 personLvl=0
[INFO] [1784739436.251282389] [yolo_navigator]: [STATUS] mode=FTG front=10.00 L=0.81 R=1.98 gap=+0.10 v=+0.35 w=-0.31 personLvl=0
[INFO] [1784739441.261962614] [yolo_navigator]: [STATUS] mode=FTG front=10.00 L=1.17 R=1.35 gap=+0.18 v=+0.31 w=-0.20 personLvl=0
[INFO] [1784739446.302485998] [yolo_navigator]: [STATUS] mode=FTG front=10.00 L=1.43 R=1.58 gap=+0.17 v=+0.32 w=-0.22 personLvl=0
[INFO] [1784739451.351835279] [yolo_navigator]: [STATUS] mode=FTG front=10.00 L=1.85 R=3.70 gap=+0.19 v=+0.31 w=-0.20 personLvl=0
[INFO] [1784739456.404289783] [yolo_navigator]: [STATUS] mode=FTG front=10.00 L=1.99 R=3.51 gap=+0.24 v=+0.29 w=-0.13 personLvl=0
[INFO] [1784739461.457196962] [yolo_navigator]: [STATUS] mode=FTG front=10.00 L=2.33 R=3.44 gap=+0.35 v=+0.23 w=+0.00 personLvl=0
[INFO] [1784739466.501523096] [yolo_navigator]: [STATUS] mode=FTG front=10.00 L=2.53 R=4.65 gap=+0.37 v=+0.22 w=+0.02 personLvl=0
[INFO] [1784739471.502172044] [yolo_navigator]: [STATUS] mode=FTG front=10.00 L=2.60 R=4.23 gap=+0.29 v=+0.26 w=-0.09 personLvl=0
[INFO] [1784739476.552164527] [yolo_navigator]: [STATUS] mode=FTG front=10.00 L=2.99 R=3.76 gap=+0.49 v=+0.16 w=+0.21 personLvl=0
[INFO] [1784739481.612755374] [yolo_navigator]: [STATUS] mode=FTG front=10.00 L=2.59 R=1.44 gap=+0.17 v=+0.32 w=+0.56 personLvl=0
[INFO] [1784739486.651825585] [yolo_navigator]: [STATUS] mode=FTG front=10.00 L=2.12 R=1.10 gap=-0.28 v=+0.27 w=-0.01 personLvl=0
[INFO] [1784739491.689251451] [yolo_navigator]: [STATUS] mode=FTG front=10.00 L=1.66 R=1.25 gap=-0.29 v=+0.26 w=-0.02 personLvl=0
[INFO] [1784739496.701188604] [yolo_navigator]: [STATUS] mode=FTG front=10.00 L=1.25 R=1.36 gap=-0.28 v=+0.26 w=-0.04 personLvl=0
[INFO] [1784739501.702269690] [yolo_navigator]: [STATUS] mode=FTG front=10.00 L=0.89 R=3.29 gap=-0.57 v=+0.13 w=-1.00 personLvl=0
[INFO] [1784739506.712820260] [yolo_navigator]: [STATUS] mode=FTG front=10.00 L=0.89 R=2.57 gap=-0.09 v=+0.36 w=-0.00 personLvl=0
[INFO] [1784739511.750940751] [yolo_navigator]: [STATUS] mode=FTG front=10.00 L=1.00 R=1.73 gap=-0.15 v=+0.33 w=-0.02 personLvl=0
[INFO] [1784739516.751914391] [yolo_navigator]: [STATUS] mode=FTG front=10.00 L=1.20 R=1.04 gap=-0.14 v=+0.33 w=-0.04 personLvl=0
[INFO] [1784739521.763495846] [yolo_navigator]: [STATUS] mode=FTG front=10.00 L=1.55 R=0.75 gap=-0.34 v=+0.23 w=-0.13 personLvl=0
[INFO] [1784739526.801672371] [yolo_navigator]: [STATUS] mode=FTG front=10.00 L=2.22 R=0.79 gap=-0.30 v=+0.26 w=-0.09 personLvl=0
[INFO] [1784739531.851070908] [yolo_navigator]: [STATUS] mode=FTG front=10.00 L=1.83 R=0.71 gap=-0.01 v=+0.40 w=+0.25 personLvl=0
[INFO] [1784739536.851695506] [yolo_navigator]: [STATUS] mode=FTG front=10.00 L=1.33 R=3.39 gap=-0.33 v=+0.24 w=-0.06 personLvl=0
[INFO] [1784739541.854556573] [yolo_navigator]: [STATUS] mode=FTG front=1.17 L=0.92 R=2.40 gap=-0.60 v=+0.11 w=-0.34 personLvl=0
[INFO] [1784739546.915450540] [yolo_navigator]: [STATUS] mode=FTG front=0.85 L=0.60 R=3.05 gap=-0.42 v=+0.20 w=-0.10 personLvl=0
[INFO] [1784739551.950860995] [yolo_navigator]: [STATUS] mode=FTG front=0.47 L=0.39 R=2.99 gap=-0.35 v=+0.09 w=-0.01 personLvl=0
[INFO] [1784739553.827155520] [yolo_navigator]: [ROTATE_OPEN] front=0.40 open=-1.24
[INFO] [1784739554.651785165] [yolo_navigator]: [FTG] gap=-0.28 W=2.55
[INFO] [1784739556.952045940] [yolo_navigator]: [STATUS] mode=FTG front=10.00 L=0.52 R=2.73 gap=+0.30 v=+0.25 w=+0.03 personLvl=0
[INFO] [1784739562.001240494] [yolo_navigator]: [STATUS] mode=FTG front=10.00 L=0.74 R=2.35 gap=+0.25 v=+0.28 w=-0.11 personLvl=0
[INFO] [1784739567.051956789] [yolo_navigator]: [STATUS] mode=FTG front=10.00 L=0.94 R=1.63 gap=+0.65 v=+0.10 w=+0.24 personLvl=0
[INFO] [1784739572.101457721] [yolo_navigator]: [STATUS] mode=FTG front=1.01 L=0.72 R=1.00 gap=-0.14 v=+0.33 w=+0.16 personLvl=0
[INFO] [1784739577.131382529] [yolo_navigator]: [STATUS] mode=FTG front=0.63 L=0.46 R=1.03 gap=-0.32 v=+0.20 w=+0.03 personLvl=0
[INFO] [1784739579.800358976] [yolo_navigator]: [ROTATE_OPEN] front=0.40 open=-0.66
[INFO] [1784739580.552330435] [yolo_navigator]: [FTG] gap=-0.33 W=1.49
[INFO] [1784739582.151848472] [yolo_navigator]: [STATUS] mode=FTG front=10.00 L=0.38 R=0.97 gap=-0.02 v=+0.39 w=+0.18 personLvl=0
[INFO] [1784739583.855383716] [yolo_navigator]: [ROTATE_OPEN] front=0.38 open=-0.59
[INFO] [1784739584.701441724] [yolo_navigator]: [FTG] gap=-0.09 W=1.24
[INFO] [1784739587.204200830] [yolo_navigator]: [STATUS] mode=FTG front=1.02 L=0.43 R=0.74 gap=+0.14 v=+0.33 w=+0.28 personLvl=0
[INFO] [1784739592.215932513] [yolo_navigator]: [STATUS] mode=FTG front=10.00 L=0.54 R=0.37 gap=-0.24 v=+0.28 w=-0.13 personLvl=0
[INFO] [1784739597.251808457] [yolo_navigator]: [STATUS] mode=FTG front=10.00 L=1.00 R=0.53 gap=-0.25 v=+0.28 w=-0.02 personLvl=0
[INFO] [1784739602.301106296] [yolo_navigator]: [STATUS] mode=FTG front=10.00 L=1.74 R=2.41 gap=-0.26 v=+0.28 w=-0.01 personLvl=0
[INFO] [1784739607.301665823] [yolo_navigator]: [STATUS] mode=FTG front=10.00 L=1.68 R=1.90 gap=+0.05 v=+0.38 w=+0.35 personLvl=0
[INFO] [1784739612.355526041] [yolo_navigator]: [STATUS] mode=FTG front=10.00 L=1.20 R=1.36 gap=-0.31 v=+0.25 w=-0.03 personLvl=0
[INFO] [1784739617.401834486] [yolo_navigator]: [STATUS] mode=FTG front=1.09 L=0.77 R=1.02 gap=-0.10 v=+0.35 w=+0.20 personLvl=0
[INFO] [1784739622.451434061] [yolo_navigator]: [STATUS] mode=FTG front=0.66 L=0.47 R=1.05 gap=-0.35 v=+0.21 w=-0.01 personLvl=0
[INFO] [1784739626.401818130] [yolo_navigator]: [ROTATE_OPEN] front=0.40 open=-0.86
[INFO] [1784739627.208184043] [yolo_navigator]: [FTG] gap=-0.30 W=1.96
[INFO] [1784739627.502747506] [yolo_navigator]: [STATUS] mode=FTG front=0.59 L=0.37 R=4.14 gap=-0.20 v=+0.22 w=-0.97 personLvl=0
[INFO] [1784739632.551811999] [yolo_navigator]: [STATUS] mode=FTG front=10.00 L=0.63 R=3.45 gap=-0.09 v=+0.36 w=+0.32 personLvl=0
[INFO] [1784739633.664600322] [yolo_navigator]: [PERSON] level=1 h=121px
[INFO] [1784739637.601814322] [yolo_navigator]: [STATUS] mode=FTG front=10.00 L=0.84 R=2.86 gap=-0.13 v=+0.19 w=+0.16 personLvl=1
[INFO] [1784739642.602084311] [yolo_navigator]: [STATUS] mode=FTG front=10.00 L=0.98 R=2.42 gap=+0.04 v=+0.23 w=-0.27 personLvl=1
[INFO] [1784739647.651509823] [yolo_navigator]: [STATUS] mode=FTG front=10.00 L=1.24 R=1.93 gap=-0.14 v=+0.18 w=+0.27 personLvl=1
[INFO] [1784739652.665332539] [yolo_navigator]: [STATUS] mode=FTG front=10.00 L=1.34 R=1.53 gap=+0.09 v=+0.21 w=-0.27 personLvl=1
[INFO] [1784739657.701210898] [yolo_navigator]: [STATUS] mode=FTG front=10.00 L=1.60 R=1.19 gap=-0.16 v=+0.18 w=+0.25 personLvl=1
[INFO] [1784739659.751226033] [yolo_navigator]: [PERSON] level=2 h=201px
[INFO] [1784739662.702039898] [yolo_navigator]: [STATUS] mode=FTG front=10.00 L=1.68 R=1.04 gap=+0.19 v=+0.10 w=-0.14 personLvl=2
[INFO] [1784739667.705587174] [yolo_navigator]: [STATUS] mode=FTG front=10.00 L=1.72 R=1.08 gap=+0.11 v=+0.10 w=-0.20 personLvl=2
[INFO] [1784739672.752024787] [yolo_navigator]: [STATUS] mode=FTG front=10.00 L=1.90 R=1.15 gap=-0.16 v=+0.10 w=+0.25 personLvl=2
[INFO] [1784739677.802699368] [yolo_navigator]: [STATUS] mode=FTG front=10.00 L=1.95 R=1.39 gap=-0.20 v=+0.10 w=+0.20 personLvl=2
[INFO] [1784739682.851992874] [yolo_navigator]: [STATUS] mode=FTG front=10.00 L=2.01 R=1.58 gap=+0.23 v=+0.10 w=-0.10 personLvl=2
[INFO] [1784739687.900904074] [yolo_navigator]: [STATUS] mode=FTG front=10.00 L=2.19 R=1.64 gap=-0.17 v=+0.10 w=-0.63 personLvl=2
[INFO] [1784739690.302069760] [yolo_navigator]: [PERSON] level=0 h=0px
[INFO] [1784739692.924783315] [yolo_navigator]: [STATUS] mode=FTG front=10.00 L=2.49 R=1.42 gap=+0.18 v=+0.31 w=-0.21 personLvl=0
[INFO] [1784739697.976033171] [yolo_navigator]: [STATUS] mode=FTG front=10.00 L=1.77 R=1.48 gap=+0.24 v=+0.29 w=-0.14 personLvl=0
[INFO] [1784739703.001540586] [yolo_navigator]: [STATUS] mode=FTG front=10.00 L=1.29 R=1.47 gap=+0.35 v=+0.23 w=+0.00 personLvl=0
[INFO] [1784739707.252134582] [yolo_navigator]: [PERSON] level=1 h=131px
[INFO] [1784739708.002202998] [yolo_navigator]: [STATUS] mode=FTG front=10.00 L=0.73 R=1.94 gap=-0.08 v=+0.21 w=+0.11 personLvl=1
[INFO] [1784739710.301524483] [yolo_navigator]: [PERSON] level=0 h=0px
[INFO] [1784739711.801285150] [yolo_navigator]: [ROTATE_OPEN] front=0.39 open=-0.51
[INFO] [1784739712.602268982] [yolo_navigator]: [FTG] gap=-0.27 W=2.97
[INFO] [1784739713.050958708] [yolo_navigator]: [STATUS] mode=FTG front=10.00 L=0.42 R=1.66 gap=-0.09 v=+0.35 w=+0.32 personLvl=0
[INFO] [1784739713.770754297] [yolo_navigator]: [PERSON] level=1 h=142px
[INFO] [1784739718.051052317] [yolo_navigator]: [STATUS] mode=FTG front=10.00 L=3.25 R=1.28 gap=-0.16 v=+0.17 w=+0.23 personLvl=1
[INFO] [1784739718.651268011] [yolo_navigator]: [PERSON] level=0 h=0px
[INFO] [1784739723.051839142] [yolo_navigator]: [STATUS] mode=FTG front=10.00 L=2.70 R=1.15 gap=-0.34 v=+0.24 w=-0.19 personLvl=0
[INFO] [1784739723.651929898] [yolo_navigator]: [PERSON] level=1 h=168px
[INFO] [1784739728.101328567] [yolo_navigator]: [STATUS] mode=FTG front=10.00 L=2.27 R=1.04 gap=-0.22 v=+0.15 w=-0.02 personLvl=1
[INFO] [1784739733.157189439] [yolo_navigator]: [STATUS] mode=FTG front=10.00 L=1.91 R=1.03 gap=-0.21 v=+0.15 w=+0.00 personLvl=1
[INFO] [1784739734.351631216] [yolo_navigator]: [PERSON] level=2 h=201px
[INFO] [1784739738.201745705] [yolo_navigator]: [STATUS] mode=FTG front=10.00 L=1.63 R=1.15 gap=-0.23 v=+0.10 w=-0.03 personLvl=2
[INFO] [1784739743.252168458] [yolo_navigator]: [STATUS] mode=FTG front=10.00 L=1.37 R=1.45 gap=-0.22 v=+0.10 w=-0.02 personLvl=2
[INFO] [1784739748.251739451] [yolo_navigator]: [STATUS] mode=FTG front=1.15 L=1.14 R=4.10 gap=-0.17 v=+0.10 w=+0.07 personLvl=2
[INFO] [1784739753.301076195] [yolo_navigator]: [STATUS] mode=FTG front=0.91 L=0.91 R=3.94 gap=-0.15 v=+0.10 w=-0.18 personLvl=2
[INFO] [1784739758.301797987] [yolo_navigator]: [STATUS] mode=FTG front=0.67 L=0.70 R=3.77 gap=-0.13 v=+0.10 w=+0.12 personLvl=2
[INFO] [1784739763.302057581] [yolo_navigator]: [STATUS] mode=FTG front=0.43 L=0.48 R=3.62 gap=-0.12 v=+0.10 w=-0.14 personLvl=2
[INFO] [1784739763.901864703] [yolo_navigator]: [ROTATE_OPEN] front=0.40 open=-0.77
[INFO] [1784739765.100588304] [yolo_navigator]: [FTG] gap=+0.06 W=2.26
[INFO] [1784739766.501646266] [yolo_navigator]: [PERSON] level=0 h=0px
[INFO] [1784739767.250602106] [yolo_navigator]: [REVERSE] front=0.30 dir=-1
[INFO] [1784739768.101227861] [yolo_navigator]: [FTG] gap=+0.07 W=2.28
[INFO] [1784739768.352287597] [yolo_navigator]: [STATUS] mode=FTG front=10.00 L=0.28 R=3.41 gap=+0.21 v=+0.30 w=-0.68 personLvl=0
[INFO] [1784739773.421026127] [yolo_navigator]: [STATUS] mode=FTG front=10.00 L=2.69 R=1.90 gap=+0.05 v=+0.38 w=+0.38 personLvl=0
[INFO] [1784739778.451928586] [yolo_navigator]: [STATUS] mode=FTG front=10.00 L=2.32 R=1.75 gap=-0.26 v=+0.28 w=-0.03 personLvl=0
[INFO] [1784739783.451831970] [yolo_navigator]: [STATUS] mode=FTG front=10.00 L=1.87 R=1.27 gap=-1.18 v=+0.10 w=-1.09 personLvl=0
[INFO] [1784739788.482679976] [yolo_navigator]: [STATUS] mode=FTG front=10.00 L=1.78 R=0.95 gap=+0.12 v=+0.34 w=+0.07 personLvl=0
[INFO] [1784739793.350826169] [yolo_navigator]: [WEDGE] open=+0.40
[INFO] [1784739793.523926083] [yolo_navigator]: [STATUS] mode=WEDGE front=10.00 L=1.35 R=0.45 gap=+0.00 v=+0.40 w=+0.48 personLvl=0
[INFO] [1784739793.576167951] [yolo_navigator]: [FTG] gap=+0.07 W=3.27
[INFO] [1784739793.700949374] [yolo_navigator]: [WEDGE] open=+0.42
[INFO] [1784739794.950616636] [yolo_navigator]: [FTG] gap=-0.84 W=3.49
[INFO] [1784739798.557406980] [yolo_navigator]: [STATUS] mode=FTG front=10.00 L=1.02 R=0.42 gap=+0.66 v=+0.10 w=+0.25 personLvl=0
[INFO] [1784739803.601510208] [yolo_navigator]: [STATUS] mode=FTG front=10.00 L=2.99 R=0.39 gap=-0.69 v=+0.10 w=-0.57 personLvl=0
[INFO] [1784739808.651725312] [yolo_navigator]: [STATUS] mode=FTG front=10.00 L=2.61 R=0.49 gap=-0.26 v=+0.27 w=-0.01 personLvl=0
[INFO] [1784739813.652007755] [yolo_navigator]: [STATUS] mode=FTG front=10.00 L=2.13 R=0.77 gap=-0.28 v=+0.27 w=-0.02 personLvl=0
[INFO] [1784739818.702049116] [yolo_navigator]: [STATUS] mode=FTG front=10.00 L=1.67 R=1.02 gap=-0.28 v=+0.27 w=-0.04 personLvl=0
[INFO] [1784739823.753690331] [yolo_navigator]: [STATUS] mode=FTG front=10.00 L=1.25 R=4.14 gap=-0.31 v=+0.25 w=-0.02 personLvl=0
[INFO] [1784739828.753193792] [yolo_navigator]: [STATUS] mode=FTG front=10.00 L=0.90 R=3.70 gap=-0.19 v=+0.31 w=+0.07 personLvl=0
[INFO] [1784739833.801106774] [yolo_navigator]: [STATUS] mode=FTG front=0.57 L=0.49 R=1.99 gap=-0.30 v=+0.17 w=-0.03 personLvl=0
[INFO] [1784739836.800893765] [yolo_navigator]: [ROTATE_OPEN] front=0.39 open=-1.27
[INFO] [1784739837.506282161] [yolo_navigator]: [FTG] gap=-0.34 W=2.85
[INFO] [1784739838.801748224] [yolo_navigator]: [STATUS] mode=FTG front=10.00 L=0.43 R=4.98 gap=+0.03 v=+0.39 w=+0.49 personLvl=0
[INFO] [1784739843.851346690] [yolo_navigator]: [STATUS] mode=FTG front=10.00 L=0.75 R=4.71 gap=+0.22 v=+0.30 w=-0.14 personLvl=0
[INFO] [1784739848.851684756] [yolo_navigator]: [STATUS] mode=FTG front=10.00 L=1.19 R=4.52 gap=+0.34 v=+0.24 w=+0.02 personLvl=0
[INFO] [1784739853.852289742] [yolo_navigator]: [STATUS] mode=FTG front=10.00 L=1.51 R=4.43 gap=+0.34 v=+0.24 w=+0.02 personLvl=0
[INFO] [1784739858.901117827] [yolo_navigator]: [STATUS] mode=FTG front=10.00 L=1.81 R=4.97 gap=+0.35 v=+0.23 w=+0.02 personLvl=0
[INFO] [1784739863.946152962] [yolo_navigator]: [STATUS] mode=FTG front=10.00 L=2.44 R=3.43 gap=+0.35 v=+0.23 w=+0.02 personLvl=0
[INFO] [1784739869.063732217] [yolo_navigator]: [STATUS] mode=FTG front=10.00 L=2.22 R=1.69 gap=+0.26 v=+0.28 w=+0.05 personLvl=0
[INFO] [1784739874.051782814] [yolo_navigator]: [STATUS] mode=FTG front=10.00 L=2.08 R=1.08 gap=+0.25 v=+0.28 w=+0.03 personLvl=0
[INFO] [1784739879.056636028] [yolo_navigator]: [STATUS] mode=FTG front=1.02 L=2.12 R=0.69 gap=+0.26 v=+0.28 w=+0.01 personLvl=0
[INFO] [1784739884.100984409] [yolo_navigator]: [STATUS] mode=FTG front=0.43 L=2.15 R=0.39 gap=+0.26 v=+0.08 w=-0.01 personLvl=0
[INFO] [1784739884.650407006] [yolo_navigator]: [ROTATE_OPEN] front=0.40 open=+0.31
[INFO] [1784739885.450262392] [yolo_navigator]: [FTG] gap=+0.22 W=3.41
[INFO] [1784739889.101685418] [yolo_navigator]: [STATUS] mode=FTG front=10.00 L=1.94 R=2.55 gap=-0.16 v=+0.32 w=-0.18 personLvl=0
[INFO] [1784739894.183405562] [yolo_navigator]: [STATUS] mode=FTG front=10.00 L=1.80 R=2.18 gap=-0.69 v=+0.10 w=-0.43 personLvl=0
[INFO] [1784739899.151730412] [yolo_navigator]: [STATUS] mode=FTG front=10.00 L=1.59 R=1.27 gap=-0.25 v=+0.28 w=+0.06 personLvl=0
[INFO] [1784739904.201360917] [yolo_navigator]: [STATUS] mode=FTG front=10.00 L=0.63 R=2.64 gap=-0.01 v=+0.39 w=+0.01 personLvl=0
[INFO] [1784739909.202967987] [yolo_navigator]: [STATUS] mode=FTG front=10.00 L=0.50 R=1.89 gap=+0.14 v=+0.33 w=+0.24 personLvl=0
[INFO] [1784739914.251146806] [yolo_navigator]: [STATUS] mode=FTG front=10.00 L=0.46 R=1.51 gap=+0.18 v=+0.31 w=+0.26 personLvl=0
[INFO] [1784739919.251936736] [yolo_navigator]: [STATUS] mode=FTG front=10.00 L=2.66 R=1.26 gap=-0.33 v=+0.24 w=-0.04 personLvl=0
[INFO] [1784739922.551458560] [yolo_navigator]: [PERSON] level=1 h=161px
[INFO] [1784739924.318583533] [yolo_navigator]: [STATUS] mode=FTG front=0.61 L=2.43 R=0.65 gap=+0.23 v=+0.07 w=+0.04 personLvl=1
[INFO] [1784739927.601239518] [yolo_navigator]: [RECOVERY] WATCHDOG: no progress >2.5s
[INFO] [1784739929.394497016] [yolo_navigator]: [STATUS] mode=RECOVERY front=10.00 L=2.69 R=0.83 gap=-0.57 v=-0.30 w=+1.00 personLvl=1
[INFO] [1784739930.151237732] [yolo_navigator]: [WEDGE] open=-0.98
[INFO] [1784739930.301165440] [yolo_navigator]: [FTG] gap=-1.11 W=6.63
[INFO] [1784739930.302695478] [yolo_navigator]: [PERSON] level=0 h=0px
[INFO] [1784739931.250358261] [yolo_navigator]: [WEDGE] open=-1.06
[INFO] [1784739932.204078835] [yolo_navigator]: [FTG] gap=+0.48 W=6.10
[INFO] [1784739934.401113907] [yolo_navigator]: [STATUS] mode=FTG front=10.00 L=2.41 R=0.61 gap=-0.23 v=+0.29 w=-0.58 personLvl=0
[INFO] [1784739935.151713570] [yolo_navigator]: [PERSON] level=1 h=180px
[INFO] [1784739935.700878163] [yolo_navigator]: [ROTATE_OPEN] front=0.39 open=-1.43
[INFO] [1784739937.007140541] [yolo_navigator]: [FTG] gap=+0.15 W=1.97
[INFO] [1784739937.202301877] [yolo_navigator]: [PERSON] level=0 h=0px
[INFO] [1784739938.250941746] [yolo_navigator]: [ROTATE_OPEN] front=0.40 open=-0.98
[INFO] [1784739939.402153313] [yolo_navigator]: [STATUS] mode=ROTATE_OPEN front=0.39 L=2.22 R=0.45 gap=+0.63 v=+0.00 w=-1.00 personLvl=0
[INFO] [1784739940.950563508] [yolo_navigator]: [FTG] gap=-0.32 W=2.34
[INFO] [1784739944.522546854] [yolo_navigator]: [STATUS] mode=FTG front=10.00 L=0.45 R=1.52 gap=+0.34 v=+0.24 w=-0.02 personLvl=0
[INFO] [1784739949.552418282] [yolo_navigator]: [STATUS] mode=FTG front=10.00 L=2.69 R=1.62 gap=-0.37 v=+0.22 w=-0.03 personLvl=0
[INFO] [1784739954.601319992] [yolo_navigator]: [STATUS] mode=FTG front=10.00 L=2.37 R=1.43 gap=+0.41 v=+0.20 w=-0.00 personLvl=0
[INFO] [1784739959.601862118] [yolo_navigator]: [STATUS] mode=FTG front=0.92 L=1.79 R=0.84 gap=+0.41 v=+0.20 w=+0.03 personLvl=0
[INFO] [1784739964.643115013] [yolo_navigator]: [STATUS] mode=FTG front=0.70 L=3.17 R=0.50 gap=+0.39 v=+0.21 w=+0.06 personLvl=0
[INFO] [1784739969.651054491] [yolo_navigator]: [STATUS] mode=FTG front=0.71 L=2.68 R=0.36 gap=-0.11 v=+0.35 w=+1.07 personLvl=0
[INFO] [1784739971.102036917] [yolo_navigator]: [PERSON] level=1 h=130px
[INFO] [1784739972.901534416] [yolo_navigator]: [PERSON] level=0 h=0px
[INFO] [1784739974.671083358] [yolo_navigator]: [STATUS] mode=FTG front=10.00 L=2.55 R=5.55 gap=-0.37 v=+0.22 w=-0.03 personLvl=0
[INFO] [1784739979.701777975] [yolo_navigator]: [STATUS] mode=FTG front=10.00 L=1.88 R=1.58 gap=-0.49 v=+0.17 w=-0.04 personLvl=0
[INFO] [1784739984.751274296] [yolo_navigator]: [STATUS] mode=FTG front=1.13 L=1.29 R=1.16 gap=-0.47 v=+0.17 w=-0.06 personLvl=0
[INFO] [1784739989.801270445] [yolo_navigator]: [STATUS] mode=FTG front=0.70 L=0.73 R=4.47 gap=-0.66 v=+0.10 w=-0.41 personLvl=0
[INFO] [1784739994.651254187] [yolo_navigator]: [ROTATE_OPEN] front=0.39 open=-0.79
[INFO] [1784739994.810026849] [yolo_navigator]: [STATUS] mode=ROTATE_OPEN front=0.39 L=0.45 R=4.55 gap=-0.36 v=+0.00 w=-1.00 personLvl=0
[INFO] [1784739995.751621068] [yolo_navigator]: [FTG] gap=-0.14 W=5.37
[INFO] [1784739999.852987258] [yolo_navigator]: [STATUS] mode=FTG front=10.00 L=0.93 R=5.64 gap=+0.10 v=+0.35 w=-0.27 personLvl=0
[INFO] [1784740004.902029845] [yolo_navigator]: [STATUS] mode=FTG front=10.00 L=2.84 R=5.31 gap=+0.28 v=+0.26 w=-0.03 personLvl=0
[INFO] [1784740009.901959989] [yolo_navigator]: [STATUS] mode=FTG front=10.00 L=2.34 R=5.02 gap=+0.31 v=+0.25 w=+0.01 personLvl=0
[INFO] [1784740014.936403295] [yolo_navigator]: [STATUS] mode=FTG front=10.00 L=1.91 R=4.76 gap=+0.32 v=+0.25 w=+0.01 personLvl=0
[INFO] [1784740019.951836060] [yolo_navigator]: [STATUS] mode=FTG front=10.00 L=1.57 R=4.51 gap=+0.34 v=+0.24 w=+0.03 personLvl=0
[INFO] [1784740025.023902185] [yolo_navigator]: [STATUS] mode=FTG front=10.00 L=1.35 R=2.97 gap=+0.33 v=+0.24 w=-0.00 personLvl=0
[INFO] [1784740030.052015901] [yolo_navigator]: [STATUS] mode=FTG front=10.00 L=1.40 R=2.08 gap=+0.40 v=+0.21 w=+0.09 personLvl=0
[INFO] [1784740035.083461600] [yolo_navigator]: [STATUS] mode=FTG front=10.00 L=1.35 R=1.23 gap=+0.20 v=+0.30 w=+0.10 personLvl=0
[INFO] [1784740040.101863660] [yolo_navigator]: [STATUS] mode=FTG front=10.00 L=1.99 R=0.85 gap=+0.14 v=+0.33 w=+0.02 personLvl=0
[INFO] [1784740045.151664560] [yolo_navigator]: [STATUS] mode=FTG front=10.00 L=3.26 R=0.66 gap=+0.15 v=+0.33 w=+0.02 personLvl=0
[INFO] [1784740050.202021348] [yolo_navigator]: [STATUS] mode=FTG front=10.00 L=2.89 R=2.20 gap=-0.14 v=+0.33 w=-0.02 personLvl=0
[INFO] [1784740052.552062517] [yolo_navigator]: [PERSON] level=2 h=260px
[INFO] [1784740053.752225527] [yolo_navigator]: [PERSON] level=0 h=0px
[INFO] [1784740055.207321175] [yolo_navigator]: [STATUS] mode=FTG front=10.00 L=2.59 R=1.86 gap=+0.16 v=+0.32 w=+0.05 personLvl=0
[INFO] [1784740060.251599348] [yolo_navigator]: [STATUS] mode=FTG front=10.00 L=1.77 R=1.75 gap=+0.16 v=+0.32 w=+0.05 personLvl=0
[INFO] [1784740065.300814930] [yolo_navigator]: [STATUS] mode=FTG front=10.00 L=1.11 R=1.19 gap=+0.03 v=+0.39 w=-0.03 personLvl=0
[INFO] [1784740070.386074239] [yolo_navigator]: [STATUS] mode=FTG front=10.00 L=1.69 R=2.34 gap=+0.62 v=+0.10 w=+0.53 personLvl=0
[INFO] [1784740075.402006296] [yolo_navigator]: [STATUS] mode=FTG front=10.00 L=1.43 R=2.19 gap=+0.24 v=+0.28 w=+0.06 personLvl=0
[INFO] [1784740080.402389948] [yolo_navigator]: [STATUS] mode=FTG front=10.00 L=1.46 R=2.17 gap=+0.24 v=+0.29 w=+0.07 personLvl=0
[INFO] [1784740085.451571528] [yolo_navigator]: [STATUS] mode=FTG front=10.00 L=1.39 R=2.40 gap=+0.25 v=+0.28 w=+0.09 personLvl=0
[INFO] [1784740090.460869329] [yolo_navigator]: [STATUS] mode=FTG front=10.00 L=1.15 R=2.20 gap=+0.57 v=+0.13 w=+0.15 personLvl=0
[INFO] [1784740090.803186849] [yolo_navigator]: [WEDGE] open=+0.40
[INFO] [1784740091.154971440] [yolo_navigator]: [FTG] gap=-0.03 W=7.93
[INFO] [1784740095.451905668] [yolo_navigator]: [STATUS] mode=FTG front=10.00 L=0.69 R=1.81 gap=-0.00 v=+0.40 w=-0.27 personLvl=0
[INFO] [1784740100.507278598] [yolo_navigator]: [STATUS] mode=FTG front=10.00 L=0.85 R=1.32 gap=+0.39 v=+0.21 w=+0.13 personLvl=0
[INFO] [1784740105.507687095] [yolo_navigator]: [STATUS] mode=FTG front=1.18 L=2.39 R=0.93 gap=+0.60 v=+0.11 w=+0.34 personLvl=0
[INFO] [1784740110.550557242] [yolo_navigator]: [STATUS] mode=FTG front=0.80 L=2.71 R=0.60 gap=+0.44 v=+0.19 w=+0.13 personLvl=0
[INFO] [1784740115.550958354] [yolo_navigator]: [STATUS] mode=FTG front=0.46 L=3.58 R=0.39 gap=+0.35 v=+0.09 w=+0.01 personLvl=0
[INFO] [1784740117.260585404] [yolo_navigator]: [ROTATE_OPEN] front=0.40 open=+1.36
[INFO] [1784740118.002160975] [yolo_navigator]: [FTG] gap=+0.34 W=2.97
[INFO] [1784740120.551615291] [yolo_navigator]: [STATUS] mode=FTG front=10.00 L=3.08 R=0.62 gap=-0.20 v=+0.30 w=+0.16 personLvl=0
[INFO] [1784740125.601250827] [yolo_navigator]: [STATUS] mode=FTG front=10.00 L=2.78 R=0.99 gap=+0.38 v=+0.22 w=+0.05 personLvl=0
[INFO] [1784740130.696327832] [yolo_navigator]: [STATUS] mode=FTG front=10.00 L=2.26 R=1.42 gap=+0.35 v=+0.23 w=+0.03 personLvl=0
[INFO] [1784740135.703206700] [yolo_navigator]: [STATUS] mode=FTG front=10.00 L=1.71 R=1.98 gap=+0.34 v=+0.24 w=+0.01 personLvl=0
[INFO] [1784740140.706713372] [yolo_navigator]: [STATUS] mode=FTG front=10.00 L=1.23 R=2.53 gap=+0.35 v=+0.23 w=+0.01 personLvl=0
[INFO] [1784740145.753895443] [yolo_navigator]: [STATUS] mode=FTG front=10.00 L=0.87 R=3.13 gap=+0.35 v=+0.23 w=+0.01 personLvl=0
[INFO] [1784740150.769166161] [yolo_navigator]: [STATUS] mode=FTG front=10.00 L=0.83 R=2.54 gap=+0.42 v=+0.20 w=+0.16 personLvl=0
[INFO] [1784740155.804580733] [yolo_navigator]: [STATUS] mode=FTG front=10.00 L=2.61 R=1.87 gap=+0.30 v=+0.26 w=-0.01 personLvl=0
[INFO] [1784740160.810942442] [yolo_navigator]: [STATUS] mode=FTG front=1.19 L=2.47 R=1.20 gap=+0.41 v=+0.20 w=+0.10 personLvl=0
[INFO] [1784740165.851285417] [yolo_navigator]: [STATUS] mode=FTG front=0.59 L=2.46 R=0.62 gap=+0.34 v=+0.17 w=+0.00 personLvl=0
[INFO] [1784740168.758690646] [yolo_navigator]: [ROTATE_OPEN] front=0.40 open=+0.37
[INFO] [1784740170.201020983] [yolo_navigator]: [FTG] gap=+0.01 W=7.34
[INFO] [1784740170.852025075] [yolo_navigator]: [STATUS] mode=FTG front=10.00 L=2.37 R=0.47 gap=-0.25 v=+0.28 w=+0.18 personLvl=0
[INFO] [1784740175.919760685] [yolo_navigator]: [STATUS] mode=FTG front=10.00 L=1.96 R=1.08 gap=+0.27 v=+0.27 w=-0.10 personLvl=0
[INFO] [1784740180.951492932] [yolo_navigator]: [STATUS] mode=FTG front=10.00 L=1.94 R=3.55 gap=+0.32 v=+0.25 w=-0.04 personLvl=0
[INFO] [1784740185.951163893] [yolo_navigator]: [STATUS] mode=FTG front=10.00 L=4.22 R=3.23 gap=-0.32 v=+0.25 w=+0.04 personLvl=0
[INFO] [1784740190.951978553] [yolo_navigator]: [STATUS] mode=FTG front=10.00 L=2.19 R=3.13 gap=+0.14 v=+0.33 w=+0.45 personLvl=0
[INFO] [1784740196.002872838] [yolo_navigator]: [STATUS] mode=FTG front=10.00 L=2.04 R=4.08 gap=-0.23 v=+0.29 w=-0.02 personLvl=0
[INFO] [1784740201.001904426] [yolo_navigator]: [STATUS] mode=FTG front=10.00 L=2.52 R=3.58 gap=-0.39 v=+0.21 w=-0.05 personLvl=0
[INFO] [1784740206.094586633] [yolo_navigator]: [STATUS] mode=FTG front=10.00 L=2.17 R=3.12 gap=-0.38 v=+0.22 w=-0.02 personLvl=0
[INFO] [1784740211.052015343] [yolo_navigator]: [STATUS] mode=FTG front=10.00 L=1.89 R=2.85 gap=-0.08 v=+0.36 w=-0.19 personLvl=0
[INFO] [1784740216.112116653] [yolo_navigator]: [STATUS] mode=FTG front=10.00 L=2.45 R=1.26 gap=+0.00 v=+0.40 w=+0.23 personLvl=0
[INFO] [1784740216.402493850] [yolo_navigator]: [PERSON] level=1 h=154px
[INFO] [1784740219.657185063] [yolo_navigator]: [PERSON] level=0 h=0px
[INFO] [1784740221.121687118] [yolo_navigator]: [STATUS] mode=FTG front=10.00 L=2.01 R=0.68 gap=-0.09 v=+0.36 w=-0.02 personLvl=0
[INFO] [1784740226.156136918] [yolo_navigator]: [STATUS] mode=FTG front=10.00 L=1.50 R=0.91 gap=-0.10 v=+0.35 w=-0.01 personLvl=0
[INFO] [1784740231.201783671] [yolo_navigator]: [STATUS] mode=FTG front=10.00 L=1.39 R=1.39 gap=-0.11 v=+0.35 w=-0.02 personLvl=0
[INFO] [1784740236.207616299] [yolo_navigator]: [STATUS] mode=FTG front=10.00 L=2.08 R=2.73 gap=+0.28 v=+0.27 w=+0.06 personLvl=0
[INFO] [1784740241.251394359] [yolo_navigator]: [STATUS] mode=FTG front=10.00 L=1.59 R=2.35 gap=+0.17 v=+0.32 w=+0.05 personLvl=0
[INFO] [1784740246.300767598] [yolo_navigator]: [STATUS] mode=FTG front=10.00 L=0.93 R=1.64 gap=+0.20 v=+0.30 w=+0.11 personLvl=0
[INFO] [1784740251.302058630] [yolo_navigator]: [STATUS] mode=FTG front=10.00 L=0.82 R=1.50 gap=+0.13 v=+0.34 w=+0.01 personLvl=0
[INFO] [1784740256.321050603] [yolo_navigator]: [STATUS] mode=FTG front=10.00 L=1.25 R=2.50 gap=+0.26 v=+0.27 w=+0.13 personLvl=0
[INFO] [1784740261.351523886] [yolo_navigator]: [STATUS] mode=FTG front=10.00 L=1.32 R=2.34 gap=+0.25 v=+0.28 w=+0.11 personLvl=0
[INFO] [1784740266.373616119] [yolo_navigator]: [STATUS] mode=FTG front=10.00 L=1.29 R=2.43 gap=+0.29 v=+0.26 w=+0.15 personLvl=0
[INFO] [1784740271.410581606] [yolo_navigator]: [STATUS] mode=FTG front=10.00 L=1.10 R=2.20 gap=+0.64 v=+0.10 w=+0.24 personLvl=0
[INFO] [1784740276.401247398] [yolo_navigator]: [STATUS] mode=FTG front=10.00 L=0.76 R=1.91 gap=-0.05 v=+0.37 w=-0.33 personLvl=0
[INFO] [1784740281.401011922] [yolo_navigator]: [STATUS] mode=FTG front=10.00 L=0.74 R=1.38 gap=+0.36 v=+0.22 w=+0.10 personLvl=0
[INFO] [1784740286.451038661] [yolo_navigator]: [STATUS] mode=FTG front=10.00 L=2.95 R=0.99 gap=+0.53 v=+0.15 w=+0.25 personLvl=0
[INFO] [1784740291.451985945] [yolo_navigator]: [STATUS] mode=FTG front=0.85 L=2.52 R=0.63 gap=+0.47 v=+0.17 w=+0.17 personLvl=0
[INFO] [1784740296.468497816] [yolo_navigator]: [STATUS] mode=FTG front=0.51 L=3.70 R=0.41 gap=+0.35 v=+0.12 w=+0.01 personLvl=0
[INFO] [1784740298.851588111] [yolo_navigator]: [ROTATE_OPEN] front=0.40 open=+1.36
[INFO] [1784740299.600790613] [yolo_navigator]: [FTG] gap=+0.32 W=2.01
[INFO] [1784740301.510358837] [yolo_navigator]: [STATUS] mode=FTG front=10.00 L=3.58 R=0.49 gap=-0.09 v=+0.35 w=+0.30 personLvl=0
[INFO] [1784740306.566170211] [yolo_navigator]: [STATUS] mode=FTG front=10.00 L=2.87 R=0.91 gap=+0.41 v=+0.20 w=+0.10 personLvl=0
[INFO] [1784740311.600819650] [yolo_navigator]: [STATUS] mode=FTG front=10.00 L=2.26 R=1.41 gap=+0.36 v=+0.23 w=+0.05 personLvl=0
[INFO] [1784740316.652002198] [yolo_navigator]: [STATUS] mode=FTG front=10.00 L=1.73 R=1.96 gap=+0.34 v=+0.24 w=+0.01 personLvl=0
[INFO] [1784740321.701080675] [yolo_navigator]: [STATUS] mode=FTG front=10.00 L=1.24 R=2.51 gap=+0.35 v=+0.23 w=+0.01 personLvl=0
[INFO] [1784740326.702091180] [yolo_navigator]: [STATUS] mode=FTG front=10.00 L=0.89 R=3.10 gap=+0.35 v=+0.23 w=+0.01 personLvl=0
[INFO] [1784740331.751981411] [yolo_navigator]: [STATUS] mode=FTG front=10.00 L=0.77 R=2.64 gap=+0.40 v=+0.21 w=+0.13 personLvl=0
[INFO] [1784740336.801799562] [yolo_navigator]: [STATUS] mode=FTG front=10.00 L=2.64 R=1.97 gap=+0.31 v=+0.25 w=+0.02 personLvl=0
[INFO] [1784740341.801994746] [yolo_navigator]: [STATUS] mode=FTG front=10.00 L=2.48 R=1.24 gap=+0.41 v=+0.20 w=+0.10 personLvl=0
[INFO] [1784740346.898814494] [yolo_navigator]: [STATUS] mode=FTG front=0.62 L=2.47 R=0.66 gap=+0.36 v=+0.18 w=+0.03 personLvl=0
[INFO] [1784740350.251567614] [yolo_navigator]: [ROTATE_OPEN] front=0.39 open=+0.37
[INFO] [1784740351.651377901] [yolo_navigator]: [FTG] gap=+0.05 W=7.18
[INFO] [1784740351.902156809] [yolo_navigator]: [STATUS] mode=FTG front=0.43 L=2.39 R=0.45 gap=-0.03 v=+0.11 w=+0.39 personLvl=0
[INFO] [1784740356.964110640] [yolo_navigator]: [STATUS] mode=FTG front=10.00 L=1.88 R=4.09 gap=-0.05 v=+0.38 w=+0.25 personLvl=0
[INFO] [1784740362.000800646] [yolo_navigator]: [STATUS] mode=FTG front=10.00 L=1.26 R=4.35 gap=-0.25 v=+0.28 w=-0.00 personLvl=0
[INFO] [1784740367.051765725] [yolo_navigator]: [STATUS] mode=FTG front=10.00 L=0.91 R=5.60 gap=-0.29 v=+0.26 w=-0.01 personLvl=0
[INFO] [1784740372.081800719] [yolo_navigator]: [STATUS] mode=FTG front=10.00 L=0.95 R=4.95 gap=-0.30 v=+0.26 w=-0.02 personLvl=0
[INFO] [1784740377.100840324] [yolo_navigator]: [STATUS] mode=FTG front=10.00 L=1.11 R=4.49 gap=+0.58 v=+0.12 w=+0.34 personLvl=0
[INFO] [1784740382.122736888] [yolo_navigator]: [STATUS] mode=FTG front=10.00 L=1.11 R=1.79 gap=+0.34 v=+0.24 w=+0.02 personLvl=0
[INFO] [1784740387.201027598] [yolo_navigator]: [STATUS] mode=FTG front=10.00 L=1.10 R=1.31 gap=+0.13 v=+0.34 w=+0.03 personLvl=0
[INFO] [1784740392.202046166] [yolo_navigator]: [STATUS] mode=FTG front=10.00 L=3.35 R=1.01 gap=+0.13 v=+0.34 w=+0.01 personLvl=0
[INFO] [1784740397.251779437] [yolo_navigator]: [STATUS] mode=FTG front=10.00 L=2.99 R=0.78 gap=+0.10 v=+0.35 w=+0.28 personLvl=0
[INFO] [1784740402.301421430] [yolo_navigator]: [STATUS] mode=FTG front=10.00 L=2.69 R=2.02 gap=+0.77 v=+0.10 w=+0.84 personLvl=0
[INFO] [1784740402.902177853] [yolo_navigator]: [PERSON] level=2 h=260px
[INFO] [1784740403.308183430] [yolo_navigator]: [PERSON] level=0 h=0px
[INFO] [1784740407.352080854] [yolo_navigator]: [STATUS] mode=FTG front=10.00 L=2.11 R=1.83 gap=+0.15 v=+0.33 w=+0.03 personLvl=0
[INFO] [1784740412.414165453] [yolo_navigator]: [STATUS] mode=FTG front=10.00 L=1.42 R=1.52 gap=+0.01 v=+0.40 w=-0.04 personLvl=0
[INFO] [1784740417.451187491] [yolo_navigator]: [STATUS] mode=FTG front=10.00 L=1.09 R=1.11 gap=-0.00 v=+0.40 w=-0.07 personLvl=0
[INFO] [1784740422.452598343] [yolo_navigator]: [STATUS] mode=FTG front=10.00 L=1.37 R=2.31 gap=+0.27 v=+0.27 w=+0.11 personLvl=0
[INFO] [1784740427.459357066] [yolo_navigator]: [STATUS] mode=FTG front=10.00 L=1.43 R=2.20 gap=+0.26 v=+0.28 w=+0.09 personLvl=0
[INFO] [1784740432.513426957] [yolo_navigator]: [STATUS] mode=FTG front=10.00 L=1.41 R=2.26 gap=+0.27 v=+0.27 w=+0.12 personLvl=0
[INFO] [1784740437.552933204] [yolo_navigator]: [STATUS] mode=FTG front=10.00 L=1.23 R=2.27 gap=+0.87 v=+0.10 w=+0.58 personLvl=0
[INFO] [1784740442.612541855] [yolo_navigator]: [STATUS] mode=FTG front=10.00 L=0.90 R=1.96 gap=+0.67 v=+0.10 w=+0.34 personLvl=0
[INFO] [1784740447.651694389] [yolo_navigator]: [STATUS] mode=FTG front=10.00 L=0.54 R=1.59 gap=+0.03 v=+0.38 w=-0.24 personLvl=0
[INFO] [1784740452.700990309] [yolo_navigator]: [STATUS] mode=FTG front=10.00 L=1.00 R=1.16 gap=+0.32 v=+0.25 w=+0.03 personLvl=0
[INFO] [1784740457.701144924] [yolo_navigator]: [STATUS] mode=FTG front=1.00 L=2.39 R=0.76 gap=+0.16 v=+0.32 w=-0.12 personLvl=0
[INFO] [1784740462.701873859] [yolo_navigator]: [STATUS] mode=FTG front=0.71 L=3.94 R=0.49 gap=+0.35 v=+0.23 w=+0.01 personLvl=0
[INFO] [1784740466.352049389] [yolo_navigator]: [ROTATE_OPEN] front=0.39 open=+1.36
[INFO] [1784740466.701383026] [yolo_navigator]: [FTG] gap=+0.34 W=2.89
[INFO] [1784740467.703319928] [yolo_navigator]: [STATUS] mode=FTG front=10.00 L=3.76 R=0.38 gap=+0.00 v=+0.40 w=+0.91 personLvl=0
[INFO] [1784740472.776426546] [yolo_navigator]: [STATUS] mode=FTG front=10.00 L=2.96 R=0.87 gap=+0.34 v=+0.23 w=-0.06 personLvl=0
[INFO] [1784740477.824939634] [yolo_navigator]: [STATUS] mode=FTG front=10.00 L=2.42 R=1.26 gap=+0.36 v=+0.23 w=+0.05 personLvl=0
[INFO] [1784740482.852000609] [yolo_navigator]: [STATUS] mode=FTG front=10.00 L=1.88 R=1.79 gap=+0.36 v=+0.23 w=+0.04 personLvl=0
[INFO] [1784740487.878509662] [yolo_navigator]: [STATUS] mode=FTG front=10.00 L=1.39 R=2.33 gap=+0.35 v=+0.23 w=+0.01 personLvl=0
[INFO] [1784740492.901517533] [yolo_navigator]: [STATUS] mode=FTG front=10.00 L=0.98 R=2.92 gap=+0.35 v=+0.23 w=+0.01 personLvl=0
[INFO] [1784740497.904556866] [yolo_navigator]: [STATUS] mode=FTG front=10.00 L=0.79 R=2.73 gap=+0.45 v=+0.18 w=+0.20 personLvl=0
[INFO] [1784740502.951758241] [yolo_navigator]: [STATUS] mode=FTG front=10.00 L=2.68 R=2.08 gap=+0.31 v=+0.25 w=+0.02 personLvl=0
[INFO] [1784740508.023542852] [yolo_navigator]: [STATUS] mode=FTG front=10.00 L=2.51 R=1.41 gap=+0.28 v=+0.26 w=+0.04 personLvl=0
[INFO] [1784740513.051567835] [yolo_navigator]: [STATUS] mode=FTG front=0.80 L=2.44 R=0.82 gap=+0.34 v=+0.24 w=+0.00 personLvl=0
[INFO] [1784740517.851422842] [yolo_navigator]: [ROTATE_OPEN] front=0.39 open=+0.38
[INFO] [1784740518.073002300] [yolo_navigator]: [STATUS] mode=ROTATE_OPEN front=0.39 L=2.57 R=0.44 gap=+0.39 v=+0.00 w=+1.00 personLvl=0
[INFO] [1784740519.450541592] [yolo_navigator]: [FTG] gap=-0.01 W=4.49
[INFO] [1784740523.102766940] [yolo_navigator]: [STATUS] mode=FTG front=10.00 L=2.09 R=1.02 gap=-0.00 v=+0.40 w=+0.23 personLvl=0
[INFO] [1784740528.151537783] [yolo_navigator]: [STATUS] mode=FTG front=10.00 L=1.86 R=1.80 gap=-0.15 v=+0.33 w=+0.27 personLvl=0
[INFO] [1784740533.152007242] [yolo_navigator]: [STATUS] mode=FTG front=10.00 L=2.37 R=3.35 gap=-0.52 v=+0.15 w=-0.10 personLvl=0
[INFO] [1784740538.202054181] [yolo_navigator]: [STATUS] mode=FTG front=10.00 L=2.31 R=3.18 gap=+0.26 v=+0.28 w=+0.61 personLvl=0
[INFO] [1784740543.251955983] [yolo_navigator]: [STATUS] mode=FTG front=10.00 L=1.92 R=4.25 gap=-0.23 v=+0.29 w=-0.02 personLvl=0
[INFO] [1784740548.304042324] [yolo_navigator]: [STATUS] mode=FTG front=10.00 L=2.48 R=3.67 gap=-0.48 v=+0.17 w=-0.16 personLvl=0
[INFO] [1784740553.351716097] [yolo_navigator]: [STATUS] mode=FTG front=10.00 L=2.14 R=3.24 gap=-0.38 v=+0.22 w=-0.02 personLvl=0
[INFO] [1784740558.402189034] [yolo_navigator]: [STATUS] mode=FTG front=10.00 L=1.68 R=2.97 gap=+0.21 v=+0.30 w=-0.08 personLvl=0
[INFO] [1784740563.402282034] [yolo_navigator]: [STATUS] mode=FTG front=10.00 L=1.13 R=2.52 gap=+0.12 v=+0.34 w=+0.10 personLvl=0
[INFO] [1784740566.301635121] [yolo_navigator]: [WEDGE] open=+0.17
[INFO] [1784740566.800594537] [yolo_navigator]: [FTG] gap=+0.37 W=2.27
[INFO] [1784740568.451826267] [yolo_navigator]: [STATUS] mode=FTG front=10.00 L=0.54 R=2.17 gap=-0.21 v=+0.30 w=-0.54 personLvl=0
[INFO] [1784740573.506503733] [yolo_navigator]: [STATUS] mode=FTG front=10.00 L=1.47 R=1.71 gap=+0.30 v=+0.26 w=+0.13 personLvl=0
[INFO] [1784740578.552289366] [yolo_navigator]: [STATUS] mode=FTG front=10.00 L=1.73 R=1.37 gap=+0.27 v=+0.27 w=+0.24 personLvl=0
[INFO] [1784740583.553794133] [yolo_navigator]: [STATUS] mode=FTG front=10.00 L=1.90 R=1.22 gap=+0.05 v=+0.38 w=+0.07 personLvl=0
[INFO] [1784740588.556427972] [yolo_navigator]: [STATUS] mode=FTG front=10.00 L=1.52 R=1.16 gap=-0.55 v=+0.14 w=-0.99 personLvl=0
[INFO] [1784740593.602282719] [yolo_navigator]: [STATUS] mode=FTG front=10.00 L=1.50 R=1.03 gap=+0.28 v=+0.26 w=+0.07 personLvl=0
[INFO] [1784740598.651899083] [yolo_navigator]: [STATUS] mode=FTG front=10.00 L=1.30 R=1.09 gap=+0.29 v=+0.26 w=+0.10 personLvl=0
[INFO] [1784740603.702270034] [yolo_navigator]: [STATUS] mode=FTG front=10.00 L=0.97 R=1.29 gap=+0.35 v=+0.23 w=+0.19 personLvl=0
[INFO] [1784740605.351601516] [yolo_navigator]: [WEDGE] open=+0.63
[INFO] [1784740605.401520549] [yolo_navigator]: [FTG] gap=+0.53 W=0.51
[INFO] [1784740605.500455438] [yolo_navigator]: [WEDGE] open=+0.59
[INFO] [1784740605.602189283] [yolo_navigator]: [FTG] gap=+0.50 W=0.52
[INFO] [1784740605.701172785] [yolo_navigator]: [WEDGE] open=+0.56
[INFO] [1784740605.806313420] [yolo_navigator]: [FTG] gap=+0.46 W=0.52
[INFO] [1784740606.001705217] [yolo_navigator]: [WEDGE] open=+0.52
[INFO] [1784740606.100486193] [yolo_navigator]: [FTG] gap=+0.41 W=0.53
[INFO] [1784740608.752185248] [yolo_navigator]: [STATUS] mode=FTG front=1.17 L=0.49 R=0.92 gap=+0.46 v=+0.18 w=+0.20 personLvl=0
[INFO] [1784740613.777198809] [yolo_navigator]: [STATUS] mode=FTG front=0.80 L=0.44 R=0.59 gap=+0.46 v=+0.18 w=+0.15 personLvl=0
[INFO] [1784740618.824047400] [yolo_navigator]: [STATUS] mode=FTG front=0.45 L=0.52 R=0.38 gap=+0.35 v=+0.08 w=+0.01 personLvl=0
[INFO] [1784740620.251279771] [yolo_navigator]: [ROTATE_OPEN] front=0.40 open=+0.51
[INFO] [1784740621.007426117] [yolo_navigator]: [FTG] gap=+0.34 W=2.15
[INFO] [1784740623.242016893] [yolo_navigator]: [ROTATE_OPEN] front=0.38 open=+0.44
[INFO] [1784740623.451272070] [yolo_navigator]: [REVERSE] front=0.31 dir=+1
[INFO] [1784740623.851840254] [yolo_navigator]: [STATUS] mode=REVERSE front=0.23 L=0.52 R=0.29 gap=+0.30 v=-0.30 w=+0.80 personLvl=0
[INFO] [1784740624.101440208] [yolo_navigator]: [FTG] gap=-0.01 W=4.11
[INFO] [1784740626.700591035] [yolo_navigator]: [ROTATE_OPEN] front=0.38 open=+0.47
[INFO] [1784740626.900883542] [yolo_navigator]: [REVERSE] front=0.29 dir=+1
[INFO] [1784740627.701624647] [yolo_navigator]: [FTG] gap=+0.09 W=2.11
[INFO] [1784740628.900814038] [yolo_navigator]: [STATUS] mode=FTG front=0.56 L=0.38 R=0.33 gap=-0.02 v=+0.25 w=-0.34 personLvl=0
[INFO] [1784740630.650752367] [yolo_navigator]: [ROTATE_OPEN] front=0.37 open=+0.47
[INFO] [1784740630.851266518] [yolo_navigator]: [REVERSE] front=0.26 dir=+1
[INFO] [1784740630.851800304] [yolo_navigator]: [COMMIT] Ταλάντωση σε περατό στενό (W=3.40) -> αποφασιστικό πέρασμα
[INFO] [1784740630.901029353] [yolo_navigator]: [COMMIT] steer=-0.40 front=0.24
[INFO] [1784740631.201294784] [yolo_navigator]: [COMMIT] Απέτυχε (front<0.15), αποτυχία #1
[INFO] [1784740631.202043941] [yolo_navigator]: [REVERSE] front=0.14 dir=+1
[INFO] [1784740632.500921568] [yolo_navigator]: [FTG] gap=+0.08 W=3.25
[INFO] [1784740633.300855054] [yolo_navigator]: [ROTATE_OPEN] front=0.39 open=+0.10
[INFO] [1784740633.350424487] [yolo_navigator]: [TRAP] L=0.35 R=0.32
[INFO] [1784740633.350845295] [yolo_navigator]: [WALL_FOLLOW] 5x REVERSE/TRAP σε 60s -> ακολουθώ τον δεξιό τοίχο για 25s (L=0.35 R=0.32)
[INFO] [1784740633.402951173] [yolo_navigator]: [WALL_FOLLOW] side=R d=0.32 front=0.37
[INFO] [1784740633.944132660] [yolo_navigator]: [STATUS] mode=WALL_FOLLOW front=0.35 L=0.33 R=0.32 gap=+0.02 v=+0.00 w=+1.00 personLvl=0
[INFO] [1784740638.950752930] [yolo_navigator]: [STATUS] mode=WALL_FOLLOW front=0.19 L=0.67 R=0.29 gap=+1.21 v=+0.00 w=+1.00 personLvl=0
[INFO] [1784740643.951935516] [yolo_navigator]: [STATUS] mode=WALL_FOLLOW front=10.00 L=0.31 R=0.49 gap=+0.05 v=+0.22 w=+0.02 personLvl=0
[INFO] [1784740648.962353806] [yolo_navigator]: [STATUS] mode=WALL_FOLLOW front=10.00 L=0.32 R=0.60 gap=-0.50 v=+0.22 w=-0.15 personLvl=0
[INFO] [1784740654.012393883] [yolo_navigator]: [STATUS] mode=WALL_FOLLOW front=10.00 L=0.54 R=1.71 gap=-0.81 v=+0.22 w=-1.00 personLvl=0
[INFO] [1784740658.402127858] [yolo_navigator]: [FTG] gap=+0.18 W=6.15
[INFO] [1784740659.051823972] [yolo_navigator]: [STATUS] mode=FTG front=10.00 L=1.62 R=0.69 gap=-0.12 v=+0.34 w=+0.27 personLvl=0
[INFO] [1784740664.051660535] [yolo_navigator]: [STATUS] mode=FTG front=10.00 L=1.20 R=2.83 gap=-0.33 v=+0.24 w=-0.05 personLvl=0
[INFO] [1784740669.055904895] [yolo_navigator]: [STATUS] mode=FTG front=10.00 L=0.85 R=2.78 gap=-0.04 v=+0.38 w=+0.26 personLvl=0
[INFO] [1784740674.111542405] [yolo_navigator]: [STATUS] mode=FTG front=0.79 L=0.53 R=2.83 gap=-0.37 v=+0.22 w=-0.03 personLvl=0
[INFO] [1784740679.101846280] [yolo_navigator]: [STATUS] mode=FTG front=0.40 L=0.36 R=2.85 gap=-0.34 v=+0.05 w=+0.01 personLvl=0
[INFO] [1784740679.150517232] [yolo_navigator]: [ROTATE_OPEN] front=0.40 open=-0.96
[INFO] [1784740680.001100112] [yolo_navigator]: [FTG] gap=-0.30 W=2.11
[INFO] [1784740684.151885072] [yolo_navigator]: [STATUS] mode=FTG front=10.00 L=0.63 R=2.40 gap=-0.14 v=+0.33 w=+0.21 personLvl=0
[INFO] [1784740689.281162747] [yolo_navigator]: [STATUS] mode=FTG front=10.00 L=0.94 R=1.78 gap=-0.17 v=+0.32 w=+0.17 personLvl=0
[INFO] [1784740694.301229576] [yolo_navigator]: [STATUS] mode=FTG front=10.00 L=1.24 R=1.25 gap=-0.19 v=+0.31 w=+0.15 personLvl=0
[INFO] [1784740699.351020191] [yolo_navigator]: [STATUS] mode=FTG front=10.00 L=1.56 R=1.65 gap=+0.28 v=+0.26 w=-0.06 personLvl=0
[INFO] [1784740704.378619534] [yolo_navigator]: [STATUS] mode=FTG front=10.00 L=1.87 R=3.64 gap=+0.31 v=+0.25 w=-0.04 personLvl=0
[INFO] [1784740709.401964604] [yolo_navigator]: [STATUS] mode=FTG front=10.00 L=2.13 R=3.48 gap=+0.33 v=+0.24 w=-0.02 personLvl=0
[INFO] [1784740714.475839565] [yolo_navigator]: [STATUS] mode=FTG front=10.00 L=2.38 R=3.48 gap=+0.36 v=+0.23 w=+0.02 personLvl=0
[INFO] [1784740719.501736023] [yolo_navigator]: [STATUS] mode=FTG front=10.00 L=2.59 R=4.49 gap=+0.37 v=+0.22 w=+0.02 personLvl=0
[INFO] [1784740724.551902417] [yolo_navigator]: [STATUS] mode=FTG front=10.00 L=2.65 R=4.07 gap=+0.27 v=+0.27 w=-0.10 personLvl=0
[INFO] [1784740729.551808914] [yolo_navigator]: [STATUS] mode=FTG front=10.00 L=3.08 R=2.64 gap=+0.40 v=+0.21 w=+0.10 personLvl=0
[INFO] [1784740734.600668098] [yolo_navigator]: [STATUS] mode=FTG front=10.00 L=2.53 R=1.28 gap=+0.10 v=+0.35 w=+0.47 personLvl=0
[INFO] [1784740739.731381187] [yolo_navigator]: [STATUS] mode=FTG front=10.00 L=2.04 R=1.11 gap=-0.28 v=+0.27 w=-0.01 personLvl=0
[INFO] [1784740744.730271010] [yolo_navigator]: [STATUS] mode=FTG front=10.00 L=1.60 R=1.25 gap=-0.29 v=+0.26 w=-0.02 personLvl=0
[INFO] [1784740749.751666530] [yolo_navigator]: [STATUS] mode=FTG front=10.00 L=1.19 R=3.52 gap=-0.28 v=+0.26 w=-0.02 personLvl=0
[INFO] [1784740754.750809342] [yolo_navigator]: [STATUS] mode=FTG front=10.00 L=0.84 R=3.12 gap=-0.43 v=+0.19 w=-0.80 personLvl=0
[INFO] [1784740759.935813539] [yolo_navigator]: [STATUS] mode=FTG front=10.00 L=0.93 R=2.38 gap=-0.09 v=+0.36 w=-0.02 personLvl=0
[INFO] [1784740764.951403073] [yolo_navigator]: [STATUS] mode=FTG front=10.00 L=1.23 R=1.55 gap=-0.16 v=+0.32 w=-0.04 personLvl=0
[INFO] [1784740769.951067732] [yolo_navigator]: [STATUS] mode=FTG front=10.00 L=1.28 R=0.90 gap=-0.15 v=+0.33 w=-0.06 personLvl=0
[INFO] [1784740774.969453598] [yolo_navigator]: [STATUS] mode=FTG front=10.00 L=1.72 R=0.76 gap=-0.27 v=+0.27 w=-0.05 personLvl=0
[INFO] [1784740780.001853819] [yolo_navigator]: [STATUS] mode=FTG front=10.00 L=2.06 R=0.78 gap=-0.20 v=+0.30 w=+0.01 personLvl=0
[INFO] [1784740785.012237659] [yolo_navigator]: [STATUS] mode=FTG front=10.00 L=1.68 R=0.66 gap=-0.01 v=+0.40 w=+0.27 personLvl=0
[INFO] [1784740790.052670234] [yolo_navigator]: [STATUS] mode=FTG front=10.00 L=1.24 R=3.30 gap=-0.31 v=+0.25 w=-0.03 personLvl=0
[INFO] [1784740795.052433092] [yolo_navigator]: [STATUS] mode=FTG front=10.00 L=0.88 R=3.11 gap=+0.01 v=+0.40 w=+0.32 personLvl=0
[INFO] [1784740800.100854928] [yolo_navigator]: [STATUS] mode=FTG front=0.80 L=0.54 R=3.01 gap=-0.35 v=+0.23 w=-0.01 personLvl=0
[INFO] [1784740805.125928420] [yolo_navigator]: [STATUS] mode=FTG front=0.41 L=0.36 R=3.04 gap=-0.35 v=+0.05 w=-0.01 personLvl=0
[INFO] [1784740805.301114981] [yolo_navigator]: [ROTATE_OPEN] front=0.40 open=-1.24
[INFO] [1784740806.050622933] [yolo_navigator]: [FTG] gap=-0.32 W=2.36
[INFO] [1784740810.151870741] [yolo_navigator]: [STATUS] mode=FTG front=10.00 L=0.59 R=2.58 gap=+0.33 v=+0.24 w=+0.08 personLvl=0
[INFO] [1784740815.201575419] [yolo_navigator]: [STATUS] mode=FTG front=10.00 L=0.91 R=2.17 gap=+0.37 v=+0.22 w=+0.03 personLvl=0
[INFO] [1784740820.252949664] [yolo_navigator]: [STATUS] mode=FTG front=10.00 L=0.92 R=1.29 gap=+0.56 v=+0.13 w=+0.12 personLvl=0
[INFO] [1784740825.301170337] [yolo_navigator]: [STATUS] mode=FTG front=0.70 L=0.59 R=1.08 gap=-0.84 v=+0.10 w=-0.53 personLvl=0
[INFO] [1784740830.318019346] [yolo_navigator]: [STATUS] mode=FTG front=0.45 L=0.39 R=1.04 gap=-0.35 v=+0.08 w=-0.02 personLvl=0
[INFO] [1784740833.100496274] [yolo_navigator]: [ROTATE_OPEN] front=0.39 open=-0.63
[INFO] [1784740833.851336617] [yolo_navigator]: [FTG] gap=-0.26 W=1.48
[INFO] [1784740835.351496329] [yolo_navigator]: [STATUS] mode=FTG front=10.00 L=0.37 R=0.97 gap=+0.01 v=+0.39 w=+0.22 personLvl=0
[INFO] [1784740836.951442163] [yolo_navigator]: [ROTATE_OPEN] front=0.40 open=-0.59
[INFO] [1784740837.501421095] [yolo_navigator]: [REVERSE] front=0.31 dir=-1
[INFO] [1784740837.900445300] [yolo_navigator]: [FTG] gap=-0.07 W=1.68
[INFO] [1784740840.400916660] [yolo_navigator]: [STATUS] mode=FTG front=10.00 L=0.43 R=0.70 gap=+0.35 v=+0.23 w=-0.06 personLvl=0
[INFO] [1784740845.451910156] [yolo_navigator]: [STATUS] mode=FTG front=10.00 L=0.57 R=0.33 gap=-0.30 v=+0.26 w=-0.26 personLvl=0
[INFO] [1784740850.500615663] [yolo_navigator]: [STATUS] mode=FTG front=10.00 L=1.07 R=0.56 gap=-0.21 v=+0.30 w=+0.01 personLvl=0
[INFO] [1784740855.501270935] [yolo_navigator]: [STATUS] mode=FTG front=10.00 L=1.78 R=2.37 gap=-0.25 v=+0.28 w=+0.00 personLvl=0
[INFO] [1784740860.511720474] [yolo_navigator]: [STATUS] mode=FTG front=10.00 L=1.67 R=1.86 gap=+0.08 v=+0.36 w=+0.39 personLvl=0
[INFO] [1784740865.632826544] [yolo_navigator]: [STATUS] mode=FTG front=10.00 L=1.21 R=1.34 gap=-0.31 v=+0.25 w=-0.02 personLvl=0
[INFO] [1784740870.660220829] [yolo_navigator]: [STATUS] mode=FTG front=10.00 L=0.86 R=1.04 gap=-0.04 v=+0.38 w=+0.26 personLvl=0
[INFO] [1784740875.652315784] [yolo_navigator]: [STATUS] mode=FTG front=0.76 L=0.52 R=0.98 gap=-0.35 v=+0.23 w=-0.01 personLvl=0
[INFO] [1784740880.150676119] [yolo_navigator]: [ROTATE_OPEN] front=0.40 open=-0.86
[INFO] [1784740880.719270376] [yolo_navigator]: [STATUS] mode=ROTATE_OPEN front=0.39 L=0.36 R=3.40 gap=-0.35 v=+0.00 w=-1.00 personLvl=0
[INFO] [1784740880.900540553] [yolo_navigator]: [FTG] gap=-0.34 W=2.78
[INFO] [1784740885.758928713] [yolo_navigator]: [STATUS] mode=FTG front=10.00 L=0.38 R=3.62 gap=-0.02 v=+0.39 w=-0.88 personLvl=0
[INFO] [1784740887.402189565] [yolo_navigator]: [PERSON] level=1 h=121px
[INFO] [1784740890.810124394] [yolo_navigator]: [STATUS] mode=FTG front=10.00 L=0.75 R=2.94 gap=-0.08 v=+0.21 w=+0.34 personLvl=1
[INFO] [1784740895.851940183] [yolo_navigator]: [STATUS] mode=FTG front=10.00 L=0.93 R=2.49 gap=-0.12 v=+0.19 w=+0.30 personLvl=1
[INFO] [1784740900.901465050] [yolo_navigator]: [STATUS] mode=FTG front=10.00 L=1.07 R=2.05 gap=+0.08 v=+0.21 w=-0.21 personLvl=1
[INFO] [1784740905.955909084] [yolo_navigator]: [STATUS] mode=FTG front=10.00 L=1.25 R=1.64 gap=+0.12 v=+0.19 w=-0.23 personLvl=1
[INFO] [1784740910.975420927] [yolo_navigator]: [STATUS] mode=FTG front=10.00 L=1.45 R=1.29 gap=+0.13 v=+0.19 w=-0.16 personLvl=1
[INFO] [1784740913.310564994] [yolo_navigator]: [PERSON] level=2 h=204px
[INFO] [1784740916.002200562] [yolo_navigator]: [STATUS] mode=FTG front=10.00 L=1.60 R=1.13 gap=+0.16 v=+0.10 w=-0.12 personLvl=2
[INFO] [1784740921.053867085] [yolo_navigator]: [STATUS] mode=FTG front=10.00 L=1.72 R=1.08 gap=-0.16 v=+0.10 w=+0.25 personLvl=2
[INFO] [1784740925.551276580] [yolo_navigator]: [PERSON] level=0 h=0px
[INFO] [1784740925.918873208] [yolo_navigator]: [PERSON] level=2 h=246px
[INFO] [1784740926.100973865] [yolo_navigator]: [STATUS] mode=FTG front=10.00 L=1.75 R=1.29 gap=+0.19 v=+0.10 w=-0.15 personLvl=2
[INFO] [1784740931.102105146] [yolo_navigator]: [STATUS] mode=FTG front=10.00 L=1.85 R=1.50 gap=+0.20 v=+0.10 w=-0.13 personLvl=2
[INFO] [1784740931.665942854] [yolo_navigator]: [PERSON] level=0 h=0px
[INFO] [1784740932.151931147] [yolo_navigator]: [PERSON] level=2 h=252px
[INFO] [1784740934.353837586] [yolo_navigator]: [PERSON] level=0 h=0px
[INFO] [1784740934.863787359] [yolo_navigator]: [PERSON] level=2 h=254px
[INFO] [1784740936.151744040] [yolo_navigator]: [STATUS] mode=FTG front=10.00 L=2.05 R=1.67 gap=+0.24 v=+0.10 w=-0.03 personLvl=2
[INFO] [1784740940.052646462] [yolo_navigator]: [PERSON] level=0 h=0px
[INFO] [1784740941.164707063] [yolo_navigator]: [STATUS] mode=FTG front=10.00 L=2.07 R=2.07 gap=+0.28 v=+0.26 w=-0.08 personLvl=0
[INFO] [1784740946.200968989] [yolo_navigator]: [STATUS] mode=FTG front=10.00 L=2.14 R=2.07 gap=+0.33 v=+0.24 w=+0.05 personLvl=0
[INFO] [1784740951.201783369] [yolo_navigator]: [STATUS] mode=FTG front=10.00 L=2.23 R=1.49 gap=+0.33 v=+0.24 w=+0.04 personLvl=0
[INFO] [1784740956.250752716] [yolo_navigator]: [STATUS] mode=FTG front=10.00 L=2.29 R=1.01 gap=+0.31 v=+0.25 w=-0.01 personLvl=0
[INFO] [1784740961.251328546] [yolo_navigator]: [STATUS] mode=FTG front=10.00 L=2.34 R=0.79 gap=+0.32 v=+0.25 w=+0.01 personLvl=0
[INFO] [1784740966.251797840] [yolo_navigator]: [STATUS] mode=FTG front=10.00 L=2.25 R=2.57 gap=-0.02 v=+0.39 w=+0.01 personLvl=0
[INFO] [1784740971.301813632] [yolo_navigator]: [STATUS] mode=FTG front=10.00 L=1.80 R=1.59 gap=-0.47 v=+0.17 w=-0.24 personLvl=0
[INFO] [1784740976.301980826] [yolo_navigator]: [STATUS] mode=FTG front=10.00 L=1.36 R=1.13 gap=-0.28 v=+0.26 w=+0.00 personLvl=0
[INFO] [1784740981.351335362] [yolo_navigator]: [STATUS] mode=FTG front=1.18 L=0.93 R=1.39 gap=-1.30 v=+0.10 w=-1.18 personLvl=0
[INFO] [1784740986.352365450] [yolo_navigator]: [STATUS] mode=FTG front=0.67 L=0.59 R=1.69 gap=-0.50 v=+0.15 w=-0.23 personLvl=0
[INFO] [1784740991.352020217] [yolo_navigator]: [STATUS] mode=FTG front=0.45 L=0.40 R=2.65 gap=-0.35 v=+0.08 w=-0.02 personLvl=0
[INFO] [1784740992.901083224] [yolo_navigator]: [ROTATE_OPEN] front=0.40 open=-1.45
[INFO] [1784740993.651893822] [yolo_navigator]: [FTG] gap=-0.31 W=1.23
[INFO] [1784740996.402390331] [yolo_navigator]: [STATUS] mode=FTG front=10.00 L=0.56 R=1.38 gap=-0.44 v=+0.19 w=-0.32 personLvl=0
[INFO] [1784741001.451949606] [yolo_navigator]: [STATUS] mode=FTG front=10.00 L=1.20 R=1.26 gap=-0.41 v=+0.20 w=-0.15 personLvl=0
[INFO] [1784741006.501146622] [yolo_navigator]: [STATUS] mode=FTG front=10.00 L=1.94 R=1.88 gap=-0.24 v=+0.28 w=+0.01 personLvl=0
[INFO] [1784741011.551724551] [yolo_navigator]: [STATUS] mode=FTG front=10.00 L=1.94 R=2.98 gap=-0.70 v=+0.10 w=-0.42 personLvl=0
[INFO] [1784741016.551666091] [yolo_navigator]: [STATUS] mode=FTG front=10.00 L=1.61 R=2.70 gap=-0.04 v=+0.38 w=+0.23 personLvl=0
[INFO] [1784741021.601450438] [yolo_navigator]: [STATUS] mode=FTG front=10.00 L=1.10 R=2.68 gap=-0.48 v=+0.17 w=-0.14 personLvl=0
[INFO] [1784741026.652068490] [yolo_navigator]: [STATUS] mode=FTG front=0.84 L=0.69 R=1.95 gap=-0.58 v=+0.12 w=-0.31 personLvl=0
[INFO] [1784741031.700711280] [yolo_navigator]: [STATUS] mode=FTG front=0.60 L=0.45 R=1.89 gap=-0.35 v=+0.17 w=-0.01 personLvl=0
[INFO] [1784741035.051619281] [yolo_navigator]: [ROTATE_OPEN] front=0.39 open=-1.38
[INFO] [1784741035.800531696] [yolo_navigator]: [FTG] gap=-0.34 W=3.10
[INFO] [1784741036.746447254] [yolo_navigator]: [STATUS] mode=FTG front=10.00 L=0.38 R=1.74 gap=-0.02 v=+0.39 w=-0.12 personLvl=0
[INFO] [1784741041.751549218] [yolo_navigator]: [STATUS] mode=FTG front=10.00 L=0.61 R=1.03 gap=+0.35 v=+0.23 w=+0.03 personLvl=0
[INFO] [1784741046.751826447] [yolo_navigator]: [STATUS] mode=FTG front=10.00 L=0.77 R=0.58 gap=+0.40 v=+0.21 w=+0.01 personLvl=0
[INFO] [1784741051.764481684] [yolo_navigator]: [STATUS] mode=FTG front=10.00 L=0.93 R=0.41 gap=-0.44 v=+0.19 w=-0.05 personLvl=0
[INFO] [1784741056.802160028] [yolo_navigator]: [STATUS] mode=FTG front=10.00 L=1.15 R=1.56 gap=-0.42 v=+0.20 w=-0.05 personLvl=0
[INFO] [1784741061.868307167] [yolo_navigator]: [STATUS] mode=FTG front=0.96 L=0.96 R=3.09 gap=-0.50 v=+0.16 w=-0.18 personLvl=0
[INFO] [1784741066.915437402] [yolo_navigator]: [STATUS] mode=FTG front=0.50 L=0.53 R=2.60 gap=-0.35 v=+0.11 w=-0.02 personLvl=0
[INFO] [1784741069.051047997] [yolo_navigator]: [ROTATE_OPEN] front=0.40 open=-0.47
[INFO] [1784741070.051412889] [yolo_navigator]: [FTG] gap=-0.23 W=13.04
[INFO] [1784741071.951666952] [yolo_navigator]: [STATUS] mode=FTG front=10.00 L=0.36 R=3.12 gap=-0.14 v=+0.33 w=-0.90 personLvl=0
[INFO] [1784741076.951857518] [yolo_navigator]: [STATUS] mode=FTG front=10.00 L=1.60 R=2.64 gap=-0.20 v=+0.30 w=+0.20 personLvl=0
[INFO] [1784741082.001177653] [yolo_navigator]: [STATUS] mode=FTG front=10.00 L=1.35 R=2.26 gap=+0.29 v=+0.26 w=-0.09 personLvl=0
[INFO] [1784741087.068027348] [yolo_navigator]: [STATUS] mode=FTG front=10.00 L=1.34 R=1.93 gap=-0.05 v=+0.37 w=+0.29 personLvl=0
[INFO] [1784741092.216107773] [yolo_navigator]: [STATUS] mode=FTG front=10.00 L=1.47 R=1.17 gap=+0.09 v=+0.36 w=-0.34 personLvl=0
[INFO] [1784741097.151736149] [yolo_navigator]: [STATUS] mode=FTG front=10.00 L=4.83 R=0.63 gap=-0.13 v=+0.34 w=+0.19 personLvl=0
[INFO] [1784741102.201610110] [yolo_navigator]: [STATUS] mode=FTG front=10.00 L=4.69 R=0.71 gap=-0.11 v=+0.35 w=+0.22 personLvl=0
[INFO] [1784741107.201491121] [yolo_navigator]: [STATUS] mode=FTG front=10.00 L=4.54 R=3.40 gap=+0.22 v=+0.30 w=-0.18 personLvl=0
[INFO] [1784741112.208636058] [yolo_navigator]: [STATUS] mode=FTG front=10.00 L=4.43 R=3.02 gap=+0.27 v=+0.27 w=-0.11 personLvl=0
[INFO] [1784741117.251028453] [yolo_navigator]: [STATUS] mode=FTG front=10.00 L=2.92 R=2.62 gap=-0.28 v=+0.27 w=+0.04 personLvl=0
[INFO] [1784741122.252519398] [yolo_navigator]: [STATUS] mode=FTG front=10.00 L=4.18 R=2.37 gap=-0.42 v=+0.20 w=-0.02 personLvl=0
[INFO] [1784741127.301855384] [yolo_navigator]: [STATUS] mode=FTG front=10.00 L=1.79 R=2.10 gap=-0.42 v=+0.20 w=-0.05 personLvl=0
[INFO] [1784741132.318930010] [yolo_navigator]: [STATUS] mode=FTG front=10.00 L=1.34 R=2.12 gap=-0.57 v=+0.13 w=-0.29 personLvl=0
[INFO] [1784741137.386482934] [yolo_navigator]: [STATUS] mode=FTG front=10.00 L=0.96 R=1.82 gap=+0.34 v=+0.24 w=+0.00 personLvl=0
[INFO] [1784741142.401872515] [yolo_navigator]: [STATUS] mode=FTG front=10.00 L=0.51 R=1.90 gap=-0.36 v=+0.23 w=-0.02 personLvl=0
[INFO] [1784741147.452023522] [yolo_navigator]: [STATUS] mode=FTG front=10.00 L=0.63 R=2.70 gap=+0.20 v=+0.31 w=+0.52 personLvl=0
[INFO] [1784741152.501651421] [yolo_navigator]: [STATUS] mode=FTG front=10.00 L=0.74 R=2.02 gap=-0.23 v=+0.29 w=-0.05 personLvl=0
[INFO] [1784741157.607804318] [yolo_navigator]: [STATUS] mode=FTG front=10.00 L=0.72 R=1.69 gap=-1.10 v=+0.10 w=-0.86 personLvl=0
[INFO] [1784741162.651737909] [yolo_navigator]: [STATUS] mode=FTG front=10.00 L=0.57 R=1.94 gap=+0.06 v=+0.37 w=+0.28 personLvl=0
[INFO] [1784741167.666435991] [yolo_navigator]: [STATUS] mode=FTG front=10.00 L=0.79 R=1.26 gap=-0.10 v=+0.35 w=+0.06 personLvl=0
[INFO] [1784741172.701759524] [yolo_navigator]: [STATUS] mode=FTG front=10.00 L=2.44 R=0.99 gap=+0.33 v=+0.24 w=+0.25 personLvl=0
[INFO] [1784741177.751519592] [yolo_navigator]: [STATUS] mode=FTG front=10.00 L=1.58 R=2.05 gap=+0.20 v=+0.30 w=-0.03 personLvl=0
[INFO] [1784741182.764892360] [yolo_navigator]: [STATUS] mode=FTG front=0.93 L=0.89 R=1.13 gap=+0.28 v=+0.27 w=+0.02 personLvl=0
[INFO] [1784741187.252240008] [yolo_navigator]: [ROTATE_OPEN] front=0.39 open=+0.16
[INFO] [1784741187.809130711] [yolo_navigator]: [STATUS] mode=ROTATE_OPEN front=0.36 L=0.54 R=0.42 gap=+0.03 v=+0.00 w=+1.00 personLvl=0
[INFO] [1784741187.950744570] [yolo_navigator]: [FTG] gap=-0.00 W=1.66
[INFO] [1784741189.151832964] [yolo_navigator]: [ROTATE_OPEN] front=0.38 open=+1.27
[INFO] [1784741192.202348335] [yolo_navigator]: [FTG] gap=+0.16 W=2.69
[INFO] [1784741192.861741440] [yolo_navigator]: [STATUS] mode=FTG front=10.00 L=2.84 R=0.43 gap=+0.02 v=+0.39 w=-0.28 personLvl=0
[INFO] [1784741197.900674228] [yolo_navigator]: [STATUS] mode=FTG front=10.00 L=2.14 R=1.39 gap=-0.41 v=+0.20 w=-0.13 personLvl=0
[INFO] [1784741202.953000368] [yolo_navigator]: [STATUS] mode=FTG front=10.00 L=1.51 R=2.28 gap=-0.39 v=+0.21 w=-0.05 personLvl=0
[INFO] [1784741207.955032128] [yolo_navigator]: [STATUS] mode=FTG front=0.55 L=0.58 R=2.65 gap=-0.34 v=+0.14 w=-0.04 personLvl=0
[INFO] [1784741210.801161328] [yolo_navigator]: [ROTATE_OPEN] front=0.39 open=-0.35
[INFO] [1784741211.850509289] [yolo_navigator]: [FTG] gap=-0.14 W=8.20
[INFO] [1784741213.015251951] [yolo_navigator]: [STATUS] mode=FTG front=10.00 L=0.41 R=2.05 gap=-0.04 v=+0.38 w=-0.39 personLvl=0
[INFO] [1784741218.051624193] [yolo_navigator]: [STATUS] mode=FTG front=10.00 L=6.27 R=1.75 gap=+0.30 v=+0.26 w=-0.03 personLvl=0
[INFO] [1784741223.101580709] [yolo_navigator]: [STATUS] mode=FTG front=10.00 L=6.03 R=1.43 gap=+0.12 v=+0.34 w=-0.22 personLvl=0
[INFO] [1784741228.106519274] [yolo_navigator]: [STATUS] mode=FTG front=10.00 L=5.30 R=1.09 gap=+0.39 v=+0.21 w=+0.07 personLvl=0
[INFO] [1784741233.151552520] [yolo_navigator]: [STATUS] mode=FTG front=10.00 L=5.41 R=0.78 gap=+0.33 v=+0.24 w=-0.00 personLvl=0
[INFO] [1784741238.202043339] [yolo_navigator]: [STATUS] mode=FTG front=0.76 L=4.40 R=0.52 gap=+0.35 v=+0.23 w=+0.01 personLvl=0
[INFO] [1784741242.701328258] [yolo_navigator]: [ROTATE_OPEN] front=0.40 open=+1.20
[INFO] [1784741243.251872857] [yolo_navigator]: [STATUS] mode=ROTATE_OPEN front=0.39 L=3.51 R=0.36 gap=+0.35 v=+0.00 w=+1.00 personLvl=0
[INFO] [1784741243.451353281] [yolo_navigator]: [FTG] gap=+0.34 W=3.10
[INFO] [1784741248.302781975] [yolo_navigator]: [STATUS] mode=FTG front=10.00 L=4.99 R=0.89 gap=-0.02 v=+0.39 w=+0.43 personLvl=0
[INFO] [1784741253.351689809] [yolo_navigator]: [STATUS] mode=FTG front=10.00 L=4.18 R=1.75 gap=+0.38 v=+0.22 w=+0.09 personLvl=0
[INFO] [1784741258.359037872] [yolo_navigator]: [STATUS] mode=FTG front=10.00 L=5.21 R=2.27 gap=-0.30 v=+0.26 w=+0.02 personLvl=0
[INFO] [1784741263.417625265] [yolo_navigator]: [STATUS] mode=FTG front=10.00 L=2.93 R=1.79 gap=-0.11 v=+0.35 w=+0.31 personLvl=0
[INFO] [1784741268.451911478] [yolo_navigator]: [STATUS] mode=FTG front=10.00 L=2.14 R=1.33 gap=-0.11 v=+0.35 w=-0.02 personLvl=0
[INFO] [1784741273.502027817] [yolo_navigator]: [STATUS] mode=FTG front=10.00 L=1.42 R=1.00 gap=-0.11 v=+0.35 w=+0.00 personLvl=0
[INFO] [1784741278.550582532] [yolo_navigator]: [STATUS] mode=FTG front=10.00 L=1.09 R=1.42 gap=-0.12 v=+0.34 w=+0.01 personLvl=0
[INFO] [1784741283.550495839] [yolo_navigator]: [STATUS] mode=FTG front=10.00 L=2.26 R=1.68 gap=+0.15 v=+0.33 w=-0.12 personLvl=0
[INFO] [1784741288.552148278] [yolo_navigator]: [STATUS] mode=FTG front=10.00 L=1.76 R=2.71 gap=+0.21 v=+0.30 w=+0.07 personLvl=0
[INFO] [1784741293.602399851] [yolo_navigator]: [STATUS] mode=FTG front=10.00 L=1.28 R=2.11 gap=+0.17 v=+0.32 w=+0.07 personLvl=0
[INFO] [1784741298.651961048] [yolo_navigator]: [STATUS] mode=FTG front=10.00 L=0.73 R=1.58 gap=+0.17 v=+0.32 w=+0.07 personLvl=0
[INFO] [1784741303.701749948] [yolo_navigator]: [STATUS] mode=FTG front=10.00 L=1.10 R=2.69 gap=+0.23 v=+0.29 w=+0.11 personLvl=0
[INFO] [1784741308.723639743] [yolo_navigator]: [STATUS] mode=FTG front=10.00 L=1.28 R=2.42 gap=+0.25 v=+0.28 w=+0.11 personLvl=0
[INFO] [1784741313.751621061] [yolo_navigator]: [STATUS] mode=FTG front=10.00 L=1.31 R=2.35 gap=+0.28 v=+0.27 w=+0.14 personLvl=0
[INFO] [1784741318.752548212] [yolo_navigator]: [STATUS] mode=FTG front=10.00 L=1.21 R=2.38 gap=+0.29 v=+0.26 w=+0.15 personLvl=0
[INFO] [1784741323.814431711] [yolo_navigator]: [STATUS] mode=FTG front=10.00 L=0.98 R=2.11 gap=-0.07 v=+0.37 w=-0.34 personLvl=0
[INFO] [1784741328.852554303] [yolo_navigator]: [STATUS] mode=FTG front=10.00 L=0.54 R=1.67 gap=+0.05 v=+0.37 w=-0.21 personLvl=0
[INFO] [1784741333.877984840] [yolo_navigator]: [STATUS] mode=FTG front=10.00 L=0.96 R=1.19 gap=+0.31 v=+0.25 w=+0.02 personLvl=0
[INFO] [1784741338.901907828] [yolo_navigator]: [STATUS] mode=FTG front=1.16 L=2.98 R=0.82 gap=+0.11 v=+0.35 w=-0.19 personLvl=0
[INFO] [1784741343.956113455] [yolo_navigator]: [STATUS] mode=FTG front=0.76 L=3.92 R=0.52 gap=+0.35 v=+0.23 w=+0.01 personLvl=0
[INFO] [1784741348.750594872] [yolo_navigator]: [ROTATE_OPEN] front=0.39 open=+1.36
[INFO] [1784741348.952166527] [yolo_navigator]: [STATUS] mode=ROTATE_OPEN front=0.39 L=3.45 R=0.36 gap=+0.35 v=+0.00 w=+1.00 personLvl=0
[INFO] [1784741349.551549606] [yolo_navigator]: [FTG] gap=+0.32 W=2.51
[INFO] [1784741353.996443081] [yolo_navigator]: [STATUS] mode=FTG front=10.00 L=2.94 R=0.79 gap=+0.29 v=+0.26 w=-0.13 personLvl=0
[INFO] [1784741359.012690494] [yolo_navigator]: [STATUS] mode=FTG front=10.00 L=2.64 R=1.10 gap=+0.36 v=+0.23 w=+0.03 personLvl=0
[INFO] [1784741364.106202362] [yolo_navigator]: [STATUS] mode=FTG front=10.00 L=2.11 R=1.56 gap=+0.34 v=+0.24 w=+0.03 personLvl=0
[INFO] [1784741369.102917413] [yolo_navigator]: [STATUS] mode=FTG front=10.00 L=1.50 R=2.20 gap=+0.34 v=+0.23 w=+0.01 personLvl=0
[INFO] [1784741374.152471784] [yolo_navigator]: [STATUS] mode=FTG front=10.00 L=1.05 R=2.78 gap=+0.35 v=+0.23 w=+0.01 personLvl=0
[INFO] [1784741379.191242588] [yolo_navigator]: [STATUS] mode=FTG front=10.00 L=0.80 R=3.04 gap=+0.36 v=+0.23 w=+0.02 personLvl=0
[INFO] [1784741384.202373230] [yolo_navigator]: [STATUS] mode=FTG front=10.00 L=2.76 R=2.33 gap=+0.32 v=+0.25 w=+0.10 personLvl=0
[INFO] [1784741389.208245551] [yolo_navigator]: [STATUS] mode=FTG front=10.00 L=2.56 R=1.71 gap=+0.31 v=+0.25 w=+0.02 personLvl=0
[INFO] [1784741394.250918136] [yolo_navigator]: [STATUS] mode=FTG front=1.05 L=2.45 R=1.06 gap=+0.34 v=+0.24 w=-0.01 personLvl=0
[INFO] [1784741399.254961301] [yolo_navigator]: [STATUS] mode=FTG front=0.46 L=2.51 R=0.51 gap=+0.34 v=+0.09 w=+0.00 personLvl=0
[INFO] [1784741400.850224004] [yolo_navigator]: [ROTATE_OPEN] front=0.40 open=+0.38
[INFO] [1784741402.301130328] [yolo_navigator]: [FTG] gap=+0.03 W=7.20
[INFO] [1784741404.275925698] [yolo_navigator]: [STATUS] mode=FTG front=10.00 L=2.29 R=0.40 gap=+0.16 v=+0.32 w=-0.24 personLvl=0
[INFO] [1784741409.309667564] [yolo_navigator]: [STATUS] mode=FTG front=10.00 L=1.69 R=4.15 gap=-0.18 v=+0.31 w=+0.07 personLvl=0
[INFO] [1784741414.351391023] [yolo_navigator]: [STATUS] mode=FTG front=10.00 L=1.15 R=4.33 gap=-0.23 v=+0.29 w=+0.02 personLvl=0
[INFO] [1784741419.394218307] [yolo_navigator]: [STATUS] mode=FTG front=10.00 L=0.89 R=5.39 gap=-0.27 v=+0.27 w=-0.01 personLvl=0
[INFO] [1784741424.402250073] [yolo_navigator]: [STATUS] mode=FTG front=10.00 L=1.17 R=4.77 gap=-0.30 v=+0.26 w=-0.02 personLvl=0
[INFO] [1784741429.451836785] [yolo_navigator]: [STATUS] mode=FTG front=10.00 L=1.10 R=2.63 gap=+0.39 v=+0.21 w=+0.09 personLvl=0
[INFO] [1784741434.501642508] [yolo_navigator]: [STATUS] mode=FTG front=10.00 L=1.34 R=1.52 gap=+0.53 v=+0.15 w=+0.37 personLvl=0
[INFO] [1784741439.551363703] [yolo_navigator]: [STATUS] mode=FTG front=10.00 L=1.28 R=1.11 gap=+0.12 v=+0.34 w=-0.02 personLvl=0
[INFO] [1784741444.551819964] [yolo_navigator]: [STATUS] mode=FTG front=10.00 L=3.28 R=0.88 gap=+0.14 v=+0.33 w=+0.02 personLvl=0
[INFO] [1784741449.619261878] [yolo_navigator]: [STATUS] mode=FTG front=10.00 L=2.94 R=0.71 gap=-0.08 v=+0.36 w=+0.05 personLvl=0
[INFO] [1784741453.702527205] [yolo_navigator]: [PERSON] level=2 h=259px
[INFO] [1784741454.651499567] [yolo_navigator]: [STATUS] mode=FTG front=10.00 L=2.65 R=1.98 gap=+0.33 v=+0.10 w=+0.27 personLvl=2
[INFO] [1784741454.903427609] [yolo_navigator]: [PERSON] level=0 h=0px
[INFO] [1784741459.656834988] [yolo_navigator]: [STATUS] mode=FTG front=10.00 L=2.05 R=2.09 gap=+0.16 v=+0.32 w=+0.04 personLvl=0
[INFO] [1784741464.701615255] [yolo_navigator]: [STATUS] mode=FTG front=10.00 L=1.24 R=1.37 gap=-0.00 v=+0.40 w=-0.06 personLvl=0
[INFO] [1784741469.751690199] [yolo_navigator]: [STATUS] mode=FTG front=10.00 L=1.35 R=1.18 gap=-0.01 v=+0.40 w=-0.08 personLvl=0
[INFO] [1784741474.801606541] [yolo_navigator]: [STATUS] mode=FTG front=10.00 L=1.38 R=2.26 gap=+0.25 v=+0.28 w=+0.08 personLvl=0
[INFO] [1784741479.802193918] [yolo_navigator]: [STATUS] mode=FTG front=10.00 L=1.44 R=2.19 gap=+0.23 v=+0.29 w=+0.06 personLvl=0
[INFO] [1784741484.816268453] [yolo_navigator]: [STATUS] mode=FTG front=10.00 L=1.40 R=2.31 gap=+0.28 v=+0.27 w=+0.12 personLvl=0
[INFO] [1784741489.852363586] [yolo_navigator]: [STATUS] mode=FTG front=10.00 L=1.21 R=2.23 gap=+0.81 v=+0.10 w=+0.49 personLvl=0
[INFO] [1784741494.915636346] [yolo_navigator]: [STATUS] mode=FTG front=10.00 L=0.78 R=1.85 gap=+0.63 v=+0.10 w=+0.40 personLvl=0
[INFO] [1784741499.951957954] [yolo_navigator]: [STATUS] mode=FTG front=10.00 L=0.60 R=1.45 gap=+0.31 v=+0.25 w=+0.03 personLvl=0
[INFO] [1784741505.001599935] [yolo_navigator]: [STATUS] mode=FTG front=10.00 L=3.84 R=1.05 gap=-0.07 v=+0.36 w=-0.37 personLvl=0
[INFO] [1784741510.040116230] [yolo_navigator]: [STATUS] mode=FTG front=0.75 L=1.79 R=0.63 gap=+0.58 v=+0.12 w=+0.31 personLvl=0
[INFO] [1784741515.052840691] [yolo_navigator]: [STATUS] mode=FTG front=0.57 L=3.84 R=0.43 gap=+0.35 v=+0.15 w=+0.01 personLvl=0
[INFO] [1784741518.151107199] [yolo_navigator]: [ROTATE_OPEN] front=0.40 open=+1.36
[INFO] [1784741518.900440085] [yolo_navigator]: [FTG] gap=+0.34 W=3.03
[INFO] [1784741520.100866560] [yolo_navigator]: [STATUS] mode=FTG front=10.00 L=3.77 R=0.39 gap=+0.00 v=+0.40 w=+0.90 personLvl=0
[INFO] [1784741525.125778689] [yolo_navigator]: [STATUS] mode=FTG front=10.00 L=2.92 R=0.91 gap=+0.39 v=+0.21 w=+0.08 personLvl=0
[INFO] [1784741530.150863484] [yolo_navigator]: [STATUS] mode=FTG front=10.00 L=2.39 R=1.30 gap=+0.36 v=+0.23 w=+0.05 personLvl=0
[INFO] [1784741535.160798701] [yolo_navigator]: [STATUS] mode=FTG front=10.00 L=1.87 R=1.80 gap=+0.36 v=+0.23 w=+0.04 personLvl=0
[INFO] [1784741540.157415981] [yolo_navigator]: [STATUS] mode=FTG front=10.00 L=1.38 R=2.35 gap=+0.34 v=+0.23 w=+0.01 personLvl=0
[INFO] [1784741545.176126438] [yolo_navigator]: [STATUS] mode=FTG front=10.00 L=0.97 R=2.91 gap=+0.35 v=+0.23 w=+0.01 personLvl=0
[INFO] [1784741550.208847828] [yolo_navigator]: [STATUS] mode=FTG front=10.00 L=0.76 R=2.85 gap=+0.35 v=+0.23 w=+0.04 personLvl=0
[INFO] [1784741555.251221998] [yolo_navigator]: [STATUS] mode=FTG front=10.00 L=2.67 R=2.07 gap=+0.33 v=+0.24 w=+0.04 personLvl=0
[INFO] [1784741560.251383989] [yolo_navigator]: [STATUS] mode=FTG front=10.00 L=2.51 R=1.43 gap=+0.28 v=+0.26 w=+0.04 personLvl=0
[INFO] [1784741565.302872700] [yolo_navigator]: [STATUS] mode=FTG front=0.81 L=2.43 R=0.84 gap=+0.34 v=+0.24 w=+0.00 personLvl=0
[INFO] [1784741570.100821181] [yolo_navigator]: [ROTATE_OPEN] front=0.39 open=+0.38
[INFO] [1784741570.364173531] [yolo_navigator]: [STATUS] mode=ROTATE_OPEN front=0.39 L=2.55 R=0.44 gap=+0.36 v=+0.00 w=+1.00 personLvl=0
[INFO] [1784741571.651158737] [yolo_navigator]: [FTG] gap=-0.01 W=7.39
[INFO] [1784741575.400947782] [yolo_navigator]: [STATUS] mode=FTG front=10.00 L=2.08 R=1.13 gap=-0.00 v=+0.40 w=+0.44 personLvl=0
[INFO] [1784741580.401687251] [yolo_navigator]: [STATUS] mode=FTG front=10.00 L=1.85 R=3.68 gap=-0.22 v=+0.29 w=+0.15 personLvl=0
[INFO] [1784741585.414639489] [yolo_navigator]: [STATUS] mode=FTG front=10.00 L=2.30 R=3.38 gap=-0.25 v=+0.28 w=+0.13 personLvl=0
[INFO] [1784741590.452154068] [yolo_navigator]: [STATUS] mode=FTG front=10.00 L=3.95 R=3.13 gap=+0.38 v=+0.22 w=+0.77 personLvl=0
[INFO] [1784741595.466853642] [yolo_navigator]: [STATUS] mode=FTG front=10.00 L=1.93 R=4.27 gap=-0.23 v=+0.29 w=-0.02 personLvl=0
[INFO] [1784741600.500839222] [yolo_navigator]: [STATUS] mode=FTG front=10.00 L=2.54 R=3.70 gap=-0.48 v=+0.17 w=-0.16 personLvl=0
[INFO] [1784741605.501853209] [yolo_navigator]: [STATUS] mode=FTG front=10.00 L=2.18 R=3.25 gap=-0.38 v=+0.22 w=-0.02 personLvl=0
[INFO] [1784741610.551783641] [yolo_navigator]: [STATUS] mode=FTG front=10.00 L=1.80 R=2.97 gap=-0.28 v=+0.26 w=-0.61 personLvl=0
[INFO] [1784741615.634580561] [yolo_navigator]: [STATUS] mode=FTG front=10.00 L=1.19 R=2.57 gap=+0.06 v=+0.37 w=+0.00 personLvl=0
[INFO] [1784741619.200965314] [yolo_navigator]: [WEDGE] open=+0.17
[INFO] [1784741619.650978187] [yolo_navigator]: [FTG] gap=-1.46 W=0.82
[INFO] [1784741620.605091161] [yolo_navigator]: [STATUS] mode=FTG front=10.00 L=0.51 R=2.19 gap=+0.77 v=+0.10 w=+0.49 personLvl=0
[INFO] [1784741625.651190221] [yolo_navigator]: [STATUS] mode=FTG front=10.00 L=0.66 R=1.89 gap=-0.03 v=+0.39 w=-0.28 personLvl=0
[INFO] [1784741630.652335622] [yolo_navigator]: [STATUS] mode=FTG front=10.00 L=1.90 R=1.47 gap=+0.26 v=+0.28 w=+0.07 personLvl=0
[INFO] [1784741635.754886495] [yolo_navigator]: [STATUS] mode=FTG front=10.00 L=2.02 R=1.32 gap=+0.05 v=+0.38 w=+0.06 personLvl=0
[INFO] [1784741640.751996410] [yolo_navigator]: [STATUS] mode=FTG front=10.00 L=1.48 R=1.22 gap=-0.49 v=+0.16 w=-0.90 personLvl=0
[INFO] [1784741645.801160992] [yolo_navigator]: [STATUS] mode=FTG front=10.00 L=1.49 R=1.07 gap=+0.27 v=+0.27 w=+0.06 personLvl=0
[INFO] [1784741650.802396198] [yolo_navigator]: [STATUS] mode=FTG front=10.00 L=1.28 R=1.11 gap=+0.30 v=+0.26 w=+0.11 personLvl=0
[INFO] [1784741655.852048597] [yolo_navigator]: [STATUS] mode=FTG front=10.00 L=0.94 R=1.26 gap=+0.95 v=+0.10 w=+0.62 personLvl=0
[INFO] [1784741657.151956254] [yolo_navigator]: [WEDGE] open=+0.66
[INFO] [1784741658.051463090] [yolo_navigator]: [FTG] gap=+0.39 W=0.52
[INFO] [1784741658.201221536] [yolo_navigator]: [WEDGE] open=+0.42
[INFO] [1784741658.301717732] [yolo_navigator]: [FTG] gap=+0.31 W=0.53
[INFO] [1784741658.350840583] [yolo_navigator]: [WEDGE] open=+0.37
[INFO] [1784741658.501479157] [yolo_navigator]: [FTG] gap=-0.11 W=3.84
[INFO] [1784741660.851678126] [yolo_navigator]: [STATUS] mode=FTG front=1.06 L=0.38 R=0.86 gap=+0.56 v=+0.13 w=+0.31 personLvl=0
[INFO] [1784741665.851973405] [yolo_navigator]: [STATUS] mode=FTG front=0.82 L=0.42 R=0.58 gap=+0.40 v=+0.21 w=+0.08 personLvl=0
[INFO] [1784741670.852524437] [yolo_navigator]: [STATUS] mode=FTG front=0.44 L=0.51 R=0.38 gap=+0.35 v=+0.08 w=+0.01 personLvl=0
[INFO] [1784741672.151253749] [yolo_navigator]: [ROTATE_OPEN] front=0.40 open=+0.51
[INFO] [1784741672.901112337] [yolo_navigator]: [FTG] gap=+0.34 W=2.88
[INFO] [1784741675.151550570] [yolo_navigator]: [ROTATE_OPEN] front=0.35 open=+0.49
[INFO] [1784741675.351529048] [yolo_navigator]: [REVERSE] front=0.29 dir=+1
[INFO] [1784741675.901070841] [yolo_navigator]: [STATUS] mode=REVERSE front=0.25 L=0.50 R=0.29 gap=+0.26 v=-0.30 w=+0.80 personLvl=0
[INFO] [1784741676.301265968] [yolo_navigator]: [FTG] gap=+0.14 W=3.28
[INFO] [1784741679.301268598] [yolo_navigator]: [ROTATE_OPEN] front=0.38 open=+0.49
[INFO] [1784741679.400847342] [yolo_navigator]: [REVERSE] front=0.31 dir=+1
[INFO] [1784741680.700884989] [yolo_navigator]: [FTG] gap=+0.05 W=1.96
[INFO] [1784741680.902306536] [yolo_navigator]: [STATUS] mode=FTG front=0.51 L=0.40 R=0.34 gap=-0.12 v=+0.17 w=-0.44 personLvl=0
[INFO] [1784741683.651302027] [yolo_navigator]: [ROTATE_OPEN] front=0.37 open=+0.49
[INFO] [1784741683.751257441] [yolo_navigator]: [REVERSE] front=0.29 dir=+1
[INFO] [1784741683.751739461] [yolo_navigator]: [COMMIT] Ταλάντωση σε περατό στενό (W=2.82) -> αποφασιστικό πέρασμα
[INFO] [1784741683.800810589] [yolo_navigator]: [COMMIT] steer=-0.40 front=0.26
[INFO] [1784741684.152070915] [yolo_navigator]: [COMMIT] Απέτυχε (front<0.15), αποτυχία #1
[INFO] [1784741684.152793279] [yolo_navigator]: [REVERSE] front=0.15 dir=+1
[INFO] [1784741685.401653357] [yolo_navigator]: [TRAP] L=0.35 R=0.28
[INFO] [1784741685.402090470] [yolo_navigator]: [WALL_FOLLOW] 5x REVERSE/TRAP σε 60s -> ακολουθώ τον δεξιό τοίχο για 25s (L=0.35 R=0.28)
[INFO] [1784741685.452289364] [yolo_navigator]: [WALL_FOLLOW] side=R d=0.28 front=0.36
[INFO] [1784741685.919998766] [yolo_navigator]: [STATUS] mode=WALL_FOLLOW front=10.00 L=0.34 R=0.31 gap=-0.03 v=+0.22 w=+0.29 personLvl=0
[INFO] [1784741690.951012559] [yolo_navigator]: [STATUS] mode=WALL_FOLLOW front=0.18 L=0.51 R=0.27 gap=+1.30 v=+0.00 w=+1.00 personLvl=0
[INFO] [1784741695.957546198] [yolo_navigator]: [STATUS] mode=WALL_FOLLOW front=10.00 L=0.33 R=0.47 gap=+0.08 v=+0.22 w=+0.05 personLvl=0
[INFO] [1784741700.964462367] [yolo_navigator]: [STATUS] mode=WALL_FOLLOW front=10.00 L=0.33 R=0.60 gap=-0.51 v=+0.22 w=-0.15 personLvl=0
[INFO] [1784741706.000749002] [yolo_navigator]: [STATUS] mode=WALL_FOLLOW front=10.00 L=0.57 R=0.69 gap=-0.71 v=+0.22 w=-0.28 personLvl=0
[INFO] [1784741710.452455727] [yolo_navigator]: [FTG] gap=+0.14 W=6.05
[INFO] [1784741711.001974194] [yolo_navigator]: [STATUS] mode=FTG front=10.00 L=1.64 R=0.70 gap=+0.19 v=+0.31 w=+0.54 personLvl=0
[INFO] [1784741716.097898729] [yolo_navigator]: [STATUS] mode=FTG front=10.00 L=1.13 R=2.94 gap=-0.32 v=+0.25 w=-0.03 personLvl=0
[INFO] [1784741721.101196181] [yolo_navigator]: [STATUS] mode=FTG front=0.99 L=0.75 R=2.45 gap=-0.18 v=+0.31 w=+0.10 personLvl=0
[INFO] [1784741726.151515073] [yolo_navigator]: [STATUS] mode=FTG front=0.64 L=0.47 R=2.90 gap=-0.35 v=+0.19 w=-0.01 personLvl=0
[INFO] [1784741729.901269473] [yolo_navigator]: [ROTATE_OPEN] front=0.40 open=-0.96
[INFO] [1784741730.700550295] [yolo_navigator]: [FTG] gap=-0.30 W=1.94
[INFO] [1784741731.221286843] [yolo_navigator]: [STATUS] mode=FTG front=0.86 L=0.38 R=2.86 gap=-0.13 v=+0.34 w=-0.71 personLvl=0
[INFO] [1784741736.251112005] [yolo_navigator]: [STATUS] mode=FTG front=10.00 L=0.71 R=2.30 gap=-0.14 v=+0.33 w=+0.21 personLvl=0
[INFO] [1784741741.361066872] [yolo_navigator]: [STATUS] mode=FTG front=10.00 L=0.98 R=1.74 gap=+0.13 v=+0.34 w=-0.26 personLvl=0
[INFO] [1784741746.350839015] [yolo_navigator]: [STATUS] mode=FTG front=10.00 L=1.32 R=1.17 gap=-0.18 v=+0.32 w=+0.17 personLvl=0
[INFO] [1784741751.352128465] [yolo_navigator]: [STATUS] mode=FTG front=10.00 L=1.53 R=3.89 gap=+0.17 v=+0.32 w=-0.22 personLvl=0
[INFO] [1784741756.425352758] [yolo_navigator]: [STATUS] mode=FTG front=10.00 L=1.86 R=3.59 gap=+0.24 v=+0.29 w=-0.13 personLvl=0
[INFO] [1784741761.451397065] [yolo_navigator]: [STATUS] mode=FTG front=10.00 L=2.21 R=3.42 gap=+0.36 v=+0.23 w=+0.02 personLvl=0
[INFO] [1784741766.451706513] [yolo_navigator]: [STATUS] mode=FTG front=10.00 L=2.42 R=3.40 gap=+0.37 v=+0.22 w=+0.02 personLvl=0
[INFO] [1784741771.460226350] [yolo_navigator]: [STATUS] mode=FTG front=10.00 L=2.60 R=4.56 gap=+0.36 v=+0.23 w=+0.00 personLvl=0
[INFO] [1784741776.508526128] [yolo_navigator]: [STATUS] mode=FTG front=10.00 L=2.63 R=3.61 gap=+0.39 v=+0.21 w=+0.10 personLvl=0
[INFO] [1784741781.514742336] [yolo_navigator]: [STATUS] mode=FTG front=10.00 L=3.10 R=2.71 gap=+0.40 v=+0.21 w=+0.10 personLvl=0
[INFO] [1784741786.551192350] [yolo_navigator]: [STATUS] mode=FTG front=10.00 L=2.53 R=1.27 gap=+0.05 v=+0.38 w=+0.40 personLvl=0
[INFO] [1784741791.558699340] [yolo_navigator]: [STATUS] mode=FTG front=10.00 L=2.07 R=1.11 gap=-0.28 v=+0.27 w=-0.01 personLvl=0
[INFO] [1784741796.634258683] [yolo_navigator]: [STATUS] mode=FTG front=10.00 L=1.64 R=1.24 gap=-0.29 v=+0.26 w=-0.02 personLvl=0
[INFO] [1784741801.638091861] [yolo_navigator]: [STATUS] mode=FTG front=10.00 L=1.23 R=3.56 gap=-0.28 v=+0.26 w=-0.03 personLvl=0
[INFO] [1784741806.653282548] [yolo_navigator]: [STATUS] mode=FTG front=10.00 L=0.90 R=3.24 gap=-0.06 v=+0.37 w=+0.33 personLvl=0
[INFO] [1784741811.691111601] [yolo_navigator]: [STATUS] mode=FTG front=10.00 L=0.94 R=2.38 gap=-0.09 v=+0.36 w=-0.04 personLvl=0
[INFO] [1784741816.712711353] [yolo_navigator]: [STATUS] mode=FTG front=10.00 L=1.25 R=1.56 gap=-0.15 v=+0.33 w=-0.02 personLvl=0
[INFO] [1784741821.751092523] [yolo_navigator]: [STATUS] mode=FTG front=10.00 L=1.28 R=0.90 gap=-0.15 v=+0.33 w=-0.06 personLvl=0
[INFO] [1784741826.752626434] [yolo_navigator]: [STATUS] mode=FTG front=10.00 L=1.71 R=0.76 gap=-0.30 v=+0.26 w=-0.08 personLvl=0
[INFO] [1784741831.802796311] [yolo_navigator]: [STATUS] mode=FTG front=10.00 L=2.08 R=0.78 gap=-0.21 v=+0.30 w=+0.00 personLvl=0
[INFO] [1784741836.851488651] [yolo_navigator]: [STATUS] mode=FTG front=10.00 L=1.69 R=0.68 gap=-0.57 v=+0.13 w=-0.22 personLvl=0
[INFO] [1784741841.900677418] [yolo_navigator]: [STATUS] mode=FTG front=10.00 L=1.21 R=3.29 gap=-0.31 v=+0.25 w=-0.03 personLvl=0
[INFO] [1784741846.902060179] [yolo_navigator]: [STATUS] mode=FTG front=10.00 L=0.85 R=3.12 gap=-0.06 v=+0.37 w=+0.24 personLvl=0
[INFO] [1784741851.962748717] [yolo_navigator]: [STATUS] mode=FTG front=0.77 L=0.53 R=3.03 gap=-0.35 v=+0.23 w=-0.01 personLvl=0
[INFO] [1784741856.802200210] [yolo_navigator]: [ROTATE_OPEN] front=0.40 open=-1.24
[INFO] [1784741856.977471279] [yolo_navigator]: [STATUS] mode=ROTATE_OPEN front=0.40 L=0.36 R=3.03 gap=-0.35 v=+0.00 w=-1.00 personLvl=0
[INFO] [1784741857.651323354] [yolo_navigator]: [FTG] gap=-0.30 W=2.06
[INFO] [1784741862.000798183] [yolo_navigator]: [STATUS] mode=FTG front=10.00 L=0.60 R=2.57 gap=+0.31 v=+0.25 w=+0.02 personLvl=0
[INFO] [1784741867.003298349] [yolo_navigator]: [STATUS] mode=FTG front=10.00 L=0.88 R=2.20 gap=+0.37 v=+0.22 w=+0.03 personLvl=0
[INFO] [1784741872.050901761] [yolo_navigator]: [STATUS] mode=FTG front=10.00 L=0.91 R=1.31 gap=+0.15 v=+0.33 w=+0.40 personLvl=0
[INFO] [1784741877.101973341] [yolo_navigator]: [STATUS] mode=FTG front=0.85 L=0.60 R=1.02 gap=-0.71 v=+0.10 w=-0.36 personLvl=0
[INFO] [1784741882.151961193] [yolo_navigator]: [STATUS] mode=FTG front=0.43 L=0.38 R=1.06 gap=-0.35 v=+0.07 w=-0.02 personLvl=0
[INFO] [1784741883.101531034] [yolo_navigator]: [ROTATE_OPEN] front=0.40 open=-0.66
[INFO] [1784741884.002474167] [yolo_navigator]: [FTG] gap=-0.28 W=1.36
[INFO] [1784741887.202090672] [yolo_navigator]: [STATUS] mode=FTG front=0.49 L=0.32 R=0.93 gap=-0.12 v=+0.15 w=+0.04 personLvl=0
[INFO] [1784741887.551537096] [yolo_navigator]: [ROTATE_OPEN] front=0.39 open=-0.59
[INFO] [1784741888.102107775] [yolo_navigator]: [REVERSE] front=0.31 dir=-1
[INFO] [1784741888.451117936] [yolo_navigator]: [FTG] gap=-0.09 W=1.81
[INFO] [1784741892.251531694] [yolo_navigator]: [STATUS] mode=FTG front=10.00 L=0.46 R=0.61 gap=-0.02 v=+0.39 w=+0.07 personLvl=0
[INFO] [1784741897.267102343] [yolo_navigator]: [STATUS] mode=FTG front=10.00 L=0.58 R=0.31 gap=-0.51 v=+0.15 w=-0.44 personLvl=0
[INFO] [1784741902.300570965] [yolo_navigator]: [STATUS] mode=FTG front=10.00 L=1.23 R=0.71 gap=-0.35 v=+0.23 w=-0.09 personLvl=0
[INFO] [1784741907.300633142] [yolo_navigator]: [STATUS] mode=FTG front=10.00 L=1.96 R=2.21 gap=-0.22 v=+0.29 w=+0.01 personLvl=0
[INFO] [1784741912.301512508] [yolo_navigator]: [STATUS] mode=FTG front=10.00 L=1.47 R=1.66 gap=-0.39 v=+0.21 w=-0.15 personLvl=0
[INFO] [1784741917.301596876] [yolo_navigator]: [STATUS] mode=FTG front=10.00 L=1.10 R=1.25 gap=-0.32 v=+0.25 w=-0.03 personLvl=0
[INFO] [1784741922.334172328] [yolo_navigator]: [STATUS] mode=FTG front=0.80 L=0.68 R=1.02 gap=-0.60 v=+0.11 w=-0.33 personLvl=0
[INFO] [1784741927.352489418] [yolo_navigator]: [STATUS] mode=FTG front=0.62 L=0.45 R=1.14 gap=-0.35 v=+0.18 w=-0.01 personLvl=0
[INFO] [1784741930.850276203] [yolo_navigator]: [ROTATE_OPEN] front=0.40 open=-0.86
[INFO] [1784741931.701222560] [yolo_navigator]: [FTG] gap=-0.32 W=2.28
[INFO] [1784741932.402433747] [yolo_navigator]: [STATUS] mode=FTG front=10.00 L=0.39 R=0.99 gap=-0.00 v=+0.40 w=+0.20 personLvl=0
[INFO] [1784741937.452041112] [yolo_navigator]: [STATUS] mode=FTG front=10.00 L=0.52 R=3.33 gap=+0.01 v=+0.40 w=-0.31 personLvl=0
[INFO] [1784741937.711205695] [yolo_navigator]: [PERSON] level=1 h=122px
[INFO] [1784741942.501025121] [yolo_navigator]: [STATUS] mode=FTG front=10.00 L=0.79 R=2.77 gap=+0.09 v=+0.20 w=-0.19 personLvl=1
[INFO] [1784741947.525846479] [yolo_navigator]: [STATUS] mode=FTG front=10.00 L=1.01 R=2.32 gap=-0.10 v=+0.20 w=+0.32 personLvl=1
[INFO] [1784741952.550844841] [yolo_navigator]: [STATUS] mode=FTG front=10.00 L=1.18 R=1.89 gap=-0.14 v=+0.18 w=+0.22 personLvl=1
[INFO] [1784741957.551528454] [yolo_navigator]: [STATUS] mode=FTG front=10.00 L=1.30 R=1.51 gap=+0.08 v=+0.21 w=-0.23 personLvl=1
[INFO] [1784741962.558427123] [yolo_navigator]: [STATUS] mode=FTG front=10.00 L=1.52 R=1.22 gap=-0.18 v=+0.16 w=+0.23 personLvl=1
[INFO] [1784741963.953058287] [yolo_navigator]: [PERSON] level=2 h=206px
[INFO] [1784741967.561861100] [yolo_navigator]: [STATUS] mode=FTG front=10.00 L=1.67 R=1.09 gap=-0.17 v=+0.10 w=+0.25 personLvl=2
[INFO] [1784741972.622225296] [yolo_navigator]: [STATUS] mode=FTG front=10.00 L=1.75 R=1.18 gap=-0.18 v=+0.10 w=+0.23 personLvl=2
[INFO] [1784741977.202191155] [yolo_navigator]: [PERSON] level=0 h=0px
[INFO] [1784741977.652083132] [yolo_navigator]: [STATUS] mode=FTG front=10.00 L=1.80 R=1.40 gap=+0.16 v=+0.32 w=-0.13 personLvl=0
[INFO] [1784741977.701818345] [yolo_navigator]: [PERSON] level=2 h=253px
[INFO] [1784741982.559074997] [yolo_navigator]: [PERSON] level=0 h=0px
[INFO] [1784741982.701899230] [yolo_navigator]: [STATUS] mode=FTG front=10.00 L=1.88 R=1.66 gap=+0.17 v=+0.32 w=-0.17 personLvl=0
[INFO] [1784741983.251724702] [yolo_navigator]: [PERSON] level=2 h=254px
[INFO] [1784741987.702546086] [yolo_navigator]: [STATUS] mode=FTG front=10.00 L=2.11 R=1.73 gap=-0.23 v=+0.10 w=+0.21 personLvl=2
[INFO] [1784741989.012914982] [yolo_navigator]: [PERSON] level=0 h=0px
[INFO] [1784741992.751687106] [yolo_navigator]: [STATUS] mode=FTG front=10.00 L=2.07 R=2.44 gap=+0.33 v=+0.24 w=+0.06 personLvl=0
[INFO] [1784741997.818927161] [yolo_navigator]: [STATUS] mode=FTG front=10.00 L=2.21 R=1.83 gap=+0.23 v=+0.29 w=-0.15 personLvl=0
[INFO] [1784742002.851215348] [yolo_navigator]: [STATUS] mode=FTG front=10.00 L=2.27 R=1.27 gap=+0.31 v=+0.25 w=+0.02 personLvl=0
[INFO] [1784742007.901302629] [yolo_navigator]: [STATUS] mode=FTG front=10.00 L=2.32 R=0.87 gap=+0.32 v=+0.25 w=+0.01 personLvl=0
[INFO] [1784742012.901679963] [yolo_navigator]: [STATUS] mode=FTG front=10.00 L=2.31 R=2.86 gap=+0.13 v=+0.34 w=+0.23 personLvl=0
[INFO] [1784742017.950975914] [yolo_navigator]: [STATUS] mode=FTG front=10.00 L=1.91 R=2.06 gap=-0.64 v=+0.10 w=-0.77 personLvl=0
[INFO] [1784742022.951344085] [yolo_navigator]: [STATUS] mode=FTG front=10.00 L=1.55 R=1.55 gap=+0.09 v=+0.36 w=+0.40 personLvl=0
[INFO] [1784742027.952010656] [yolo_navigator]: [STATUS] mode=FTG front=10.00 L=1.11 R=1.25 gap=-0.32 v=+0.25 w=-0.03 personLvl=0
[INFO] [1784742033.016391301] [yolo_navigator]: [STATUS] mode=FTG front=0.95 L=0.73 R=1.54 gap=-0.19 v=+0.31 w=+0.10 personLvl=0
[INFO] [1784742038.052270188] [yolo_navigator]: [STATUS] mode=FTG front=0.53 L=0.44 R=2.70 gap=-0.37 v=+0.12 w=-0.05 personLvl=0
[INFO] [1784742040.951758822] [yolo_navigator]: [ROTATE_OPEN] front=0.40 open=-1.45
[INFO] [1784742041.801195037] [yolo_navigator]: [FTG] gap=-0.30 W=0.99
[INFO] [1784742043.101091557] [yolo_navigator]: [STATUS] mode=FTG front=10.00 L=0.42 R=1.48 gap=+0.15 v=+0.33 w=-0.31 personLvl=0
[INFO] [1784742048.101505457] [yolo_navigator]: [STATUS] mode=FTG front=10.00 L=0.89 R=1.19 gap=-0.26 v=+0.27 w=-0.10 personLvl=0
[INFO] [1784742053.151462388] [yolo_navigator]: [STATUS] mode=FTG front=10.00 L=1.59 R=1.47 gap=-0.30 v=+0.26 w=-0.03 personLvl=0
[INFO] [1784742058.151457791] [yolo_navigator]: [STATUS] mode=FTG front=10.00 L=2.27 R=2.37 gap=-0.20 v=+0.31 w=+0.04 personLvl=0
[INFO] [1784742063.152655473] [yolo_navigator]: [STATUS] mode=FTG front=10.00 L=1.84 R=2.45 gap=-0.02 v=+0.39 w=+0.25 personLvl=0
[INFO] [1784742068.181670262] [yolo_navigator]: [STATUS] mode=FTG front=10.00 L=1.40 R=2.99 gap=-0.35 v=+0.23 w=-0.08 personLvl=0
[INFO] [1784742073.195299110] [yolo_navigator]: [STATUS] mode=FTG front=10.00 L=1.02 R=2.50 gap=+0.05 v=+0.37 w=+0.34 personLvl=0
[INFO] [1784742078.201915991] [yolo_navigator]: [STATUS] mode=FTG front=0.84 L=0.61 R=2.05 gap=-0.44 v=+0.19 w=-0.13 personLvl=0
[INFO] [1784742083.202356733] [yolo_navigator]: [STATUS] mode=FTG front=0.47 L=0.39 R=1.73 gap=-0.35 v=+0.09 w=-0.01 personLvl=0
[INFO] [1784742085.151623721] [yolo_navigator]: [ROTATE_OPEN] front=0.39 open=-1.38
[INFO] [1784742086.006657846] [yolo_navigator]: [FTG] gap=-0.28 W=2.51
[INFO] [1784742088.251712943] [yolo_navigator]: [STATUS] mode=FTG front=10.00 L=0.47 R=1.41 gap=+0.29 v=+0.26 w=-0.03 personLvl=0
[INFO] [1784742093.301861766] [yolo_navigator]: [STATUS] mode=FTG front=10.00 L=0.68 R=0.83 gap=+0.38 v=+0.22 w=-0.01 personLvl=0
[INFO] [1784742098.435768829] [yolo_navigator]: [STATUS] mode=FTG front=10.00 L=0.84 R=0.45 gap=-0.37 v=+0.22 w=+0.07 personLvl=0
[INFO] [1784742103.401235503] [yolo_navigator]: [STATUS] mode=FTG front=10.00 L=0.99 R=1.88 gap=-0.43 v=+0.20 w=-0.03 personLvl=0
[INFO] [1784742108.413630974] [yolo_navigator]: [STATUS] mode=FTG front=1.17 L=1.20 R=1.34 gap=-0.43 v=+0.19 w=-0.08 personLvl=0
[INFO] [1784742113.452419946] [yolo_navigator]: [STATUS] mode=FTG front=0.81 L=0.80 R=2.91 gap=-0.41 v=+0.20 w=-0.07 personLvl=0
[INFO] [1784742118.450813055] [yolo_navigator]: [ROTATE_OPEN] front=0.39 open=-0.47
[INFO] [1784742118.500924024] [yolo_navigator]: [STATUS] mode=ROTATE_OPEN front=0.39 L=0.45 R=2.50 gap=-0.35 v=+0.00 w=-0.72 personLvl=0
[INFO] [1784742119.500531895] [yolo_navigator]: [FTG] gap=-0.19 W=12.65
[INFO] [1784742123.501767324] [yolo_navigator]: [STATUS] mode=FTG front=10.00 L=1.90 R=2.93 gap=+0.07 v=+0.37 w=-0.37 personLvl=0
[INFO] [1784742128.503261933] [yolo_navigator]: [STATUS] mode=FTG front=10.00 L=1.41 R=2.48 gap=+0.20 v=+0.31 w=-0.21 personLvl=0
[INFO] [1784742133.551499878] [yolo_navigator]: [STATUS] mode=FTG front=10.00 L=1.51 R=2.20 gap=+0.34 v=+0.24 w=+0.81 personLvl=0
[INFO] [1784742138.601254855] [yolo_navigator]: [STATUS] mode=FTG front=10.00 L=1.36 R=1.63 gap=-0.12 v=+0.34 w=+0.20 personLvl=0
[INFO] [1784742143.601526315] [yolo_navigator]: [STATUS] mode=FTG front=10.00 L=1.54 R=0.95 gap=+0.15 v=+0.33 w=-0.27 personLvl=0
[INFO] [1784742148.602052587] [yolo_navigator]: [STATUS] mode=FTG front=10.00 L=4.76 R=0.60 gap=+0.15 v=+0.33 w=-0.27 personLvl=0
[INFO] [1784742153.650897767] [yolo_navigator]: [STATUS] mode=FTG front=10.00 L=4.63 R=3.70 gap=-0.19 v=+0.31 w=+0.14 personLvl=0
[INFO] [1784742158.661723185] [yolo_navigator]: [STATUS] mode=FTG front=10.00 L=4.50 R=3.26 gap=+0.20 v=+0.30 w=-0.20 personLvl=0
[INFO] [1784742163.701918337] [yolo_navigator]: [STATUS] mode=FTG front=10.00 L=4.40 R=2.88 gap=+0.27 v=+0.27 w=-0.11 personLvl=0
[INFO] [1784742168.752860916] [yolo_navigator]: [STATUS] mode=FTG front=10.00 L=2.70 R=2.53 gap=-0.32 v=+0.25 w=+0.00 personLvl=0
[INFO] [1784742173.751972397] [yolo_navigator]: [STATUS] mode=FTG front=10.00 L=2.06 R=2.30 gap=-0.43 v=+0.19 w=-0.04 personLvl=0
[INFO] [1784742178.802533947] [yolo_navigator]: [STATUS] mode=FTG front=10.00 L=1.55 R=1.87 gap=-0.41 v=+0.20 w=-0.05 personLvl=0
[INFO] [1784742183.842406935] [yolo_navigator]: [STATUS] mode=FTG front=10.00 L=1.18 R=2.03 gap=-0.41 v=+0.21 w=-0.09 personLvl=0
[INFO] [1784742188.851663014] [yolo_navigator]: [STATUS] mode=FTG front=10.00 L=0.75 R=1.73 gap=-0.20 v=+0.30 w=+0.18 personLvl=0
[INFO] [1784742193.869563756] [yolo_navigator]: [STATUS] mode=FTG front=10.00 L=0.37 R=2.06 gap=-0.37 v=+0.22 w=-0.02 personLvl=0
[INFO] [1784742198.900788946] [yolo_navigator]: [STATUS] mode=FTG front=10.00 L=0.57 R=2.49 gap=-0.17 v=+0.32 w=+0.03 personLvl=0
[INFO] [1784742203.902015475] [yolo_navigator]: [STATUS] mode=FTG front=10.00 L=0.86 R=1.76 gap=+1.31 v=+0.10 w=+1.20 personLvl=0
[INFO] [1784742208.551196001] [yolo_navigator]: [ROTATE_OPEN] front=0.38 open=-0.07
[INFO] [1784742208.900484740] [yolo_navigator]: [REVERSE] front=0.30 dir=-1
[INFO] [1784742208.956540235] [yolo_navigator]: [STATUS] mode=REVERSE front=0.29 L=0.36 R=1.95 gap=-0.15 v=+0.05 w=-1.20 personLvl=0
[INFO] [1784742209.665354661] [yolo_navigator]: [FTG] gap=+0.00 W=0.78
[INFO] [1784742214.003006538] [yolo_navigator]: [STATUS] mode=FTG front=10.00 L=0.71 R=1.46 gap=+0.14 v=+0.33 w=+0.36 personLvl=0
[INFO] [1784742219.019268297] [yolo_navigator]: [STATUS] mode=FTG front=10.00 L=1.21 R=1.19 gap=-0.13 v=+0.34 w=-0.57 personLvl=0
[INFO] [1784742224.051921430] [yolo_navigator]: [STATUS] mode=FTG front=10.00 L=1.95 R=1.21 gap=+0.15 v=+0.33 w=+0.02 personLvl=0
[INFO] [1784742229.117409529] [yolo_navigator]: [STATUS] mode=FTG front=10.00 L=1.16 R=1.52 gap=+0.22 v=+0.29 w=-0.02 personLvl=0
[INFO] [1784742234.102449014] [yolo_navigator]: [STATUS] mode=FTG front=0.48 L=0.57 R=0.55 gap=+0.28 v=+0.11 w=-0.01 personLvl=0
[INFO] [1784742235.715718721] [yolo_navigator]: [ROTATE_OPEN] front=0.39 open=+0.33
[INFO] [1784742236.701039866] [yolo_navigator]: [FTG] gap=+0.02 W=1.62
[INFO] [1784742237.651187793] [yolo_navigator]: [ROTATE_OPEN] front=0.38 open=+1.31
[INFO] [1784742238.201674393] [yolo_navigator]: [REVERSE] front=0.32 dir=-1
[INFO] [1784742239.142432523] [yolo_navigator]: [STATUS] mode=REVERSE front=0.36 L=0.41 R=0.44 gap=-0.46 v=-0.30 w=-0.80 personLvl=0
[INFO] [1784742239.851316767] [yolo_navigator]: [FTG] gap=-0.30 W=1.76
[INFO] [1784742241.051159667] [yolo_navigator]: [ROTATE_OPEN] front=0.39 open=+0.07
[INFO] [1784742241.551219648] [yolo_navigator]: [FTG] gap=-0.02 W=1.76
[INFO] [1784742243.151297953] [yolo_navigator]: [ROTATE_OPEN] front=0.40 open=+1.34
[INFO] [1784742243.200806131] [yolo_navigator]: [FTG] gap=-0.30 W=1.58
[INFO] [1784742244.158481161] [yolo_navigator]: [STATUS] mode=FTG front=0.54 L=0.36 R=0.31 gap=-0.21 v=+0.17 w=-0.08 personLvl=0
[INFO] [1784742249.207350399] [yolo_navigator]: [STATUS] mode=FTG front=10.00 L=3.42 R=1.82 gap=+0.03 v=+0.39 w=+0.24 personLvl=0
[INFO] [1784742254.308489768] [yolo_navigator]: [STATUS] mode=FTG front=10.00 L=2.95 R=1.57 gap=-0.52 v=+0.15 w=-0.43 personLvl=0
[INFO] [1784742259.301061358] [yolo_navigator]: [STATUS] mode=FTG front=10.00 L=1.84 R=1.47 gap=-0.05 v=+0.38 w=-0.27 personLvl=0
[INFO] [1784742264.351997065] [yolo_navigator]: [STATUS] mode=FTG front=10.00 L=1.01 R=1.49 gap=+0.19 v=+0.31 w=+0.04 personLvl=0
[INFO] [1784742268.950907957] [yolo_navigator]: [WEDGE] open=-0.93
[INFO] [1784742269.408405364] [yolo_navigator]: [STATUS] mode=WEDGE front=10.00 L=0.94 R=2.26 gap=+0.00 v=+0.40 w=-1.00 personLvl=0
[INFO] [1784742269.410491106] [yolo_navigator]: [FTG] gap=-1.40 W=2.33
[INFO] [1784742272.051116100] [yolo_navigator]: [WEDGE] open=-1.03
[INFO] [1784742272.951626654] [yolo_navigator]: [FTG] gap=+0.64 W=3.54
[INFO] [1784742274.405919720] [yolo_navigator]: [STATUS] mode=FTG front=10.00 L=0.93 R=1.88 gap=+0.65 v=+0.10 w=+0.25 personLvl=0
[INFO] [1784742278.051311739] [yolo_navigator]: [WEDGE] open=+0.35
[INFO] [1784742279.401774624] [yolo_navigator]: [STATUS] mode=WEDGE front=10.00 L=0.76 R=1.66 gap=+0.00 v=+0.40 w=+0.34 personLvl=0
[INFO] [1784742281.151003399] [yolo_navigator]: [FTG] gap=-1.17 W=1.74
[INFO] [1784742282.801356397] [yolo_navigator]: [WEDGE] open=+0.10
[INFO] [1784742284.452194100] [yolo_navigator]: [STATUS] mode=WEDGE front=10.00 L=0.47 R=1.52 gap=+0.00 v=+0.40 w=+0.42 personLvl=0
[INFO] [1784742284.851299362] [yolo_navigator]: [ROTATE_OPEN] front=0.38 open=+0.28
[INFO] [1784742285.101642896] [yolo_navigator]: [REVERSE] front=0.31 dir=-1
[INFO] [1784742286.950738231] [yolo_navigator]: [WEDGE] open=+0.63
[INFO] [1784742287.151430765] [yolo_navigator]: [FTG] gap=+0.57 W=2.89
[INFO] [1784742289.501063499] [yolo_navigator]: [STATUS] mode=FTG front=10.00 L=0.31 R=1.37 gap=+0.66 v=+0.10 w=+0.34 personLvl=0
[INFO] [1784742290.401864856] [yolo_navigator]: [REVERSE] front=0.16 dir=-1
[INFO] [1784742291.301381801] [yolo_navigator]: [FTG] gap=+0.62 W=4.30
[INFO] [1784742294.501470488] [yolo_navigator]: [STATUS] mode=FTG front=10.00 L=0.19 R=2.09 gap=+0.47 v=+0.15 w=+0.11 personLvl=0
[INFO] [1784742299.502973681] [yolo_navigator]: [STATUS] mode=FTG front=10.00 L=0.23 R=2.03 gap=+0.42 v=+0.15 w=-0.32 personLvl=0
[INFO] [1784742304.552474781] [yolo_navigator]: [STATUS] mode=FTG front=10.00 L=0.23 R=2.02 gap=-0.05 v=+0.15 w=-1.04 personLvl=0
[INFO] [1784742309.602305745] [yolo_navigator]: [STATUS] mode=FTG front=10.00 L=0.50 R=1.77 gap=+0.04 v=+0.38 w=-0.22 personLvl=0
[INFO] [1784742314.618633803] [yolo_navigator]: [STATUS] mode=FTG front=10.00 L=0.97 R=1.30 gap=+0.39 v=+0.21 w=+0.13 personLvl=0
[INFO] [1784742319.652335919] [yolo_navigator]: [STATUS] mode=FTG front=1.08 L=1.39 R=0.88 gap=+0.61 v=+0.11 w=+0.36 personLvl=0
[INFO] [1784742324.701399243] [yolo_navigator]: [STATUS] mode=FTG front=0.82 L=1.45 R=0.58 gap=+0.39 v=+0.21 w=+0.06 personLvl=0
[INFO] [1784742329.702782140] [yolo_navigator]: [STATUS] mode=FTG front=0.43 L=2.49 R=0.37 gap=+0.35 v=+0.06 w=+0.01 personLvl=0
[INFO] [1784742330.654709053] [yolo_navigator]: [ROTATE_OPEN] front=0.40 open=+0.42
[INFO] [1784742331.519802051] [yolo_navigator]: [FTG] gap=+0.30 W=2.13
[INFO] [1784742334.701955380] [yolo_navigator]: [STATUS] mode=FTG front=10.00 L=1.99 R=0.37 gap=+0.00 v=+0.40 w=+0.20 personLvl=0
[INFO] [1784742339.751853357] [yolo_navigator]: [STATUS] mode=FTG front=1.09 L=1.09 R=0.53 gap=-0.29 v=+0.26 w=+0.11 personLvl=0
[INFO] [1784742344.802132844] [yolo_navigator]: [STATUS] mode=FTG front=0.63 L=0.65 R=0.63 gap=-0.50 v=+0.13 w=-0.07 personLvl=0
[INFO] [1784742349.802017018] [yolo_navigator]: [STATUS] mode=FTG front=0.41 L=0.45 R=0.64 gap=-0.48 v=+0.04 w=-0.03 personLvl=0
[INFO] [1784742350.201432602] [yolo_navigator]: [ROTATE_OPEN] front=0.40 open=-0.23
[INFO] [1784742351.101444885] [yolo_navigator]: [FTG] gap=-0.40 W=2.84
[INFO] [1784742354.852343434] [yolo_navigator]: [STATUS] mode=FTG front=0.54 L=0.41 R=0.44 gap=+0.39 v=+0.12 w=+0.06 personLvl=0
[INFO] [1784742358.500748584] [yolo_navigator]: [ROTATE_OPEN] front=0.39 open=+0.52
[INFO] [1784742358.850283013] [yolo_navigator]: [FTG] gap=+0.32 W=3.10
[INFO] [1784742359.801490027] [yolo_navigator]: [TRAP] L=0.34 R=0.35
[INFO] [1784742359.916155178] [yolo_navigator]: [STATUS] mode=TRAP front=0.49 L=0.34 R=0.35 gap=+0.21 v=-0.25 w=-1.20 personLvl=0
[INFO] [1784742362.818433416] [yolo_navigator]: [FTG] gap=+0.49 W=2.25
[INFO] [1784742364.959258726] [yolo_navigator]: [STATUS] mode=FTG front=0.86 L=0.37 R=0.44 gap=+0.18 v=+0.31 w=-0.21 personLvl=0
[INFO] [1784742366.351680640] [yolo_navigator]: [ROTATE_OPEN] front=0.39 open=+0.51
[INFO] [1784742366.501215689] [yolo_navigator]: [TRAP] L=0.34 R=0.35
[INFO] [1784742369.500949476] [yolo_navigator]: [FTG] gap=+0.45 W=1.36
[INFO] [1784742370.007564686] [yolo_navigator]: [STATUS] mode=FTG front=0.49 L=0.39 R=0.52 gap=+0.73 v=+0.04 w=+0.52 personLvl=0
[INFO] [1784742375.052448212] [yolo_navigator]: [STATUS] mode=FTG front=0.56 L=0.31 R=0.44 gap=+0.39 v=+0.13 w=+0.06 personLvl=0
[INFO] [1784742378.900685144] [yolo_navigator]: [ROTATE_OPEN] front=0.40 open=+0.52
[INFO] [1784742379.701569696] [yolo_navigator]: [FTG] gap=+0.34 W=2.60
[INFO] [1784742380.052362955] [yolo_navigator]: [STATUS] mode=FTG front=0.66 L=0.27 R=0.37 gap=+0.18 v=+0.28 w=-0.22 personLvl=0
[INFO] [1784742380.300344482] [yolo_navigator]: [REVERSE] front=0.19 dir=-1
[INFO] [1784742380.301224441] [yolo_navigator]: [COMMIT] Ταλάντωση σε περατό στενό (W=2.07) -> αποφασιστικό πέρασμα
[INFO] [1784742380.352224552] [yolo_navigator]: [COMMIT] steer=-0.71 front=0.17
[INFO] [1784742380.801864429] [yolo_navigator]: [COMMIT] Απέτυχε (front<0.15), αποτυχία #1
[INFO] [1784742380.802819655] [yolo_navigator]: [REVERSE] front=0.15 dir=-1
[INFO] [1784742381.200884275] [yolo_navigator]: [FTG] gap=+0.11 W=2.26
[INFO] [1784742382.101578998] [yolo_navigator]: [ROTATE_OPEN] front=0.38 open=+0.54
[INFO] [1784742382.313184120] [yolo_navigator]: [TRAP] L=0.28 R=0.35
[INFO] [1784742382.313623514] [yolo_navigator]: [WALL_FOLLOW] 5x REVERSE/TRAP σε 60s -> ακολουθώ τον αριστερό τοίχο για 25s (L=0.28 R=0.35)
[INFO] [1784742382.352621165] [yolo_navigator]: [WALL_FOLLOW] side=L d=0.28 front=0.35
[INFO] [1784742385.101927646] [yolo_navigator]: [STATUS] mode=WALL_FOLLOW front=0.24 L=0.34 R=0.29 gap=+1.24 v=+0.00 w=-1.00 personLvl=0
[INFO] [1784742390.137634801] [yolo_navigator]: [STATUS] mode=WALL_FOLLOW front=10.00 L=0.41 R=0.53 gap=-0.07 v=+0.22 w=-0.13 personLvl=0
[INFO] [1784742395.161790478] [yolo_navigator]: [STATUS] mode=WALL_FOLLOW front=10.00 L=0.55 R=1.82 gap=+0.04 v=+0.22 w=+0.08 personLvl=0
[INFO] [1784742400.255231232] [yolo_navigator]: [STATUS] mode=WALL_FOLLOW front=10.00 L=0.57 R=1.42 gap=+0.10 v=+0.22 w=+0.11 personLvl=0
[INFO] [1784742405.251959734] [yolo_navigator]: [STATUS] mode=WALL_FOLLOW front=10.00 L=0.49 R=1.33 gap=-0.03 v=+0.22 w=-0.01 personLvl=0
[INFO] [1784742407.351114315] [yolo_navigator]: [FTG] gap=-0.01 W=1.35
[INFO] [1784742409.551285205] [yolo_navigator]: [ROTATE_OPEN] front=0.39 open=-0.96
[INFO] [1784742409.851358309] [yolo_navigator]: [FTG] gap=-0.22 W=1.63
[INFO] [1784742410.302110428] [yolo_navigator]: [STATUS] mode=FTG front=0.43 L=0.33 R=1.73 gap=-0.21 v=+0.08 w=-0.39 personLvl=0
[INFO] [1784742415.351606733] [yolo_navigator]: [STATUS] mode=FTG front=10.00 L=0.32 R=1.70 gap=+0.07 v=+0.37 w=-0.03 personLvl=0
[INFO] [1784742420.401911613] [yolo_navigator]: [STATUS] mode=FTG front=10.00 L=0.36 R=1.74 gap=-0.48 v=+0.17 w=-0.16 personLvl=0
[INFO] [1784742425.479065427] [yolo_navigator]: [STATUS] mode=FTG front=10.00 L=0.59 R=1.52 gap=-0.36 v=+0.23 w=-0.05 personLvl=0
[INFO] [1784742430.501427836] [yolo_navigator]: [STATUS] mode=FTG front=0.67 L=0.85 R=0.70 gap=-0.42 v=+0.18 w=-0.14 personLvl=0
[INFO] [1784742434.851218263] [yolo_navigator]: [ROTATE_OPEN] front=0.40 open=-1.05
[INFO] [1784742435.502587890] [yolo_navigator]: [STATUS] mode=ROTATE_OPEN front=0.38 L=0.47 R=0.40 gap=-0.92 v=+0.00 w=-1.00 personLvl=0
[INFO] [1784742435.870200985] [yolo_navigator]: [FTG] gap=-0.84 W=7.67
[INFO] [1784742436.200546933] [yolo_navigator]: [ROTATE_OPEN] front=0.39 open=-0.72
[INFO] [1784742437.450941242] [yolo_navigator]: [FTG] gap=-0.18 W=5.39
[INFO] [1784742440.560480644] [yolo_navigator]: [STATUS] mode=FTG front=10.00 L=1.17 R=1.10 gap=+0.30 v=+0.25 w=-0.07 personLvl=0
[INFO] [1784742445.623597120] [yolo_navigator]: [STATUS] mode=FTG front=10.00 L=2.76 R=0.55 gap=+0.37 v=+0.22 w=+0.03 personLvl=0
[INFO] [1784742450.651396981] [yolo_navigator]: [STATUS] mode=FTG front=0.93 L=2.45 R=0.37 gap=+0.37 v=+0.22 w=+0.03 personLvl=0
[INFO] [1784742455.701459412] [yolo_navigator]: [STATUS] mode=FTG front=10.00 L=2.16 R=0.29 gap=+0.36 v=+0.23 w=+0.03 personLvl=0
[INFO] [1784742460.770773888] [yolo_navigator]: [STATUS] mode=FTG front=10.00 L=1.98 R=3.67 gap=+0.37 v=+0.22 w=+0.03 personLvl=0
[INFO] [1784742465.802800189] [yolo_navigator]: [STATUS] mode=FTG front=10.00 L=1.91 R=2.98 gap=-1.19 v=+0.10 w=-1.14 personLvl=0
[INFO] [1784742470.813005884] [yolo_navigator]: [STATUS] mode=FTG front=10.00 L=2.23 R=2.77 gap=-0.17 v=+0.32 w=+0.15 personLvl=0
[INFO] [1784742475.837740252] [yolo_navigator]: [STATUS] mode=FTG front=10.00 L=1.65 R=2.97 gap=-0.25 v=+0.28 w=+0.15 personLvl=0
[INFO] [1784742480.850990079] [yolo_navigator]: [STATUS] mode=FTG front=10.00 L=1.15 R=2.82 gap=-0.68 v=+0.10 w=-0.46 personLvl=0
[INFO] [1784742485.851970006] [yolo_navigator]: [STATUS] mode=FTG front=0.99 L=0.77 R=2.30 gap=-0.56 v=+0.13 w=-0.29 personLvl=0
[INFO] [1784742490.901441922] [yolo_navigator]: [STATUS] mode=FTG front=0.84 L=0.55 R=2.47 gap=-0.35 v=+0.23 w=-0.01 personLvl=0
[INFO] [1784742495.942131301] [yolo_navigator]: [STATUS] mode=FTG front=0.41 L=0.37 R=2.36 gap=-0.35 v=+0.06 w=-0.01 personLvl=0
[INFO] [1784742496.601784862] [yolo_navigator]: [ROTATE_OPEN] front=0.39 open=+0.30
[INFO] [1784742497.551217894] [yolo_navigator]: [REVERSE] front=0.31 dir=-1
[INFO] [1784742499.411798337] [yolo_navigator]: [FTG] gap=-0.23 W=2.84
[INFO] [1784742500.902298817] [yolo_navigator]: [STATUS] mode=FTG front=10.00 L=1.12 R=2.18 gap=+0.05 v=+0.38 w=-0.29 personLvl=0
[INFO] [1784742505.951278823] [yolo_navigator]: [STATUS] mode=FTG front=10.00 L=0.97 R=1.52 gap=+0.27 v=+0.27 w=-0.01 personLvl=0
[INFO] [1784742510.969737197] [yolo_navigator]: [STATUS] mode=FTG front=10.00 L=1.33 R=1.08 gap=+0.28 v=+0.26 w=+0.01 personLvl=0
[INFO] [1784742516.001590854] [yolo_navigator]: [STATUS] mode=FTG front=10.00 L=1.67 R=0.85 gap=+0.29 v=+0.26 w=+0.00 personLvl=0
[INFO] [1784742521.001353874] [yolo_navigator]: [STATUS] mode=FTG front=10.00 L=2.03 R=2.43 gap=+0.30 v=+0.26 w=+0.02 personLvl=0
[INFO] [1784742526.050791459] [yolo_navigator]: [STATUS] mode=FTG front=10.00 L=2.43 R=2.24 gap=+0.19 v=+0.31 w=-0.18 personLvl=0
[INFO] [1784742531.052302915] [yolo_navigator]: [STATUS] mode=FTG front=10.00 L=2.88 R=2.12 gap=+0.47 v=+0.17 w=+0.21 personLvl=0
[INFO] [1784742536.052935758] [yolo_navigator]: [STATUS] mode=FTG front=10.00 L=2.73 R=1.13 gap=+0.26 v=+0.28 w=-0.00 personLvl=0
[INFO] [1784742541.100520836] [yolo_navigator]: [STATUS] mode=FTG front=0.92 L=2.91 R=0.54 gap=+0.30 v=+0.26 w=+0.03 personLvl=0
[INFO] [1784742546.101891533] [yolo_navigator]: [STATUS] mode=FTG front=0.44 L=3.00 R=0.34 gap=+0.29 v=+0.09 w=-0.00 personLvl=0
[INFO] [1784742547.050652670] [yolo_navigator]: [ROTATE_OPEN] front=0.40 open=+0.61
[INFO] [1784742547.702247878] [yolo_navigator]: [FTG] gap=-0.02 W=3.25
[INFO] [1784742551.104354127] [yolo_navigator]: [STATUS] mode=FTG front=10.00 L=2.76 R=0.40 gap=-0.15 v=+0.33 w=+0.43 personLvl=0
[INFO] [1784742556.151911860] [yolo_navigator]: [STATUS] mode=FTG front=10.00 L=2.47 R=0.76 gap=+0.36 v=+0.23 w=+0.53 personLvl=0
[INFO] [1784742560.750837565] [yolo_navigator]: [WEDGE] open=-0.44
[INFO] [1784742561.200862717] [yolo_navigator]: [STATUS] mode=WEDGE front=10.00 L=2.08 R=2.04 gap=+0.00 v=+0.40 w=-0.54 personLvl=0
[INFO] [1784742561.500483187] [yolo_navigator]: [FTG] gap=-0.20 W=6.79
[INFO] [1784742566.202537807] [yolo_navigator]: [STATUS] mode=FTG front=10.00 L=1.60 R=1.86 gap=-0.30 v=+0.26 w=-0.13 personLvl=0
[INFO] [1784742571.211042208] [yolo_navigator]: [STATUS] mode=FTG front=10.00 L=1.39 R=1.60 gap=-0.14 v=+0.34 w=-0.12 personLvl=0
[INFO] [1784742576.251114478] [yolo_navigator]: [STATUS] mode=FTG front=10.00 L=1.28 R=1.40 gap=-0.24 v=+0.29 w=-0.03 personLvl=0
[INFO] [1784742581.280850651] [yolo_navigator]: [STATUS] mode=FTG front=10.00 L=1.42 R=0.88 gap=-0.30 v=+0.26 w=-0.11 personLvl=0
[INFO] [1784742586.301916580] [yolo_navigator]: [STATUS] mode=FTG front=10.00 L=1.42 R=0.73 gap=-0.87 v=+0.10 w=-0.56 personLvl=0
[INFO] [1784742591.351205498] [yolo_navigator]: [STATUS] mode=FTG front=10.00 L=1.18 R=0.68 gap=+1.39 v=+0.10 w=+1.37 personLvl=0
[INFO] [1784742592.351406853] [yolo_navigator]: [WEDGE] open=-1.20
[INFO] [1784742596.351636649] [yolo_navigator]: [FTG] gap=+0.97 W=2.31
[INFO] [1784742596.352306836] [yolo_navigator]: [STATUS] mode=FTG front=0.86 L=0.83 R=1.01 gap=+0.97 v=+0.10 w=-0.65 personLvl=0
[INFO] [1784742598.051314038] [yolo_navigator]: [WEDGE] open=-0.56
[INFO] [1784742599.451675184] [yolo_navigator]: [FTG] gap=-0.32 W=1.84
[INFO] [1784742601.351992650] [yolo_navigator]: [STATUS] mode=FTG front=10.00 L=0.74 R=0.85 gap=-0.97 v=+0.10 w=-0.97 personLvl=0
[INFO] [1784742606.445311565] [yolo_navigator]: [STATUS] mode=FTG front=0.53 L=0.57 R=2.32 gap=-0.47 v=+0.10 w=-0.10 personLvl=0
[INFO] [1784742610.355935984] [yolo_navigator]: [ROTATE_OPEN] front=0.39 open=-0.33
[INFO] [1784742610.751760446] [yolo_navigator]: [FTG] gap=-0.24 W=1.89
[INFO] [1784742611.452015426] [yolo_navigator]: [STATUS] mode=FTG front=0.43 L=0.45 R=2.11 gap=-0.02 v=+0.11 w=-0.44 personLvl=0
[INFO] [1784742616.506293452] [yolo_navigator]: [STATUS] mode=FTG front=10.00 L=2.72 R=1.69 gap=+0.37 v=+0.22 w=+0.18 personLvl=0
[INFO] [1784742621.501138097] [yolo_navigator]: [STATUS] mode=FTG front=10.00 L=3.15 R=1.31 gap=+0.37 v=+0.22 w=+0.11 personLvl=0
[INFO] [1784742626.502398115] [yolo_navigator]: [STATUS] mode=FTG front=1.06 L=2.07 R=0.88 gap=+0.63 v=+0.10 w=+0.39 personLvl=0
[INFO] [1784742631.550598339] [yolo_navigator]: [STATUS] mode=FTG front=0.81 L=3.00 R=0.58 gap=+0.38 v=+0.22 w=+0.06 personLvl=0
[INFO] [1784742636.556588837] [yolo_navigator]: [STATUS] mode=FTG front=0.47 L=3.11 R=0.39 gap=+0.35 v=+0.09 w=+0.01 personLvl=0
[INFO] [1784742638.456369399] [yolo_navigator]: [ROTATE_OPEN] front=0.40 open=+0.63
[INFO] [1784742639.201472628] [yolo_navigator]: [FTG] gap=+0.34 W=3.88
[INFO] [1784742641.602463844] [yolo_navigator]: [STATUS] mode=FTG front=10.00 L=2.74 R=0.51 gap=-0.12 v=+0.34 w=+0.27 personLvl=0
[INFO] [1784742646.602204576] [yolo_navigator]: [STATUS] mode=FTG front=10.00 L=2.25 R=0.94 gap=+0.09 v=+0.36 w=-0.32 personLvl=0
[INFO] [1784742651.652880772] [yolo_navigator]: [STATUS] mode=FTG front=10.00 L=2.04 R=1.21 gap=-0.17 v=+0.32 w=+0.23 personLvl=0
[INFO] [1784742656.653870941] [yolo_navigator]: [STATUS] mode=FTG front=10.00 L=1.82 R=1.52 gap=-0.15 v=+0.33 w=+0.25 personLvl=0
[INFO] [1784742661.701290590] [yolo_navigator]: [STATUS] mode=FTG front=10.00 L=3.16 R=1.80 gap=-0.17 v=+0.32 w=+0.23 personLvl=0
[INFO] [1784742666.701671004] [yolo_navigator]: [STATUS] mode=FTG front=10.00 L=2.58 R=2.27 gap=+0.25 v=+0.28 w=+0.14 personLvl=0
[INFO] [1784742671.752066167] [yolo_navigator]: [STATUS] mode=FTG front=10.00 L=1.96 R=1.31 gap=+0.23 v=+0.29 w=+0.05 personLvl=0
[INFO] [1784742676.805262917] [yolo_navigator]: [STATUS] mode=FTG front=0.57 L=1.30 R=0.52 gap=+0.20 v=+0.20 w=+0.05 personLvl=0
[INFO] [1784742681.802029669] [yolo_navigator]: [STATUS] mode=FTG front=10.00 L=0.87 R=0.31 gap=-0.05 v=+0.38 w=-0.02 personLvl=0
[INFO] [1784742686.851345781] [yolo_navigator]: [STATUS] mode=FTG front=10.00 L=0.36 R=1.83 gap=-0.19 v=+0.31 w=-0.59 personLvl=0
[INFO] [1784742691.901684848] [yolo_navigator]: [STATUS] mode=FTG front=10.00 L=0.42 R=1.32 gap=-0.20 v=+0.30 w=-0.03 personLvl=0
[INFO] [1784742696.905181836] [yolo_navigator]: [STATUS] mode=FTG front=10.00 L=1.78 R=0.99 gap=-0.74 v=+0.10 w=-0.39 personLvl=0
[INFO] [1784742701.951247530] [yolo_navigator]: [STATUS] mode=FTG front=10.00 L=1.37 R=0.63 gap=-0.33 v=+0.24 w=-0.06 personLvl=0
[INFO] [1784742706.951997078] [yolo_navigator]: [STATUS] mode=FTG front=10.00 L=0.93 R=1.28 gap=-0.04 v=+0.38 w=+0.25 personLvl=0
[INFO] [1784742711.952031156] [yolo_navigator]: [STATUS] mode=FTG front=0.71 L=0.55 R=1.85 gap=-0.38 v=+0.22 w=-0.07 personLvl=0
[INFO] [1784742717.001660432] [yolo_navigator]: [STATUS] mode=FTG front=0.41 L=0.37 R=2.00 gap=-0.35 v=+0.05 w=-0.02 personLvl=0
[INFO] [1784742717.401590873] [yolo_navigator]: [ROTATE_OPEN] front=0.40 open=-1.10
[INFO] [1784742718.351404699] [yolo_navigator]: [FTG] gap=-0.32 W=0.81
[INFO] [1784742722.017104504] [yolo_navigator]: [STATUS] mode=FTG front=10.00 L=0.37 R=1.69 gap=+0.04 v=+0.38 w=-0.04 personLvl=0
[INFO] [1784742727.059083134] [yolo_navigator]: [STATUS] mode=FTG front=10.00 L=0.42 R=1.69 gap=-0.42 v=+0.20 w=-0.10 personLvl=0
[INFO] [1784742732.052079175] [yolo_navigator]: [STATUS] mode=FTG front=10.00 L=0.62 R=1.60 gap=-0.22 v=+0.29 w=+0.08 personLvl=0
[INFO] [1784742737.051920804] [yolo_navigator]: [STATUS] mode=FTG front=0.63 L=0.89 R=0.66 gap=-0.41 v=+0.16 w=-0.13 personLvl=0
[INFO] [1784742741.100916235] [yolo_navigator]: [ROTATE_OPEN] front=0.40 open=-1.08
[INFO] [1784742742.054062287] [yolo_navigator]: [STATUS] mode=ROTATE_OPEN front=0.39 L=0.46 R=2.01 gap=-0.19 v=+0.00 w=-1.00 personLvl=0
[INFO] [1784742742.461204236] [yolo_navigator]: [FTG] gap=-0.76 W=5.22
[INFO] [1784742742.601770528] [yolo_navigator]: [ROTATE_OPEN] front=0.39 open=-0.75
[INFO] [1784742743.601235274] [yolo_navigator]: [FTG] gap=-0.26 W=7.82
[INFO] [1784742747.100716392] [yolo_navigator]: [STATUS] mode=FTG front=10.00 L=0.54 R=1.14 gap=-0.07 v=+0.36 w=+0.31 personLvl=0
[INFO] [1784742752.102435736] [yolo_navigator]: [STATUS] mode=FTG front=10.00 L=0.79 R=1.36 gap=-0.37 v=+0.22 w=-0.03 personLvl=0
[INFO] [1784742757.150945227] [yolo_navigator]: [STATUS] mode=FTG front=10.00 L=1.12 R=1.61 gap=-0.38 v=+0.22 w=-0.02 personLvl=0
[INFO] [1784742762.151988802] [yolo_navigator]: [STATUS] mode=FTG front=10.00 L=1.16 R=3.80 gap=-0.32 v=+0.25 w=+0.03 personLvl=0
[INFO] [1784742767.201651726] [yolo_navigator]: [STATUS] mode=FTG front=0.70 L=0.64 R=3.22 gap=-0.35 v=+0.23 w=+0.00 personLvl=0
[INFO] [1784742769.954888995] [yolo_navigator]: [ROTATE_OPEN] front=0.39 open=-0.38
[INFO] [1784742770.650408761] [yolo_navigator]: [FTG] gap=-0.27 W=13.16
[INFO] [1784742772.202317659] [yolo_navigator]: [STATUS] mode=FTG front=10.00 L=0.39 R=2.93 gap=-0.01 v=+0.39 w=-0.60 personLvl=0
[INFO] [1784742777.250740518] [yolo_navigator]: [STATUS] mode=FTG front=10.00 L=2.00 R=1.87 gap=-0.20 v=+0.30 w=+0.09 personLvl=0
[INFO] [1784742782.252188021] [yolo_navigator]: [STATUS] mode=FTG front=10.00 L=1.60 R=2.65 gap=-0.28 v=+0.27 w=+0.01 personLvl=0
[INFO] [1784742787.259061696] [yolo_navigator]: [STATUS] mode=FTG front=10.00 L=1.21 R=3.39 gap=-0.31 v=+0.25 w=-0.02 personLvl=0
[INFO] [1784742792.302014766] [yolo_navigator]: [STATUS] mode=FTG front=10.00 L=0.86 R=3.69 gap=+0.02 v=+0.39 w=+0.35 personLvl=0
[INFO] [1784742797.302002234] [yolo_navigator]: [STATUS] mode=FTG front=0.81 L=0.54 R=3.43 gap=-0.35 v=+0.23 w=-0.01 personLvl=0
[INFO] [1784742802.051474245] [yolo_navigator]: [ROTATE_OPEN] front=0.40 open=-0.52
[INFO] [1784742802.352114188] [yolo_navigator]: [STATUS] mode=ROTATE_OPEN front=0.39 L=0.36 R=3.22 gap=-0.35 v=+0.00 w=-1.00 personLvl=0
[INFO] [1784742802.750571423] [yolo_navigator]: [FTG] gap=-0.30 W=2.39
[INFO] [1784742807.402996499] [yolo_navigator]: [STATUS] mode=FTG front=10.00 L=0.90 R=2.73 gap=+0.32 v=+0.25 w=-0.02 personLvl=0
[INFO] [1784742812.452181699] [yolo_navigator]: [STATUS] mode=FTG front=10.00 L=1.70 R=1.92 gap=+0.35 v=+0.23 w=+0.02 personLvl=0
[INFO] [1784742817.451945402] [yolo_navigator]: [STATUS] mode=FTG front=10.00 L=1.80 R=1.24 gap=+0.33 v=+0.24 w=-0.01 personLvl=0
[INFO] [1784742822.502104369] [yolo_navigator]: [STATUS] mode=FTG front=0.63 L=2.18 R=0.66 gap=+0.35 v=+0.19 w=+0.02 personLvl=0
[INFO] [1784742826.101616450] [yolo_navigator]: [ROTATE_OPEN] front=0.39 open=+0.66
[INFO] [1784742827.151146374] [yolo_navigator]: [FTG] gap=+0.12 W=1.70
[INFO] [1784742827.501858128] [yolo_navigator]: [STATUS] mode=FTG front=10.00 L=1.95 R=0.46 gap=+0.04 v=+0.38 w=-0.39 personLvl=0
[INFO] [1784742829.101165151] [yolo_navigator]: [ROTATE_OPEN] front=0.36 open=+0.42
[INFO] [1784742829.250892131] [yolo_navigator]: [REVERSE] front=0.28 dir=+1
[INFO] [1784742830.151309906] [yolo_navigator]: [FTG] gap=-0.03 W=2.55
[INFO] [1784742832.552743469] [yolo_navigator]: [STATUS] mode=FTG front=10.00 L=1.64 R=4.01 gap=-0.31 v=+0.25 w=-0.08 personLvl=0
[INFO] [1784742837.601788479] [yolo_navigator]: [STATUS] mode=FTG front=10.00 L=1.24 R=3.73 gap=-0.31 v=+0.25 w=-0.03 personLvl=0
[INFO] [1784742842.652392402] [yolo_navigator]: [STATUS] mode=FTG front=1.18 L=0.84 R=2.93 gap=-0.25 v=+0.28 w=+0.00 personLvl=0
[INFO] [1784742847.710542271] [yolo_navigator]: [STATUS] mode=FTG front=0.51 L=0.46 R=1.84 gap=-0.32 v=+0.13 w=-0.04 personLvl=0
[INFO] [1784742850.400305454] [yolo_navigator]: [ROTATE_OPEN] front=0.39 open=-1.12
[INFO] [1784742851.266945604] [yolo_navigator]: [FTG] gap=-0.26 W=1.78
[INFO] [1784742852.742541469] [yolo_navigator]: [STATUS] mode=FTG front=10.00 L=0.43 R=3.30 gap=+0.05 v=+0.38 w=+0.51 personLvl=0
[INFO] [1784742857.752114209] [yolo_navigator]: [STATUS] mode=FTG front=10.00 L=0.46 R=2.89 gap=+0.04 v=+0.38 w=-0.09 personLvl=0
[INFO] [1784742862.801892397] [yolo_navigator]: [STATUS] mode=FTG front=10.00 L=0.62 R=2.60 gap=+0.07 v=+0.37 w=-0.00 personLvl=0
[INFO] [1784742867.802469201] [yolo_navigator]: [STATUS] mode=FTG front=10.00 L=0.82 R=2.31 gap=+0.11 v=+0.35 w=+0.00 personLvl=0
[INFO] [1784742872.893943373] [yolo_navigator]: [STATUS] mode=FTG front=10.00 L=0.96 R=2.45 gap=-0.03 v=+0.38 w=+0.10 personLvl=0
[INFO] [1784742877.901815687] [yolo_navigator]: [STATUS] mode=FTG front=10.00 L=1.02 R=1.80 gap=+0.62 v=+0.10 w=+0.17 personLvl=0
[INFO] [1784742882.902051801] [yolo_navigator]: [STATUS] mode=FTG front=10.00 L=1.05 R=1.52 gap=-0.34 v=+0.24 w=-0.12 personLvl=0
[INFO] [1784742887.951957764] [yolo_navigator]: [STATUS] mode=FTG front=10.00 L=1.35 R=0.99 gap=-0.24 v=+0.28 w=-0.03 personLvl=0
[INFO] [1784742893.065659211] [yolo_navigator]: [STATUS] mode=FTG front=10.00 L=1.35 R=0.85 gap=+1.31 v=+0.10 w=+1.30 personLvl=0
[INFO] [1784742893.901047802] [yolo_navigator]: [WEDGE] open=-1.20
[INFO] [1784742895.900570903] [yolo_navigator]: [FTG] gap=+1.12 W=2.76
[INFO] [1784742896.951092938] [yolo_navigator]: [WEDGE] open=-0.72
[INFO] [1784742898.107795153] [yolo_navigator]: [STATUS] mode=WEDGE front=0.87 L=0.86 R=1.17 gap=+0.00 v=+0.05 w=-1.00 personLvl=0
[INFO] [1784742898.351453416] [yolo_navigator]: [FTG] gap=+0.71 W=2.34
[INFO] [1784742903.101024095] [yolo_navigator]: [STATUS] mode=FTG front=0.87 L=0.87 R=0.86 gap=-1.10 v=+0.10 w=-0.99 personLvl=0
[INFO] [1784742908.156150590] [yolo_navigator]: [STATUS] mode=FTG front=0.49 L=0.54 R=2.21 gap=-0.38 v=+0.10 w=-0.40 personLvl=0
[INFO] [1784742911.001562201] [yolo_navigator]: [ROTATE_OPEN] front=0.39 open=-0.14
[INFO] [1784742912.301715216] [yolo_navigator]: [FTG] gap=+0.00 W=4.15
[INFO] [1784742913.201500921] [yolo_navigator]: [STATUS] mode=FTG front=10.00 L=0.46 R=1.99 gap=-0.16 v=+0.32 w=-0.48 personLvl=0
[INFO] [1784742918.201970347] [yolo_navigator]: [STATUS] mode=FTG front=10.00 L=3.23 R=1.48 gap=+0.63 v=+0.10 w=+0.39 personLvl=0
[INFO] [1784742923.251644008] [yolo_navigator]: [STATUS] mode=FTG front=10.00 L=3.01 R=1.14 gap=+0.32 v=+0.25 w=+0.03 personLvl=0
[INFO] [1784742928.251998243] [yolo_navigator]: [STATUS] mode=FTG front=0.78 L=1.86 R=0.65 gap=+0.58 v=+0.12 w=+0.31 personLvl=0
[INFO] [1784742933.251996758] [yolo_navigator]: [STATUS] mode=FTG front=0.57 L=3.07 R=0.44 gap=+0.35 v=+0.15 w=+0.01 personLvl=0
[INFO] [1784742936.352365664] [yolo_navigator]: [ROTATE_OPEN] front=0.40 open=+0.65
[INFO] [1784742937.150370204] [yolo_navigator]: [FTG] gap=+0.30 W=2.00
[INFO] [1784742938.301818867] [yolo_navigator]: [STATUS] mode=FTG front=10.00 L=2.85 R=0.40 gap=-0.03 v=+0.39 w=+0.49 personLvl=0
[INFO] [1784742943.302059567] [yolo_navigator]: [STATUS] mode=FTG front=10.00 L=2.36 R=0.80 gap=+0.12 v=+0.34 w=-0.27 personLvl=0
[INFO] [1784742948.354125645] [yolo_navigator]: [STATUS] mode=FTG front=10.00 L=2.12 R=1.10 gap=-0.13 v=+0.34 w=+0.28 personLvl=0
[INFO] [1784742953.385679741] [yolo_navigator]: [STATUS] mode=FTG front=10.00 L=1.88 R=1.45 gap=-0.15 v=+0.33 w=+0.25 personLvl=0
[INFO] [1784742958.400785862] [yolo_navigator]: [STATUS] mode=FTG front=10.00 L=3.24 R=1.77 gap=-0.17 v=+0.32 w=+0.23 personLvl=0
[INFO] [1784742963.401454168] [yolo_navigator]: [STATUS] mode=FTG front=10.00 L=2.61 R=2.25 gap=+0.12 v=+0.34 w=-0.26 personLvl=0
[INFO] [1784742968.416178704] [yolo_navigator]: [STATUS] mode=FTG front=10.00 L=2.05 R=1.40 gap=+0.22 v=+0.30 w=+0.02 personLvl=0
[INFO] [1784742973.452338597] [yolo_navigator]: [STATUS] mode=FTG front=0.57 L=1.33 R=0.53 gap=+0.20 v=+0.20 w=+0.05 personLvl=0
[INFO] [1784742976.251232144] [yolo_navigator]: [ROTATE_OPEN] front=0.39 open=+0.02
[INFO] [1784742976.601308422] [yolo_navigator]: [FTG] gap=+0.15 W=1.86
[INFO] [1784742978.451226700] [yolo_navigator]: [STATUS] mode=FTG front=10.00 L=1.00 R=0.32 gap=-0.06 v=+0.37 w=-0.01 personLvl=0
[INFO] [1784742983.452996211] [yolo_navigator]: [STATUS] mode=FTG front=0.63 L=0.41 R=1.90 gap=-0.22 v=+0.24 w=-0.04 personLvl=0
[INFO] [1784742988.500848985] [yolo_navigator]: [STATUS] mode=FTG front=10.00 L=0.40 R=1.40 gap=-0.08 v=+0.36 w=+0.12 personLvl=0
[INFO] [1784742993.502818953] [yolo_navigator]: [STATUS] mode=FTG front=10.00 L=1.00 R=1.05 gap=-0.84 v=+0.10 w=-0.53 personLvl=0
[INFO] [1784742998.551189907] [yolo_navigator]: [STATUS] mode=FTG front=10.00 L=1.45 R=0.67 gap=-0.33 v=+0.24 w=-0.05 personLvl=0
[INFO] [1784743003.600567189] [yolo_navigator]: [STATUS] mode=FTG front=10.00 L=1.07 R=1.01 gap=+0.08 v=+0.36 w=+0.37 personLvl=0
[INFO] [1784743008.602844415] [yolo_navigator]: [STATUS] mode=FTG front=0.84 L=0.62 R=1.74 gap=-0.40 v=+0.21 w=-0.10 personLvl=0
[INFO] [1784743013.602449188] [yolo_navigator]: [STATUS] mode=FTG front=0.45 L=0.40 R=1.99 gap=-0.35 v=+0.08 w=-0.02 personLvl=0
[INFO] [1784743015.151519147] [yolo_navigator]: [ROTATE_OPEN] front=0.40 open=-1.12
[INFO] [1784743016.001587526] [yolo_navigator]: [FTG] gap=-0.28 W=1.31
[INFO] [1784743018.610771857] [yolo_navigator]: [STATUS] mode=FTG front=0.76 L=0.36 R=1.78 gap=-0.08 v=+0.36 w=-0.24 personLvl=0
[INFO] [1784743023.650601784] [yolo_navigator]: [STATUS] mode=FTG front=10.00 L=0.36 R=1.77 gap=-0.55 v=+0.14 w=-0.26 personLvl=0
[INFO] [1784743028.680136156] [yolo_navigator]: [STATUS] mode=FTG front=10.00 L=0.56 R=1.66 gap=-0.20 v=+0.30 w=+0.10 personLvl=0
[INFO] [1784743033.700740908] [yolo_navigator]: [STATUS] mode=FTG front=0.71 L=0.82 R=0.74 gap=-0.40 v=+0.21 w=-0.12 personLvl=0
[INFO] [1784743038.726286666] [yolo_navigator]: [STATUS] mode=FTG front=0.41 L=0.43 R=1.59 gap=-0.68 v=+0.02 w=-0.46 personLvl=0
[INFO] [1784743038.852843268] [yolo_navigator]: [ROTATE_OPEN] front=0.39 open=-0.72
[INFO] [1784743040.252315849] [yolo_navigator]: [FTG] gap=-0.15 W=5.18
[INFO] [1784743043.751222265] [yolo_navigator]: [STATUS] mode=FTG front=10.00 L=1.74 R=1.04 gap=+0.41 v=+0.20 w=+0.07 personLvl=0
[INFO] [1784743048.812692922] [yolo_navigator]: [STATUS] mode=FTG front=10.00 L=2.80 R=0.55 gap=+0.37 v=+0.22 w=+0.03 personLvl=0
[INFO] [1784743053.814509124] [yolo_navigator]: [STATUS] mode=FTG front=0.80 L=2.49 R=0.35 gap=+0.37 v=+0.22 w=+0.03 personLvl=0
[INFO] [1784743058.851042074] [yolo_navigator]: [STATUS] mode=FTG front=10.00 L=2.22 R=0.28 gap=+0.35 v=+0.23 w=+0.01 personLvl=0
[INFO] [1784743063.851813953] [yolo_navigator]: [STATUS] mode=FTG front=10.00 L=2.03 R=3.85 gap=+0.37 v=+0.22 w=+0.03 personLvl=0
[INFO] [1784743068.901493625] [yolo_navigator]: [STATUS] mode=FTG front=10.00 L=2.43 R=3.73 gap=-0.40 v=+0.21 w=-0.05 personLvl=0
[INFO] [1784743073.952159236] [yolo_navigator]: [STATUS] mode=FTG front=10.00 L=2.07 R=2.75 gap=-1.21 v=+0.10 w=-1.16 personLvl=0
[INFO] [1784743079.001058818] [yolo_navigator]: [STATUS] mode=FTG front=10.00 L=2.00 R=3.26 gap=-0.88 v=+0.10 w=-0.67 personLvl=0
[INFO] [1784743084.002597563] [yolo_navigator]: [STATUS] mode=FTG front=10.00 L=1.70 R=2.50 gap=-0.28 v=+0.27 w=+0.06 personLvl=0
[INFO] [1784743089.052049379] [yolo_navigator]: [STATUS] mode=FTG front=10.00 L=1.40 R=2.22 gap=-0.12 v=+0.34 w=+0.22 personLvl=0
[INFO] [1784743094.102615049] [yolo_navigator]: [STATUS] mode=FTG front=10.00 L=0.98 R=1.89 gap=+0.31 v=+0.25 w=-0.10 personLvl=0
[INFO] [1784743099.151767626] [yolo_navigator]: [STATUS] mode=FTG front=1.03 L=0.57 R=1.14 gap=+0.30 v=+0.25 w=+0.04 personLvl=0
[INFO] [1784743104.215271415] [yolo_navigator]: [STATUS] mode=FTG front=0.42 L=3.48 R=0.46 gap=+0.26 v=+0.07 w=-0.09 personLvl=0
[INFO] [1784743104.801778008] [yolo_navigator]: [ROTATE_OPEN] front=0.40 open=+0.33
[INFO] [1784743105.801718818] [yolo_navigator]: [FTG] gap=+0.18 W=6.61
[INFO] [1784743108.351552728] [yolo_navigator]: [REVERSE] front=0.29 dir=+1
[INFO] [1784743108.801843091] [yolo_navigator]: [FTG] gap=+0.01 W=2.49
[INFO] [1784743109.202040524] [yolo_navigator]: [STATUS] mode=FTG front=10.00 L=3.14 R=0.28 gap=+0.06 v=+0.37 w=+1.48 personLvl=0
[INFO] [1784743114.203708531] [yolo_navigator]: [STATUS] mode=FTG front=10.00 L=2.34 R=5.70 gap=-0.21 v=+0.30 w=+0.01 personLvl=0
[INFO] [1784743119.251831359] [yolo_navigator]: [STATUS] mode=FTG front=10.00 L=1.70 R=5.34 gap=-0.23 v=+0.29 w=-0.03 personLvl=0
[INFO] [1784743124.252655139] [yolo_navigator]: [STATUS] mode=FTG front=10.00 L=1.24 R=4.76 gap=-0.23 v=+0.29 w=-0.01 personLvl=0
[INFO] [1784743129.300782202] [yolo_navigator]: [STATUS] mode=FTG front=10.00 L=1.42 R=4.18 gap=-0.24 v=+0.29 w=-0.01 personLvl=0
[INFO] [1784743134.302568157] [yolo_navigator]: [STATUS] mode=FTG front=10.00 L=2.28 R=3.62 gap=-0.25 v=+0.28 w=-0.01 personLvl=0
[INFO] [1784743138.252268894] [yolo_navigator]: [PERSON] level=1 h=186px
[INFO] [1784743139.394168450] [yolo_navigator]: [STATUS] mode=FTG front=10.00 L=1.73 R=3.05 gap=-0.18 v=+0.16 w=+0.12 personLvl=1
[INFO] [1784743142.402263992] [yolo_navigator]: [PERSON] level=2 h=201px
[INFO] [1784743144.426432903] [yolo_navigator]: [STATUS] mode=FTG front=10.00 L=1.61 R=2.82 gap=+0.21 v=+0.10 w=-0.01 personLvl=2
[INFO] [1784743149.450551122] [yolo_navigator]: [STATUS] mode=FTG front=10.00 L=1.52 R=2.64 gap=+0.23 v=+0.10 w=+0.02 personLvl=2
[INFO] [1784743154.450926190] [yolo_navigator]: [STATUS] mode=FTG front=10.00 L=1.42 R=2.47 gap=+0.23 v=+0.10 w=+0.04 personLvl=2
[INFO] [1784743159.451242342] [yolo_navigator]: [STATUS] mode=FTG front=10.00 L=1.31 R=2.32 gap=+0.22 v=+0.10 w=+0.02 personLvl=2
[INFO] [1784743161.803147618] [yolo_navigator]: [PERSON] level=0 h=0px
[INFO] [1784743162.152690226] [yolo_navigator]: [PERSON] level=2 h=257px
[INFO] [1784743163.602207795] [yolo_navigator]: [PERSON] level=0 h=0px
[INFO] [1784743164.101231443] [yolo_navigator]: [PERSON] level=2 h=257px
[INFO] [1784743164.537478641] [yolo_navigator]: [STATUS] mode=FTG front=10.00 L=1.14 R=2.14 gap=+0.21 v=+0.10 w=+0.02 personLvl=2
[INFO] [1784743165.001596027] [yolo_navigator]: [PERSON] level=0 h=0px
[INFO] [1784743168.952835432] [yolo_navigator]: [PERSON] level=2 h=258px
[INFO] [1784743169.551871581] [yolo_navigator]: [STATUS] mode=FTG front=10.00 L=0.89 R=1.87 gap=-0.02 v=+0.10 w=-0.31 personLvl=2
[INFO] [1784743170.352263743] [yolo_navigator]: [PERSON] level=0 h=0px
[INFO] [1784743174.562031547] [yolo_navigator]: [STATUS] mode=FTG front=10.00 L=2.17 R=1.25 gap=+0.24 v=+0.28 w=+0.02 personLvl=0
[INFO] [1784743179.601164020] [yolo_navigator]: [STATUS] mode=FTG front=10.00 L=1.69 R=0.63 gap=+0.23 v=+0.29 w=+0.02 personLvl=0
[INFO] [1784743184.601298562] [yolo_navigator]: [STATUS] mode=FTG front=10.00 L=1.38 R=0.35 gap=-0.62 v=+0.10 w=-0.38 personLvl=0
[INFO] [1784743188.752057274] [yolo_navigator]: [REVERSE] front=0.18 dir=+1
[INFO] [1784743189.201175733] [yolo_navigator]: [FTG] gap=-0.08 W=1.82
[INFO] [1784743189.202469691] [yolo_navigator]: [PERSON] level=1 h=178px
[INFO] [1784743189.562956992] [yolo_navigator]: [PERSON] level=0 h=0px
[INFO] [1784743189.672662725] [yolo_navigator]: [STATUS] mode=FTG front=10.00 L=2.89 R=0.24 gap=-0.19 v=+0.15 w=+0.48 personLvl=0
[INFO] [1784743192.823597255] [yolo_navigator]: [PERSON] level=1 h=190px
[INFO] [1784743193.356098979] [yolo_navigator]: [PERSON] level=0 h=0px
[INFO] [1784743194.651944772] [yolo_navigator]: [STATUS] mode=FTG front=10.00 L=2.07 R=0.50 gap=-0.05 v=+0.37 w=-0.41 personLvl=0
[INFO] [1784743195.102374636] [yolo_navigator]: [PERSON] level=2 h=203px
[INFO] [1784743199.652023951] [yolo_navigator]: [STATUS] mode=FTG front=10.00 L=1.63 R=0.77 gap=-0.19 v=+0.10 w=-0.01 personLvl=2
[INFO] [1784743204.701232418] [yolo_navigator]: [STATUS] mode=FTG front=10.00 L=1.39 R=3.68 gap=-0.20 v=+0.10 w=-0.02 personLvl=2
[INFO] [1784743209.724673538] [yolo_navigator]: [STATUS] mode=FTG front=10.00 L=1.16 R=3.55 gap=-0.20 v=+0.10 w=-0.02 personLvl=2
[INFO] [1784743214.780070975] [yolo_navigator]: [STATUS] mode=FTG front=10.00 L=0.95 R=3.41 gap=-0.19 v=+0.10 w=-0.01 personLvl=2
[INFO] [1784743219.813715029] [yolo_navigator]: [STATUS] mode=FTG front=10.00 L=0.75 R=3.27 gap=-0.20 v=+0.10 w=+0.00 personLvl=2
[INFO] [1784743224.851292853] [yolo_navigator]: [STATUS] mode=FTG front=10.00 L=0.57 R=3.13 gap=-0.20 v=+0.10 w=-0.00 personLvl=2
[INFO] [1784743229.901011879] [yolo_navigator]: [STATUS] mode=FTG front=10.00 L=0.52 R=3.01 gap=-0.18 v=+0.10 w=-0.24 personLvl=2
[INFO] [1784743231.955538166] [yolo_navigator]: [PERSON] level=0 h=0px
[INFO] [1784743234.902081904] [yolo_navigator]: [STATUS] mode=FTG front=10.00 L=0.92 R=2.71 gap=-0.00 v=+0.40 w=+0.00 personLvl=0
[INFO] [1784743239.951651189] [yolo_navigator]: [STATUS] mode=FTG front=10.00 L=1.35 R=2.03 gap=-0.01 v=+0.40 w=+0.01 personLvl=0
[INFO] [1784743245.002274002] [yolo_navigator]: [STATUS] mode=FTG front=10.00 L=0.56 R=1.39 gap=-1.38 v=+0.10 w=-1.34 personLvl=0
[INFO] [1784743250.012315279] [yolo_navigator]: [STATUS] mode=FTG front=0.98 L=1.32 R=1.76 gap=-0.62 v=+0.10 w=-0.68 personLvl=0
[INFO] [1784743255.051845411] [yolo_navigator]: [STATUS] mode=FTG front=10.00 L=0.42 R=2.07 gap=-0.10 v=+0.35 w=+0.02 personLvl=0
[INFO] [1784743260.052324502] [yolo_navigator]: [STATUS] mode=FTG front=10.00 L=0.52 R=1.26 gap=-0.12 v=+0.34 w=-0.01 personLvl=0
[INFO] [1784743265.101390244] [yolo_navigator]: [STATUS] mode=FTG front=10.00 L=0.72 R=0.75 gap=-0.48 v=+0.17 w=-0.30 personLvl=0
[INFO] [1784743270.135774369] [yolo_navigator]: [STATUS] mode=FTG front=10.00 L=2.75 R=0.49 gap=-0.27 v=+0.27 w=-0.02 personLvl=0
[INFO] [1784743275.158878405] [yolo_navigator]: [STATUS] mode=FTG front=10.00 L=2.26 R=0.77 gap=-0.27 v=+0.27 w=-0.01 personLvl=0
[INFO] [1784743280.213595914] [yolo_navigator]: [STATUS] mode=FTG front=10.00 L=1.81 R=1.02 gap=-0.29 v=+0.26 w=-0.02 personLvl=0
[INFO] [1784743285.251273424] [yolo_navigator]: [STATUS] mode=FTG front=10.00 L=1.37 R=4.38 gap=-0.27 v=+0.27 w=-0.01 personLvl=0
[INFO] [1784743290.327318939] [yolo_navigator]: [STATUS] mode=FTG front=10.00 L=0.97 R=6.07 gap=-0.12 v=+0.34 w=+0.16 personLvl=0
[INFO] [1784743295.350987101] [yolo_navigator]: [STATUS] mode=FTG front=0.76 L=0.57 R=2.65 gap=-0.26 v=+0.28 w=+0.03 personLvl=0
[INFO] [1784743299.100419450] [yolo_navigator]: [ROTATE_OPEN] front=0.40 open=-1.26
[INFO] [1784743299.850415691] [yolo_navigator]: [FTG] gap=-0.31 W=2.42
[INFO] [1784743300.368172850] [yolo_navigator]: [STATUS] mode=FTG front=0.57 L=0.40 R=6.00 gap=-0.14 v=+0.22 w=-1.50 personLvl=0
[INFO] [1784743305.402387873] [yolo_navigator]: [STATUS] mode=FTG front=10.00 L=0.81 R=4.72 gap=-0.06 v=+0.37 w=+0.36 personLvl=0
[INFO] [1784743310.408999430] [yolo_navigator]: [STATUS] mode=FTG front=10.00 L=1.16 R=4.50 gap=+0.33 v=+0.24 w=-0.00 personLvl=0
[INFO] [1784743315.451605923] [yolo_navigator]: [STATUS] mode=FTG front=10.00 L=1.49 R=4.39 gap=+0.34 v=+0.24 w=+0.02 personLvl=0
[INFO] [1784743320.511503248] [yolo_navigator]: [STATUS] mode=FTG front=10.00 L=1.82 R=4.81 gap=+0.35 v=+0.23 w=+0.02 personLvl=0
[INFO] [1784743325.555402470] [yolo_navigator]: [STATUS] mode=FTG front=10.00 L=2.50 R=3.64 gap=+0.35 v=+0.23 w=+0.02 personLvl=0
[INFO] [1784743330.601570914] [yolo_navigator]: [STATUS] mode=FTG front=10.00 L=2.31 R=1.81 gap=+0.33 v=+0.24 w=+0.15 personLvl=0
[INFO] [1784743335.602398408] [yolo_navigator]: [STATUS] mode=FTG front=10.00 L=2.12 R=1.21 gap=+0.24 v=+0.29 w=+0.01 personLvl=0
[INFO] [1784743340.719175017] [yolo_navigator]: [STATUS] mode=FTG front=1.19 L=2.15 R=0.77 gap=+0.25 v=+0.28 w=+0.01 personLvl=0
[INFO] [1784743345.705803956] [yolo_navigator]: [STATUS] mode=FTG front=0.48 L=2.18 R=0.42 gap=+0.27 v=+0.12 w=+0.02 personLvl=0
[INFO] [1784743347.200647409] [yolo_navigator]: [ROTATE_OPEN] front=0.40 open=+0.31
[INFO] [1784743348.050708939] [yolo_navigator]: [FTG] gap=+0.20 W=3.23
[INFO] [1784743350.705208792] [yolo_navigator]: [STATUS] mode=FTG front=10.00 L=2.03 R=0.35 gap=+0.05 v=+0.37 w=+0.41 personLvl=0
[INFO] [1784743355.751922519] [yolo_navigator]: [STATUS] mode=FTG front=10.00 L=1.78 R=2.20 gap=-0.81 v=+0.10 w=-0.59 personLvl=0
[INFO] [1784743360.752594470] [yolo_navigator]: [STATUS] mode=FTG front=10.00 L=1.84 R=1.02 gap=-0.17 v=+0.32 w=-0.20 personLvl=0
[INFO] [1784743365.802225789] [yolo_navigator]: [STATUS] mode=FTG front=10.00 L=0.82 R=2.72 gap=-0.01 v=+0.39 w=+0.01 personLvl=0
[INFO] [1784743370.851994258] [yolo_navigator]: [STATUS] mode=FTG front=10.00 L=0.46 R=1.90 gap=-0.01 v=+0.39 w=+0.04 personLvl=0
[INFO] [1784743375.901000948] [yolo_navigator]: [STATUS] mode=FTG front=10.00 L=0.44 R=1.52 gap=-1.02 v=+0.10 w=-0.05 personLvl=0
[INFO] [1784743380.901412084] [yolo_navigator]: [STATUS] mode=FTG front=10.00 L=2.65 R=1.27 gap=-0.33 v=+0.24 w=-0.04 personLvl=0
[INFO] [1784743383.054084391] [yolo_navigator]: [PERSON] level=1 h=167px
[INFO] [1784743385.951637794] [yolo_navigator]: [STATUS] mode=FTG front=0.54 L=2.34 R=0.59 gap=+0.10 v=+0.06 w=-0.14 personLvl=1
[INFO] [1784743389.300903637] [yolo_navigator]: [ROTATE_OPEN] front=0.39 open=-1.45
[INFO] [1784743390.501187685] [yolo_navigator]: [FTG] gap=+0.09 W=2.14
[INFO] [1784743390.965762033] [yolo_navigator]: [STATUS] mode=FTG front=0.42 L=2.22 R=0.46 gap=+0.27 v=+0.00 w=-0.17 personLvl=1
[INFO] [1784743391.421290756] [yolo_navigator]: [PERSON] level=0 h=0px
[INFO] [1784743393.150679516] [yolo_navigator]: [ROTATE_OPEN] front=0.40 open=-1.08
[INFO] [1784743395.751345698] [yolo_navigator]: [FTG] gap=-0.28 W=2.28
[INFO] [1784743396.015324732] [yolo_navigator]: [STATUS] mode=FTG front=0.45 L=0.42 R=2.12 gap=-0.19 v=+0.10 w=-0.11 personLvl=0
[INFO] [1784743401.050519967] [yolo_navigator]: [STATUS] mode=FTG front=10.00 L=0.47 R=1.54 gap=+0.38 v=+0.22 w=+0.02 personLvl=0
[INFO] [1784743406.051988754] [yolo_navigator]: [STATUS] mode=FTG front=10.00 L=2.42 R=1.65 gap=+0.46 v=+0.18 w=+0.19 personLvl=0
[INFO] [1784743411.131635727] [yolo_navigator]: [STATUS] mode=FTG front=10.00 L=2.09 R=1.16 gap=+0.43 v=+0.19 w=+0.05 personLvl=0
[INFO] [1784743416.151680294] [yolo_navigator]: [STATUS] mode=FTG front=0.74 L=3.42 R=0.63 gap=+0.58 v=+0.12 w=+0.31 personLvl=0
[INFO] [1784743421.151595001] [yolo_navigator]: [STATUS] mode=FTG front=0.79 L=2.97 R=0.45 gap=+0.37 v=+0.22 w=+0.09 personLvl=0
[INFO] [1784743424.552180602] [yolo_navigator]: [PERSON] level=1 h=129px
[INFO] [1784743426.152290819] [yolo_navigator]: [STATUS] mode=FTG front=10.00 L=2.56 R=0.56 gap=-0.27 v=+0.12 w=+0.11 personLvl=1
[INFO] [1784743427.053070489] [yolo_navigator]: [PERSON] level=0 h=0px
[INFO] [1784743431.201552504] [yolo_navigator]: [STATUS] mode=FTG front=10.00 L=2.19 R=1.81 gap=-0.46 v=+0.18 w=-0.05 personLvl=0
[INFO] [1784743436.251420445] [yolo_navigator]: [STATUS] mode=FTG front=10.00 L=1.56 R=1.37 gap=-0.48 v=+0.17 w=-0.06 personLvl=0
[INFO] [1784743441.252368532] [yolo_navigator]: [STATUS] mode=FTG front=0.91 L=0.99 R=0.95 gap=-0.46 v=+0.18 w=-0.09 personLvl=0
[INFO] [1784743446.300890365] [yolo_navigator]: [STATUS] mode=FTG front=0.48 L=0.52 R=4.66 gap=-0.36 v=+0.10 w=-0.00 personLvl=0
[INFO] [1784743448.650442115] [yolo_navigator]: [ROTATE_OPEN] front=0.39 open=-0.77
[INFO] [1784743449.851773602] [yolo_navigator]: [FTG] gap=-0.16 W=5.38
[INFO] [1784743451.315731031] [yolo_navigator]: [STATUS] mode=FTG front=10.00 L=0.40 R=2.35 gap=+0.16 v=+0.32 w=-0.18 personLvl=0
[INFO] [1784743456.372739715] [yolo_navigator]: [STATUS] mode=FTG front=10.00 L=3.23 R=5.45 gap=-0.14 v=+0.33 w=+0.27 personLvl=0
[INFO] [1784743461.403554741] [yolo_navigator]: [STATUS] mode=FTG front=10.00 L=2.59 R=5.14 gap=+0.32 v=+0.25 w=+0.02 personLvl=0
[INFO] [1784743466.451205633] [yolo_navigator]: [STATUS] mode=FTG front=10.00 L=2.12 R=4.87 gap=+0.32 v=+0.25 w=+0.01 personLvl=0
[INFO] [1784743471.501678749] [yolo_navigator]: [STATUS] mode=FTG front=10.00 L=1.74 R=4.62 gap=+0.32 v=+0.24 w=+0.01 personLvl=0
[INFO] [1784743476.562353401] [yolo_navigator]: [STATUS] mode=FTG front=10.00 L=1.46 R=4.39 gap=+0.32 v=+0.24 w=+0.00 personLvl=0
[INFO] [1784743481.601156435] [yolo_navigator]: [STATUS] mode=FTG front=10.00 L=1.32 R=2.40 gap=+0.34 v=+0.24 w=+0.02 personLvl=0
[INFO] [1784743486.651781859] [yolo_navigator]: [STATUS] mode=FTG front=10.00 L=1.56 R=1.44 gap=+0.52 v=+0.15 w=+0.51 personLvl=0
[INFO] [1784743491.702765678] [yolo_navigator]: [STATUS] mode=FTG front=10.00 L=1.42 R=0.96 gap=+0.14 v=+0.33 w=+0.02 personLvl=0
[INFO] [1784743496.751064814] [yolo_navigator]: [STATUS] mode=FTG front=10.00 L=3.45 R=0.73 gap=+0.15 v=+0.33 w=+0.02 personLvl=0
[INFO] [1784743501.751300365] [yolo_navigator]: [STATUS] mode=FTG front=10.00 L=3.10 R=0.59 gap=-0.03 v=+0.39 w=+0.13 personLvl=0
[INFO] [1784743506.752611186] [yolo_navigator]: [STATUS] mode=FTG front=10.00 L=2.78 R=1.89 gap=+0.65 v=+0.10 w=+0.68 personLvl=0
[INFO] [1784743506.901637248] [yolo_navigator]: [PERSON] level=2 h=260px
[INFO] [1784743507.952164992] [yolo_navigator]: [PERSON] level=0 h=0px
[INFO] [1784743511.800780066] [yolo_navigator]: [STATUS] mode=FTG front=10.00 L=2.15 R=2.07 gap=+0.15 v=+0.33 w=+0.03 personLvl=0
[INFO] [1784743516.801492088] [yolo_navigator]: [STATUS] mode=FTG front=10.00 L=1.44 R=1.46 gap=+0.01 v=+0.40 w=-0.05 personLvl=0
[INFO] [1784743521.851465335] [yolo_navigator]: [STATUS] mode=FTG front=10.00 L=1.15 R=1.06 gap=+0.03 v=+0.38 w=-0.04 personLvl=0
[INFO] [1784743526.854707213] [yolo_navigator]: [STATUS] mode=FTG front=10.00 L=1.46 R=2.23 gap=+0.34 v=+0.24 w=+0.18 personLvl=0
[INFO] [1784743531.900863025] [yolo_navigator]: [STATUS] mode=FTG front=10.00 L=1.47 R=2.15 gap=+0.26 v=+0.28 w=+0.09 personLvl=0
[INFO] [1784743536.902156310] [yolo_navigator]: [STATUS] mode=FTG front=10.00 L=1.45 R=2.23 gap=+0.27 v=+0.27 w=+0.10 personLvl=0
[INFO] [1784743541.965757866] [yolo_navigator]: [STATUS] mode=FTG front=10.00 L=1.27 R=2.32 gap=+0.87 v=+0.10 w=+0.56 personLvl=0
[INFO] [1784743545.450935894] [yolo_navigator]: [WEDGE] open=+0.40
[INFO] [1784743545.551199872] [yolo_navigator]: [FTG] gap=-0.03 W=7.90
[INFO] [1784743547.019438460] [yolo_navigator]: [STATUS] mode=FTG front=10.00 L=0.97 R=2.04 gap=+0.56 v=+0.13 w=+0.17 personLvl=0
[INFO] [1784743552.051726894] [yolo_navigator]: [STATUS] mode=FTG front=10.00 L=0.58 R=1.67 gap=+0.02 v=+0.39 w=-0.27 personLvl=0
[INFO] [1784743557.101279495] [yolo_navigator]: [STATUS] mode=FTG front=10.00 L=0.92 R=1.22 gap=+0.31 v=+0.25 w=+0.03 personLvl=0
[INFO] [1784743562.111311444] [yolo_navigator]: [STATUS] mode=FTG front=10.00 L=3.13 R=0.86 gap=+0.07 v=+0.37 w=-0.22 personLvl=0
[INFO] [1784743567.150832717] [yolo_navigator]: [STATUS] mode=FTG front=0.76 L=3.89 R=0.52 gap=+0.37 v=+0.22 w=+0.03 personLvl=0
[INFO] [1784743571.701499683] [yolo_navigator]: [ROTATE_OPEN] front=0.39 open=+1.36
[INFO] [1784743572.051618863] [yolo_navigator]: [FTG] gap=+0.34 W=2.95
[INFO] [1784743572.151822873] [yolo_navigator]: [STATUS] mode=FTG front=0.44 L=3.83 R=0.36 gap=+0.28 v=+0.09 w=-0.05 personLvl=0
[INFO] [1784743577.157797960] [yolo_navigator]: [STATUS] mode=FTG front=10.00 L=3.15 R=0.79 gap=+0.34 v=+0.24 w=-0.01 personLvl=0
[INFO] [1784743582.201338137] [yolo_navigator]: [STATUS] mode=FTG front=10.00 L=2.63 R=1.12 gap=+0.36 v=+0.23 w=+0.03 personLvl=0
[INFO] [1784743587.202482100] [yolo_navigator]: [STATUS] mode=FTG front=10.00 L=2.09 R=1.57 gap=+0.34 v=+0.24 w=+0.03 personLvl=0
[INFO] [1784743592.251227009] [yolo_navigator]: [STATUS] mode=FTG front=10.00 L=1.57 R=2.13 gap=+0.34 v=+0.24 w=+0.01 personLvl=0
[INFO] [1784743597.302029600] [yolo_navigator]: [STATUS] mode=FTG front=10.00 L=1.11 R=2.68 gap=+0.35 v=+0.23 w=+0.01 personLvl=0
[INFO] [1784743602.351003237] [yolo_navigator]: [STATUS] mode=FTG front=10.00 L=0.81 R=3.13 gap=+0.36 v=+0.23 w=+0.02 personLvl=0
[INFO] [1784743607.351255996] [yolo_navigator]: [STATUS] mode=FTG front=10.00 L=2.77 R=2.35 gap=+0.37 v=+0.22 w=+0.09 personLvl=0
[INFO] [1784743612.398806024] [yolo_navigator]: [STATUS] mode=FTG front=10.00 L=2.56 R=1.69 gap=+0.28 v=+0.26 w=+0.04 personLvl=0
[INFO] [1784743617.401814487] [yolo_navigator]: [STATUS] mode=FTG front=1.05 L=2.45 R=1.05 gap=+0.37 v=+0.22 w=+0.05 personLvl=0
[INFO] [1784743622.452094042] [yolo_navigator]: [STATUS] mode=FTG front=0.47 L=2.50 R=0.51 gap=+0.34 v=+0.09 w=+0.00 personLvl=0
[INFO] [1784743624.051345278] [yolo_navigator]: [ROTATE_OPEN] front=0.40 open=+0.37
[INFO] [1784743625.500618301] [yolo_navigator]: [FTG] gap=+0.03 W=7.27
[INFO] [1784743627.501651591] [yolo_navigator]: [STATUS] mode=FTG front=10.00 L=2.26 R=0.38 gap=+0.18 v=+0.31 w=+0.54 personLvl=0
[INFO] [1784743632.551339723] [yolo_navigator]: [STATUS] mode=FTG front=10.00 L=1.76 R=3.93 gap=-0.01 v=+0.39 w=+0.07 personLvl=0
[INFO] [1784743637.567047856] [yolo_navigator]: [STATUS] mode=FTG front=10.00 L=4.34 R=3.52 gap=+0.35 v=+0.23 w=+0.01 personLvl=0
[INFO] [1784743642.606221365] [yolo_navigator]: [STATUS] mode=FTG front=10.00 L=3.98 R=3.23 gap=-0.33 v=+0.24 w=-0.24 personLvl=0
[INFO] [1784743647.652081712] [yolo_navigator]: [STATUS] mode=FTG front=10.00 L=1.89 R=4.40 gap=-0.23 v=+0.29 w=-0.03 personLvl=0
[INFO] [1784743652.656152767] [yolo_navigator]: [STATUS] mode=FTG front=10.00 L=2.66 R=3.85 gap=-0.24 v=+0.29 w=-0.03 personLvl=0
[INFO] [1784743657.656681484] [yolo_navigator]: [STATUS] mode=FTG front=10.00 L=2.24 R=3.38 gap=-0.38 v=+0.22 w=-0.02 personLvl=0
[INFO] [1784743662.702651931] [yolo_navigator]: [STATUS] mode=FTG front=10.00 L=1.85 R=3.08 gap=+0.04 v=+0.38 w=-0.30 personLvl=0
[INFO] [1784743667.751705005] [yolo_navigator]: [STATUS] mode=FTG front=10.00 L=1.28 R=2.60 gap=+0.15 v=+0.33 w=+0.13 personLvl=0
[INFO] [1784743672.102752384] [yolo_navigator]: [WEDGE] open=+0.21
[INFO] [1784743672.351444274] [yolo_navigator]: [FTG] gap=+0.59 W=1.61
[INFO] [1784743672.761955594] [yolo_navigator]: [STATUS] mode=FTG front=10.00 L=0.68 R=2.24 gap=+0.44 v=+0.19 w=+0.72 personLvl=0
[INFO] [1784743677.801633706] [yolo_navigator]: [STATUS] mode=FTG front=10.00 L=1.05 R=1.86 gap=+0.20 v=+0.30 w=+0.03 personLvl=0
[INFO] [1784743682.831538435] [yolo_navigator]: [STATUS] mode=FTG front=10.00 L=1.84 R=1.46 gap=+0.37 v=+0.22 w=+0.37 personLvl=0
[INFO] [1784743687.865280914] [yolo_navigator]: [STATUS] mode=FTG front=10.00 L=1.83 R=1.31 gap=+0.06 v=+0.37 w=+0.06 personLvl=0
[INFO] [1784743692.901368689] [yolo_navigator]: [STATUS] mode=FTG front=10.00 L=1.50 R=1.22 gap=-0.57 v=+0.13 w=-1.01 personLvl=0
[INFO] [1784743697.902134401] [yolo_navigator]: [STATUS] mode=FTG front=10.00 L=1.50 R=1.05 gap=+0.28 v=+0.27 w=+0.06 personLvl=0
[INFO] [1784743702.974286040] [yolo_navigator]: [STATUS] mode=FTG front=10.00 L=1.31 R=1.09 gap=+0.29 v=+0.26 w=+0.10 personLvl=0
[INFO] [1784743708.002245764] [yolo_navigator]: [STATUS] mode=FTG front=10.00 L=1.00 R=1.33 gap=+0.35 v=+0.23 w=+0.19 personLvl=0
[INFO] [1784743710.051201930] [yolo_navigator]: [WEDGE] open=+0.63
[INFO] [1784743710.100625560] [yolo_navigator]: [FTG] gap=+0.53 W=0.51
[INFO] [1784743710.206137127] [yolo_navigator]: [WEDGE] open=+0.61
[INFO] [1784743710.301402468] [yolo_navigator]: [FTG] gap=+0.50 W=0.52
[INFO] [1784743710.400692074] [yolo_navigator]: [WEDGE] open=+0.56
[INFO] [1784743710.500959857] [yolo_navigator]: [FTG] gap=+0.46 W=0.51
[INFO] [1784743710.651498939] [yolo_navigator]: [WEDGE] open=+0.52
[INFO] [1784743710.851462327] [yolo_navigator]: [FTG] gap=+0.41 W=0.52
[INFO] [1784743713.051977465] [yolo_navigator]: [STATUS] mode=FTG front=10.00 L=0.56 R=1.00 gap=-0.02 v=+0.39 w=-0.31 personLvl=0
[INFO] [1784743718.106174476] [yolo_navigator]: [STATUS] mode=FTG front=0.75 L=0.45 R=0.60 gap=+0.51 v=+0.16 w=+0.22 personLvl=0
[INFO] [1784743723.151307833] [yolo_navigator]: [STATUS] mode=FTG front=0.49 L=0.51 R=0.40 gap=+0.35 v=+0.10 w=+0.01 personLvl=0
[INFO] [1784743725.301176638] [yolo_navigator]: [ROTATE_OPEN] front=0.39 open=+0.51
[INFO] [1784743726.054494280] [yolo_navigator]: [FTG] gap=+0.32 W=2.45
[INFO] [1784743728.152985064] [yolo_navigator]: [STATUS] mode=FTG front=0.40 L=0.50 R=0.32 gap=+0.23 v=+0.06 w=-0.08 personLvl=0
[INFO] [1784743728.201088341] [yolo_navigator]: [ROTATE_OPEN] front=0.38 open=+0.45
[INFO] [1784743728.350245474] [yolo_navigator]: [REVERSE] front=0.31 dir=+1
[INFO] [1784743729.406050966] [yolo_navigator]: [FTG] gap=-0.01 W=2.49
[INFO] [1784743733.202860178] [yolo_navigator]: [STATUS] mode=FTG front=0.75 L=0.38 R=0.34 gap=+0.11 v=+0.35 w=-0.31 personLvl=0
[INFO] [1784743733.651352733] [yolo_navigator]: [ROTATE_OPEN] front=0.36 open=+0.52
[INFO] [1784743733.801367057] [yolo_navigator]: [REVERSE] front=0.29 dir=+1
[INFO] [1784743734.901319650] [yolo_navigator]: [FTG] gap=+0.07 W=1.91
[INFO] [1784743738.200658160] [yolo_navigator]: [TRAP] L=0.34 R=0.30
[INFO] [1784743738.201207035] [yolo_navigator]: [COMMIT] Ταλάντωση σε περατό στενό (W=2.15) -> αποφασιστικό πέρασμα
[INFO] [1784743738.253621902] [yolo_navigator]: [COMMIT] steer=-0.54 front=0.45
[INFO] [1784743738.254683558] [yolo_navigator]: [STATUS] mode=COMMIT front=0.45 L=0.34 R=0.30 gap=+0.10 v=+0.10 w=-0.54 personLvl=0
[INFO] [1784743739.051185306] [yolo_navigator]: [COMMIT] Απέτυχε (front<0.15), αποτυχία #1
[INFO] [1784743739.051854068] [yolo_navigator]: [TRAP] L=0.36 R=0.25
[INFO] [1784743743.309598633] [yolo_navigator]: [STATUS] mode=TRAP front=0.33 L=0.38 R=0.35 gap=-0.37 v=+0.00 w=+1.20 personLvl=0
[INFO] [1784743744.251355700] [yolo_navigator]: [REVERSE] front=0.30 dir=-1
[INFO] [1784743744.251798439] [yolo_navigator]: [WALL_FOLLOW] 5x REVERSE/TRAP σε 60s -> ακολουθώ τον αριστερό τοίχο για 25s (L=0.36 R=0.51)
[INFO] [1784743744.344366716] [yolo_navigator]: [WALL_FOLLOW] side=L d=0.36 front=0.30
[INFO] [1784743748.302287207] [yolo_navigator]: [STATUS] mode=WALL_FOLLOW front=0.10 L=0.45 R=0.21 gap=+0.28 v=+0.00 w=-1.00 personLvl=0
[INFO] [1784743753.351681807] [yolo_navigator]: [STATUS] mode=WALL_FOLLOW front=0.11 L=0.45 R=0.24 gap=+0.58 v=+0.00 w=-1.00 personLvl=0
[INFO] [1784743758.362514963] [yolo_navigator]: [STATUS] mode=WALL_FOLLOW front=0.17 L=0.24 R=0.32 gap=-1.10 v=+0.00 w=-1.00 personLvl=0
[INFO] [1784743763.397881971] [yolo_navigator]: [STATUS] mode=WALL_FOLLOW front=0.67 L=0.50 R=0.29 gap=+0.59 v=+0.22 w=+0.00 personLvl=0
[INFO] [1784743768.401596278] [yolo_navigator]: [STATUS] mode=WALL_FOLLOW front=10.00 L=0.61 R=0.29 gap=+0.52 v=+0.22 w=+0.17 personLvl=0
[INFO] [1784743769.256270367] [yolo_navigator]: [FTG] gap=+0.48 W=2.44
[INFO] [1784743773.459825866] [yolo_navigator]: [STATUS] mode=FTG front=10.00 L=0.80 R=0.29 gap=-0.51 v=+0.16 w=-0.28 personLvl=0
[INFO] [1784743778.452412687] [yolo_navigator]: [STATUS] mode=FTG front=10.00 L=1.45 R=0.69 gap=-0.29 v=+0.26 w=-0.03 personLvl=0
[INFO] [1784743783.459652328] [yolo_navigator]: [STATUS] mode=FTG front=10.00 L=1.42 R=2.87 gap=-0.33 v=+0.24 w=-0.05 personLvl=0
[INFO] [1784743788.503409296] [yolo_navigator]: [STATUS] mode=FTG front=10.00 L=1.04 R=2.72 gap=+0.07 v=+0.37 w=+0.37 personLvl=0
[INFO] [1784743793.552254033] [yolo_navigator]: [STATUS] mode=FTG front=0.80 L=0.60 R=2.60 gap=-0.46 v=+0.18 w=-0.15 personLvl=0
[INFO] [1784743798.601018428] [yolo_navigator]: [STATUS] mode=FTG front=0.46 L=0.39 R=2.83 gap=-0.35 v=+0.09 w=-0.01 personLvl=0
[INFO] [1784743800.200548176] [yolo_navigator]: [ROTATE_OPEN] front=0.40 open=-0.98
[INFO] [1784743800.950212827] [yolo_navigator]: [FTG] gap=-0.32 W=2.29
[INFO] [1784743803.651194150] [yolo_navigator]: [STATUS] mode=FTG front=10.00 L=0.53 R=2.56 gap=-0.13 v=+0.34 w=+0.23 personLvl=0
[INFO] [1784743808.652788658] [yolo_navigator]: [STATUS] mode=FTG front=10.00 L=0.79 R=2.00 gap=+0.10 v=+0.35 w=-0.31 personLvl=0
[INFO] [1784743813.651762313] [yolo_navigator]: [STATUS] mode=FTG front=10.00 L=1.12 R=1.44 gap=+0.18 v=+0.31 w=-0.20 personLvl=0
[INFO] [1784743818.702426009] [yolo_navigator]: [STATUS] mode=FTG front=10.00 L=1.45 R=1.18 gap=-0.14 v=+0.33 w=+0.22 personLvl=0
[INFO] [1784743823.752026368] [yolo_navigator]: [STATUS] mode=FTG front=10.00 L=1.89 R=3.74 gap=-0.21 v=+0.30 w=+0.13 personLvl=0
[INFO] [1784743828.801118379] [yolo_navigator]: [STATUS] mode=FTG front=10.00 L=2.08 R=3.51 gap=+0.34 v=+0.23 w=+0.00 personLvl=0
[INFO] [1784743833.803705596] [yolo_navigator]: [STATUS] mode=FTG front=10.00 L=2.30 R=3.41 gap=+0.36 v=+0.23 w=+0.02 personLvl=0
[INFO] [1784743838.851924355] [yolo_navigator]: [STATUS] mode=FTG front=10.00 L=2.50 R=3.80 gap=+0.36 v=+0.23 w=+0.00 personLvl=0
[INFO] [1784743843.913305894] [yolo_navigator]: [STATUS] mode=FTG front=10.00 L=2.67 R=4.28 gap=+0.50 v=+0.16 w=+0.24 personLvl=0
[INFO] [1784743848.950570701] [yolo_navigator]: [STATUS] mode=FTG front=10.00 L=3.18 R=3.87 gap=+0.35 v=+0.23 w=-0.00 personLvl=0
[INFO] [1784743853.951857022] [yolo_navigator]: [STATUS] mode=FTG front=10.00 L=2.69 R=1.92 gap=+0.23 v=+0.29 w=+0.40 personLvl=0
[INFO] [1784743858.951822782] [yolo_navigator]: [STATUS] mode=FTG front=10.00 L=2.28 R=1.02 gap=-0.24 v=+0.29 w=+0.04 personLvl=0
[INFO] [1784743864.002087433] [yolo_navigator]: [STATUS] mode=FTG front=10.00 L=1.80 R=1.16 gap=-0.29 v=+0.26 w=-0.02 personLvl=0
[INFO] [1784743869.002456234] [yolo_navigator]: [STATUS] mode=FTG front=10.00 L=1.38 R=1.29 gap=-0.29 v=+0.26 w=-0.01 personLvl=0
[INFO] [1784743874.002664817] [yolo_navigator]: [STATUS] mode=FTG front=10.00 L=0.99 R=3.30 gap=-0.28 v=+0.27 w=-0.02 personLvl=0
[INFO] [1784743879.051895896] [yolo_navigator]: [STATUS] mode=FTG front=10.00 L=0.97 R=1.80 gap=+0.03 v=+0.39 w=+0.13 personLvl=0
[INFO] [1784743884.051769144] [yolo_navigator]: [STATUS] mode=FTG front=10.00 L=1.04 R=1.89 gap=-0.10 v=+0.35 w=-0.03 personLvl=0
[INFO] [1784743889.052358237] [yolo_navigator]: [STATUS] mode=FTG front=10.00 L=1.22 R=1.06 gap=-0.14 v=+0.33 w=-0.05 personLvl=0
[INFO] [1784743894.101589929] [yolo_navigator]: [STATUS] mode=FTG front=10.00 L=1.56 R=0.73 gap=-0.36 v=+0.23 w=-0.14 personLvl=0
[INFO] [1784743899.102610240] [yolo_navigator]: [STATUS] mode=FTG front=10.00 L=2.22 R=0.78 gap=-0.32 v=+0.24 w=-0.12 personLvl=0
[INFO] [1784743904.152364368] [yolo_navigator]: [STATUS] mode=FTG front=10.00 L=1.83 R=0.69 gap=-0.03 v=+0.39 w=+0.23 personLvl=0
[INFO] [1784743909.152075085] [yolo_navigator]: [STATUS] mode=FTG front=10.00 L=1.40 R=3.42 gap=-0.38 v=+0.22 w=-0.13 personLvl=0
[INFO] [1784743914.152769823] [yolo_navigator]: [STATUS] mode=FTG front=10.00 L=1.04 R=3.18 gap=+0.07 v=+0.36 w=+0.37 personLvl=0
[INFO] [1784743919.163908122] [yolo_navigator]: [STATUS] mode=FTG front=0.88 L=0.62 R=3.04 gap=-0.42 v=+0.20 w=-0.10 personLvl=0
[INFO] [1784743924.202428905] [yolo_navigator]: [STATUS] mode=FTG front=0.47 L=0.39 R=2.98 gap=-0.35 v=+0.09 w=-0.01 personLvl=0
[INFO] [1784743926.051557060] [yolo_navigator]: [ROTATE_OPEN] front=0.40 open=-1.24
[INFO] [1784743926.926727455] [yolo_navigator]: [FTG] gap=-0.35 W=3.00
[INFO] [1784743929.211522058] [yolo_navigator]: [STATUS] mode=FTG front=10.00 L=0.52 R=2.72 gap=+0.31 v=+0.25 w=+0.08 personLvl=0
[INFO] [1784743934.252052661] [yolo_navigator]: [STATUS] mode=FTG front=10.00 L=0.72 R=2.36 gap=+0.22 v=+0.30 w=-0.16 personLvl=0
[INFO] [1784743939.252051014] [yolo_navigator]: [STATUS] mode=FTG front=10.00 L=0.92 R=1.77 gap=+0.34 v=+0.23 w=+0.06 personLvl=0
[INFO] [1784743944.372136088] [yolo_navigator]: [STATUS] mode=FTG front=10.00 L=0.83 R=1.09 gap=+0.16 v=+0.33 w=+0.53 personLvl=0
[INFO] [1784743949.352320204] [yolo_navigator]: [STATUS] mode=FTG front=0.77 L=0.51 R=1.02 gap=-0.28 v=+0.27 w=+0.07 personLvl=0
[INFO] [1784743953.051473013] [yolo_navigator]: [ROTATE_OPEN] front=0.40 open=-0.65
[INFO] [1784743953.851601331] [yolo_navigator]: [FTG] gap=-0.30 W=1.32
[INFO] [1784743954.402225801] [yolo_navigator]: [STATUS] mode=FTG front=1.11 L=0.39 R=1.02 gap=-0.03 v=+0.38 w=+0.14 personLvl=0
[INFO] [1784743957.101949446] [yolo_navigator]: [ROTATE_OPEN] front=0.40 open=-0.58
[INFO] [1784743958.101288817] [yolo_navigator]: [FTG] gap=-0.07 W=1.80
[INFO] [1784743959.453086777] [yolo_navigator]: [STATUS] mode=FTG front=10.00 L=0.37 R=0.85 gap=+0.31 v=+0.25 w=-0.10 personLvl=0
[INFO] [1784743964.500709667] [yolo_navigator]: [STATUS] mode=FTG front=10.00 L=0.53 R=0.43 gap=+0.49 v=+0.17 w=+0.07 personLvl=0
[INFO] [1784743969.501538438] [yolo_navigator]: [STATUS] mode=FTG front=10.00 L=0.82 R=0.48 gap=-0.44 v=+0.19 w=-0.23 personLvl=0
[INFO] [1784743974.551895066] [yolo_navigator]: [STATUS] mode=FTG front=10.00 L=1.51 R=0.82 gap=-0.30 v=+0.26 w=-0.04 personLvl=0
[INFO] [1784743979.602287192] [yolo_navigator]: [STATUS] mode=FTG front=10.00 L=1.74 R=2.00 gap=-0.99 v=+0.10 w=-0.80 personLvl=0
[INFO] [1784743984.651981173] [yolo_navigator]: [STATUS] mode=FTG front=10.00 L=1.30 R=1.42 gap=-0.32 v=+0.25 w=-0.04 personLvl=0
[INFO] [1784743989.652231520] [yolo_navigator]: [STATUS] mode=FTG front=1.17 L=0.90 R=1.06 gap=-0.56 v=+0.13 w=-0.29 personLvl=0
[INFO] [1784743994.700607120] [yolo_navigator]: [STATUS] mode=FTG front=0.85 L=0.58 R=0.96 gap=-0.39 v=+0.21 w=-0.06 personLvl=0
[INFO] [1784743999.702451509] [yolo_navigator]: [STATUS] mode=FTG front=0.43 L=0.38 R=3.47 gap=-0.35 v=+0.07 w=-0.01 personLvl=0
[INFO] [1784744000.851481869] [yolo_navigator]: [ROTATE_OPEN] front=0.39 open=-0.86
[INFO] [1784744001.600839170] [yolo_navigator]: [FTG] gap=-0.34 W=3.10
[INFO] [1784744004.751965393] [yolo_navigator]: [STATUS] mode=FTG front=10.00 L=0.41 R=3.81 gap=-0.04 v=+0.38 w=+0.21 personLvl=0
[INFO] [1784744008.401528339] [yolo_navigator]: [PERSON] level=1 h=121px
[INFO] [1784744009.752620233] [yolo_navigator]: [STATUS] mode=FTG front=10.00 L=0.79 R=3.07 gap=+0.02 v=+0.24 w=-0.42 personLvl=1
[INFO] [1784744010.702694933] [yolo_navigator]: [PERSON] level=0 h=0px
[INFO] [1784744014.801484930] [yolo_navigator]: [STATUS] mode=FTG front=10.00 L=2.02 R=2.39 gap=+0.35 v=+0.23 w=+0.01 personLvl=0
[INFO] [1784744019.801424676] [yolo_navigator]: [STATUS] mode=FTG front=10.00 L=2.71 R=1.75 gap=+0.35 v=+0.23 w=+0.00 personLvl=0
[INFO] [1784744022.652089336] [yolo_navigator]: [PERSON] level=1 h=168px
[INFO] [1784744024.751648926] [yolo_navigator]: [PERSON] level=0 h=0px
[INFO] [1784744024.801814781] [yolo_navigator]: [STATUS] mode=FTG front=10.00 L=1.91 R=1.17 gap=+0.07 v=+0.37 w=-0.31 personLvl=0
[INFO] [1784744025.502723653] [yolo_navigator]: [PERSON] level=1 h=177px
[INFO] [1784744029.809572406] [yolo_navigator]: [STATUS] mode=FTG front=10.00 L=2.11 R=0.70 gap=+0.13 v=+0.19 w=-0.18 personLvl=1
[INFO] [1784744030.102539115] [yolo_navigator]: [PERSON] level=2 h=203px
[INFO] [1784744031.001665220] [yolo_navigator]: [PERSON] level=0 h=0px
[INFO] [1784744031.202227535] [yolo_navigator]: [PERSON] level=2 h=207px
[INFO] [1784744034.851961141] [yolo_navigator]: [STATUS] mode=FTG front=10.00 L=2.18 R=0.51 gap=+0.15 v=+0.10 w=-0.16 personLvl=2
[INFO] [1784744039.902152851] [yolo_navigator]: [STATUS] mode=FTG front=10.00 L=2.20 R=0.60 gap=+0.14 v=+0.10 w=-0.23 personLvl=2
[INFO] [1784744044.901953553] [yolo_navigator]: [STATUS] mode=FTG front=10.00 L=2.38 R=0.74 gap=+0.28 v=+0.10 w=-0.05 personLvl=2
[INFO] [1784744049.906402757] [yolo_navigator]: [STATUS] mode=FTG front=10.00 L=2.50 R=0.89 gap=+0.32 v=+0.10 w=-0.00 personLvl=2
[INFO] [1784744054.952638602] [yolo_navigator]: [STATUS] mode=FTG front=10.00 L=2.57 R=1.08 gap=+0.32 v=+0.10 w=-0.00 personLvl=2
[INFO] [1784744060.001907932] [yolo_navigator]: [STATUS] mode=FTG front=10.00 L=2.52 R=1.43 gap=-0.35 v=+0.10 w=+0.04 personLvl=2
[INFO] [1784744063.901600689] [yolo_navigator]: [PERSON] level=0 h=0px
[INFO] [1784744065.050674070] [yolo_navigator]: [STATUS] mode=FTG front=10.00 L=2.51 R=1.86 gap=+0.31 v=+0.25 w=+0.01 personLvl=0
[INFO] [1784744070.051692392] [yolo_navigator]: [STATUS] mode=FTG front=10.00 L=2.58 R=1.89 gap=+0.31 v=+0.25 w=+0.00 personLvl=0
[INFO] [1784744075.101994606] [yolo_navigator]: [STATUS] mode=FTG front=10.00 L=2.63 R=1.26 gap=+0.31 v=+0.25 w=-0.00 personLvl=0
[INFO] [1784744080.151248311] [yolo_navigator]: [STATUS] mode=FTG front=10.00 L=2.67 R=0.64 gap=+0.33 v=+0.24 w=+0.02 personLvl=0
[INFO] [1784744085.152195517] [yolo_navigator]: [STATUS] mode=FTG front=10.00 L=2.68 R=0.44 gap=+0.34 v=+0.24 w=+0.02 personLvl=0
[INFO] [1784744090.184730400] [yolo_navigator]: [STATUS] mode=FTG front=10.00 L=2.65 R=2.50 gap=+0.55 v=+0.13 w=+0.99 personLvl=0
[INFO] [1784744095.202772345] [yolo_navigator]: [STATUS] mode=FTG front=10.00 L=2.34 R=2.30 gap=+0.15 v=+0.33 w=+0.44 personLvl=0
[INFO] [1784744100.206960683] [yolo_navigator]: [STATUS] mode=FTG front=10.00 L=1.91 R=1.76 gap=+0.07 v=+0.37 w=+0.35 personLvl=0
[INFO] [1784744105.281973766] [yolo_navigator]: [STATUS] mode=FTG front=10.00 L=1.48 R=1.26 gap=-0.31 v=+0.25 w=-0.03 personLvl=0
[INFO] [1784744110.252175138] [yolo_navigator]: [STATUS] mode=FTG front=10.00 L=1.01 R=1.22 gap=-0.38 v=+0.22 w=-0.10 personLvl=0
[INFO] [1784744115.301519847] [yolo_navigator]: [STATUS] mode=FTG front=0.72 L=0.63 R=1.67 gap=-0.51 v=+0.15 w=-0.25 personLvl=0
[INFO] [1784744120.301460514] [yolo_navigator]: [STATUS] mode=FTG front=0.49 L=0.41 R=2.69 gap=-0.35 v=+0.10 w=-0.02 personLvl=0
[INFO] [1784744122.500901445] [yolo_navigator]: [ROTATE_OPEN] front=0.40 open=-1.45
[INFO] [1784744123.251644929] [yolo_navigator]: [FTG] gap=-0.31 W=1.24
[INFO] [1784744125.352709700] [yolo_navigator]: [STATUS] mode=FTG front=10.00 L=0.45 R=1.45 gap=-0.53 v=+0.15 w=-0.55 personLvl=0
[INFO] [1784744130.351816710] [yolo_navigator]: [STATUS] mode=FTG front=10.00 L=1.00 R=1.19 gap=-0.20 v=+0.30 w=-0.02 personLvl=0
[INFO] [1784744135.401458786] [yolo_navigator]: [STATUS] mode=FTG front=10.00 L=1.74 R=1.62 gap=-0.26 v=+0.28 w=+0.01 personLvl=0
[INFO] [1784744140.401295730] [yolo_navigator]: [STATUS] mode=FTG front=10.00 L=2.04 R=2.81 gap=-0.18 v=+0.31 w=+0.03 personLvl=0
[INFO] [1784744145.401351538] [yolo_navigator]: [STATUS] mode=FTG front=10.00 L=1.65 R=2.79 gap=-0.54 v=+0.14 w=-0.20 personLvl=0
[INFO] [1784744150.401923942] [yolo_navigator]: [STATUS] mode=FTG front=10.00 L=1.24 R=2.85 gap=-0.32 v=+0.24 w=-0.04 personLvl=0
[INFO] [1784744155.452259471] [yolo_navigator]: [STATUS] mode=FTG front=10.00 L=0.88 R=2.40 gap=-0.05 v=+0.38 w=+0.25 personLvl=0
[INFO] [1784744160.516833132] [yolo_navigator]: [STATUS] mode=FTG front=0.80 L=0.55 R=2.02 gap=-0.37 v=+0.22 w=-0.04 personLvl=0
[INFO] [1784744165.523215998] [yolo_navigator]: [STATUS] mode=FTG front=0.41 L=0.37 R=1.76 gap=-0.35 v=+0.05 w=-0.01 personLvl=0
[INFO] [1784744165.801728392] [yolo_navigator]: [ROTATE_OPEN] front=0.40 open=-1.38
[INFO] [1784744166.550856191] [yolo_navigator]: [FTG] gap=-0.34 W=2.80
[INFO] [1784744170.551220044] [yolo_navigator]: [STATUS] mode=FTG front=10.00 L=0.58 R=1.22 gap=+0.42 v=+0.20 w=+0.12 personLvl=0
[INFO] [1784744175.565867116] [yolo_navigator]: [STATUS] mode=FTG front=10.00 L=0.76 R=0.65 gap=+0.40 v=+0.21 w=+0.01 personLvl=0
[INFO] [1784744180.601297450] [yolo_navigator]: [STATUS] mode=FTG front=10.00 L=0.89 R=0.38 gap=-0.45 v=+0.19 w=-0.05 personLvl=0
[INFO] [1784744185.601758232] [yolo_navigator]: [STATUS] mode=FTG front=10.00 L=1.07 R=1.70 gap=-0.43 v=+0.19 w=-0.05 personLvl=0
[INFO] [1784744190.813509389] [yolo_navigator]: [STATUS] mode=FTG front=1.05 L=1.08 R=1.23 gap=-0.73 v=+0.10 w=-0.48 personLvl=0
[INFO] [1784744195.718291099] [yolo_navigator]: [STATUS] mode=FTG front=0.69 L=0.70 R=2.78 gap=-0.33 v=+0.24 w=+0.00 personLvl=0
[INFO] [1784744199.751283793] [yolo_navigator]: [ROTATE_OPEN] front=0.39 open=-0.47
[INFO] [1784744200.700896204] [yolo_navigator]: [FTG] gap=-0.23 W=12.58
[INFO] [1784744200.752343146] [yolo_navigator]: [STATUS] mode=FTG front=0.40 L=0.44 R=3.37 gap=-0.23 v=+0.06 w=-0.30 personLvl=0
[INFO] [1784744205.781250313] [yolo_navigator]: [STATUS] mode=FTG front=10.00 L=1.67 R=2.75 gap=+0.30 v=+0.26 w=-0.07 personLvl=0
[INFO] [1784744210.758644740] [yolo_navigator]: [STATUS] mode=FTG front=10.00 L=1.34 R=2.37 gap=+0.34 v=+0.24 w=-0.02 personLvl=0
[INFO] [1784744215.810484007] [yolo_navigator]: [STATUS] mode=FTG front=10.00 L=1.75 R=2.12 gap=+0.40 v=+0.21 w=+0.00 personLvl=0
[INFO] [1784744220.852014206] [yolo_navigator]: [STATUS] mode=FTG front=10.00 L=2.09 R=1.92 gap=+0.42 v=+0.20 w=+0.05 personLvl=0
[INFO] [1784744225.903044795] [yolo_navigator]: [STATUS] mode=FTG front=10.00 L=1.99 R=1.35 gap=+0.37 v=+0.22 w=+0.03 personLvl=0
[INFO] [1784744230.963984177] [yolo_navigator]: [STATUS] mode=FTG front=0.78 L=2.17 R=0.79 gap=+0.35 v=+0.23 w=+0.00 personLvl=0
[INFO] [1784744235.151070120] [yolo_navigator]: [ROTATE_OPEN] front=0.40 open=+0.40
[INFO] [1784744235.901796550] [yolo_navigator]: [FTG] gap=+0.27 W=6.84
[INFO] [1784744236.001537942] [yolo_navigator]: [STATUS] mode=FTG front=0.42 L=2.18 R=0.45 gap=+0.23 v=+0.08 w=-0.05 personLvl=0
[INFO] [1784744237.551608936] [yolo_navigator]: [ROTATE_OPEN] front=0.38 open=+0.16
[INFO] [1784744237.751255300] [yolo_navigator]: [REVERSE] front=0.31 dir=+1
[INFO] [1784744238.751550298] [yolo_navigator]: [FTG] gap=-0.03 W=6.76
[INFO] [1784744241.002355509] [yolo_navigator]: [STATUS] mode=FTG front=10.00 L=1.82 R=5.30 gap=-0.44 v=+0.19 w=-0.12 personLvl=0
[INFO] [1784744246.203446560] [yolo_navigator]: [STATUS] mode=FTG front=10.00 L=1.42 R=4.79 gap=-0.20 v=+0.30 w=+0.20 personLvl=0
[INFO] [1784744251.201676091] [yolo_navigator]: [STATUS] mode=FTG front=10.00 L=1.17 R=4.88 gap=-0.02 v=+0.39 w=+0.33 personLvl=0
[INFO] [1784744256.202990293] [yolo_navigator]: [STATUS] mode=FTG front=10.00 L=1.65 R=5.04 gap=+0.37 v=+0.22 w=+0.02 personLvl=0
[INFO] [1784744261.251078219] [yolo_navigator]: [STATUS] mode=FTG front=10.00 L=2.95 R=4.24 gap=+0.39 v=+0.21 w=+0.07 personLvl=0
[INFO] [1784744266.260433753] [yolo_navigator]: [STATUS] mode=FTG front=10.00 L=2.53 R=4.42 gap=-0.11 v=+0.35 w=+0.24 personLvl=0
[INFO] [1784744271.301991445] [yolo_navigator]: [STATUS] mode=FTG front=10.00 L=2.05 R=3.99 gap=+0.00 v=+0.40 w=+0.38 personLvl=0
[INFO] [1784744276.324204229] [yolo_navigator]: [STATUS] mode=FTG front=10.00 L=1.47 R=2.40 gap=-0.39 v=+0.21 w=-0.03 personLvl=0
[INFO] [1784744281.352509836] [yolo_navigator]: [STATUS] mode=FTG front=10.00 L=1.11 R=2.91 gap=-0.51 v=+0.16 w=-0.28 personLvl=0
[INFO] [1784744286.354406341] [yolo_navigator]: [STATUS] mode=FTG front=0.93 L=0.76 R=2.45 gap=-0.61 v=+0.11 w=-0.35 personLvl=0
[INFO] [1784744291.385019497] [yolo_navigator]: [STATUS] mode=FTG front=0.85 L=0.56 R=3.31 gap=-0.35 v=+0.23 w=-0.02 personLvl=0
[INFO] [1784744296.413177312] [yolo_navigator]: [STATUS] mode=FTG front=0.43 L=0.37 R=3.18 gap=-0.34 v=+0.07 w=-0.33 personLvl=0
[INFO] [1784744301.443414787] [yolo_navigator]: [STATUS] mode=FTG front=10.00 L=0.82 R=2.56 gap=+0.14 v=+0.33 w=-0.04 personLvl=0
[INFO] [1784744306.452378751] [yolo_navigator]: [STATUS] mode=FTG front=10.00 L=0.81 R=2.02 gap=+0.18 v=+0.31 w=+0.01 personLvl=0
[INFO] [1784744311.501322501] [yolo_navigator]: [STATUS] mode=FTG front=10.00 L=1.00 R=1.50 gap=+0.20 v=+0.31 w=-0.01 personLvl=0
[INFO] [1784744316.526092319] [yolo_navigator]: [STATUS] mode=FTG front=10.00 L=1.16 R=1.17 gap=+0.13 v=+0.34 w=+0.24 personLvl=0
[INFO] [1784744321.550874788] [yolo_navigator]: [STATUS] mode=FTG front=10.00 L=1.17 R=2.03 gap=-0.08 v=+0.36 w=-0.03 personLvl=0
[INFO] [1784744326.550975512] [yolo_navigator]: [STATUS] mode=FTG front=10.00 L=1.29 R=1.27 gap=-0.18 v=+0.31 w=-0.09 personLvl=0
[INFO] [1784744331.551181761] [yolo_navigator]: [STATUS] mode=FTG front=10.00 L=1.47 R=0.67 gap=-0.15 v=+0.33 w=-0.07 personLvl=0
[INFO] [1784744336.552532764] [yolo_navigator]: [STATUS] mode=FTG front=10.00 L=1.97 R=0.74 gap=-0.30 v=+0.25 w=-0.10 personLvl=0
[INFO] [1784744341.561120911] [yolo_navigator]: [STATUS] mode=FTG front=10.00 L=1.95 R=0.72 gap=-0.57 v=+0.13 w=-0.21 personLvl=0
[INFO] [1784744346.632530008] [yolo_navigator]: [STATUS] mode=FTG front=10.00 L=1.55 R=0.59 gap=-0.49 v=+0.16 w=-0.23 personLvl=0
[INFO] [1784744351.678405453] [yolo_navigator]: [STATUS] mode=FTG front=10.00 L=1.17 R=3.22 gap=-0.32 v=+0.25 w=-0.03 personLvl=0
[INFO] [1784744356.717631607] [yolo_navigator]: [STATUS] mode=FTG front=0.99 L=0.76 R=2.36 gap=-0.19 v=+0.31 w=+0.09 personLvl=0
[INFO] [1784744361.751001181] [yolo_navigator]: [STATUS] mode=FTG front=0.71 L=0.49 R=2.97 gap=-0.35 v=+0.23 w=-0.01 personLvl=0
[INFO] [1784744366.250905726] [yolo_navigator]: [ROTATE_OPEN] front=0.40 open=-1.24
[INFO] [1784744366.759318249] [yolo_navigator]: [STATUS] mode=ROTATE_OPEN front=0.39 L=0.36 R=3.09 gap=-0.35 v=+0.00 w=-1.00 personLvl=0
[INFO] [1784744367.055295051] [yolo_navigator]: [FTG] gap=-0.30 W=2.01
[INFO] [1784744371.800716558] [yolo_navigator]: [STATUS] mode=FTG front=10.00 L=0.61 R=2.52 gap=+0.30 v=+0.26 w=+0.02 personLvl=0
[INFO] [1784744376.801752511] [yolo_navigator]: [STATUS] mode=FTG front=10.00 L=0.90 R=2.04 gap=+0.38 v=+0.22 w=+0.10 personLvl=0
[INFO] [1784744381.802160560] [yolo_navigator]: [STATUS] mode=FTG front=10.00 L=0.87 R=1.18 gap=+0.12 v=+0.34 w=+0.58 personLvl=0
[INFO] [1784744386.801921704] [yolo_navigator]: [STATUS] mode=FTG front=1.08 L=0.59 R=0.97 gap=-0.20 v=+0.30 w=+0.16 personLvl=0
[INFO] [1784744391.851441780] [yolo_navigator]: [STATUS] mode=FTG front=0.41 L=0.37 R=1.04 gap=-0.35 v=+0.05 w=-0.01 personLvl=0
[INFO] [1784744392.251998951] [yolo_navigator]: [ROTATE_OPEN] front=0.40 open=-0.66
[INFO] [1784744393.050819467] [yolo_navigator]: [FTG] gap=-0.28 W=1.25
[INFO] [1784744396.251181096] [yolo_navigator]: [ROTATE_OPEN] front=0.39 open=-0.59
[INFO] [1784744396.870690782] [yolo_navigator]: [STATUS] mode=ROTATE_OPEN front=0.32 L=0.29 R=0.93 gap=-0.16 v=+0.00 w=-1.00 personLvl=0
[INFO] [1784744397.101323799] [yolo_navigator]: [FTG] gap=-0.10 W=1.77
[INFO] [1784744401.922196004] [yolo_navigator]: [STATUS] mode=FTG front=10.00 L=0.48 R=0.56 gap=+0.01 v=+0.40 w=+0.10 personLvl=0
[INFO] [1784744406.951361906] [yolo_navigator]: [STATUS] mode=FTG front=10.00 L=0.72 R=0.40 gap=-0.56 v=+0.13 w=-0.36 personLvl=0
[INFO] [1784744411.952651434] [yolo_navigator]: [STATUS] mode=FTG front=10.00 L=1.33 R=0.71 gap=-0.30 v=+0.26 w=-0.03 personLvl=0
[INFO] [1784744416.967518623] [yolo_navigator]: [STATUS] mode=FTG front=10.00 L=1.94 R=2.18 gap=-0.21 v=+0.30 w=+0.02 personLvl=0
[INFO] [1784744422.001977514] [yolo_navigator]: [STATUS] mode=FTG front=10.00 L=1.48 R=1.64 gap=-0.39 v=+0.21 w=-0.15 personLvl=0
[INFO] [1784744427.061375626] [yolo_navigator]: [STATUS] mode=FTG front=10.00 L=1.11 R=1.22 gap=-0.32 v=+0.25 w=-0.03 personLvl=0
[INFO] [1784744432.101750810] [yolo_navigator]: [STATUS] mode=FTG front=0.84 L=0.70 R=1.00 gap=-0.58 v=+0.12 w=-0.31 personLvl=0
[INFO] [1784744437.108398832] [yolo_navigator]: [STATUS] mode=FTG front=0.66 L=0.47 R=1.11 gap=-0.35 v=+0.21 w=-0.01 personLvl=0
[INFO] [1784744440.451250919] [yolo_navigator]: [ROTATE_OPEN] front=0.40 open=-0.86
[INFO] [1784744441.251165113] [yolo_navigator]: [FTG] gap=-0.30 W=2.03
[INFO] [1784744442.217297682] [yolo_navigator]: [STATUS] mode=FTG front=10.00 L=0.39 R=0.98 gap=-0.01 v=+0.40 w=+0.21 personLvl=0
[INFO] [1784744447.200977173] [yolo_navigator]: [STATUS] mode=FTG front=10.00 L=0.65 R=3.32 gap=-0.06 v=+0.37 w=+0.36 personLvl=0
[INFO] [1784744447.952179903] [yolo_navigator]: [PERSON] level=1 h=122px
[INFO] [1784744452.201227623] [yolo_navigator]: [STATUS] mode=FTG front=10.00 L=0.83 R=2.77 gap=+0.06 v=+0.22 w=-0.24 personLvl=1
[INFO] [1784744457.202574466] [yolo_navigator]: [STATUS] mode=FTG front=10.00 L=1.03 R=2.32 gap=+0.11 v=+0.20 w=-0.19 personLvl=1
[INFO] [1784744462.269139308] [yolo_navigator]: [STATUS] mode=FTG front=10.00 L=1.26 R=1.89 gap=-0.10 v=+0.20 w=+0.32 personLvl=1
[INFO] [1784744467.321411603] [yolo_navigator]: [STATUS] mode=FTG front=10.00 L=1.40 R=1.49 gap=+0.15 v=+0.18 w=-0.13 personLvl=1
[INFO] [1784744472.350463123] [yolo_navigator]: [STATUS] mode=FTG front=10.00 L=1.52 R=1.18 gap=+0.14 v=+0.18 w=-0.21 personLvl=1
[INFO] [1784744473.752064897] [yolo_navigator]: [PERSON] level=2 h=201px
[INFO] [1784744477.352066134] [yolo_navigator]: [STATUS] mode=FTG front=10.00 L=1.65 R=1.06 gap=+0.17 v=+0.10 w=-0.17 personLvl=2
[INFO] [1784744482.352956562] [yolo_navigator]: [STATUS] mode=FTG front=10.00 L=1.79 R=1.04 gap=-0.16 v=+0.10 w=+0.25 personLvl=2
[INFO] [1784744487.402896264] [yolo_navigator]: [STATUS] mode=FTG front=10.00 L=1.88 R=1.26 gap=-0.18 v=+0.10 w=+0.23 personLvl=2
[INFO] [1784744492.452003453] [yolo_navigator]: [STATUS] mode=FTG front=10.00 L=1.94 R=1.47 gap=-0.22 v=+0.10 w=+0.18 personLvl=2
[INFO] [1784744497.452580316] [yolo_navigator]: [STATUS] mode=FTG front=10.00 L=2.09 R=1.55 gap=+0.30 v=+0.10 w=-0.01 personLvl=2
[INFO] [1784744502.501318302] [yolo_navigator]: [STATUS] mode=FTG front=10.00 L=2.10 R=1.84 gap=-0.31 v=+0.10 w=+0.10 personLvl=2
[INFO] [1784744502.852340105] [yolo_navigator]: [PERSON] level=0 h=0px
[INFO] [1784744507.555173990] [yolo_navigator]: [STATUS] mode=FTG front=10.00 L=2.15 R=2.32 gap=+0.23 v=+0.29 w=-0.15 personLvl=0
[INFO] [1784744512.568472808] [yolo_navigator]: [STATUS] mode=FTG front=10.00 L=2.24 R=1.71 gap=+0.32 v=+0.25 w=+0.02 personLvl=0
[INFO] [1784744517.601970764] [yolo_navigator]: [STATUS] mode=FTG front=10.00 L=2.31 R=1.10 gap=+0.31 v=+0.25 w=-0.01 personLvl=0
[INFO] [1784744522.650612936] [yolo_navigator]: [STATUS] mode=FTG front=10.00 L=2.36 R=0.77 gap=+0.32 v=+0.25 w=+0.01 personLvl=0
[INFO] [1784744527.651006759] [yolo_navigator]: [STATUS] mode=FTG front=10.00 L=2.34 R=2.84 gap=+0.15 v=+0.33 w=+0.29 personLvl=0
[INFO] [1784744532.702258483] [yolo_navigator]: [STATUS] mode=FTG front=10.00 L=2.06 R=1.85 gap=-0.06 v=+0.37 w=-0.03 personLvl=0
[INFO] [1784744537.702826294] [yolo_navigator]: [STATUS] mode=FTG front=10.00 L=1.73 R=1.01 gap=+0.02 v=+0.39 w=+0.30 personLvl=0
[INFO] [1784744542.708593904] [yolo_navigator]: [STATUS] mode=FTG front=10.00 L=1.31 R=0.77 gap=-0.21 v=+0.30 w=+0.10 personLvl=0
[INFO] [1784744547.757256416] [yolo_navigator]: [STATUS] mode=FTG front=10.00 L=0.92 R=1.22 gap=-0.01 v=+0.40 w=-0.91 personLvl=0
[INFO] [1784744552.802041292] [yolo_navigator]: [STATUS] mode=FTG front=10.00 L=0.67 R=4.00 gap=+0.28 v=+0.27 w=+0.72 personLvl=0
[INFO] [1784744557.850520601] [yolo_navigator]: [STATUS] mode=FTG front=10.00 L=0.55 R=3.49 gap=+0.48 v=+0.17 w=+0.05 personLvl=0
[INFO] [1784744562.851555855] [yolo_navigator]: [STATUS] mode=FTG front=10.00 L=0.59 R=3.03 gap=+0.46 v=+0.18 w=+0.01 personLvl=0
[INFO] [1784744567.852266166] [yolo_navigator]: [STATUS] mode=FTG front=10.00 L=0.66 R=2.76 gap=-0.93 v=+0.10 w=-0.78 personLvl=0
[INFO] [1784744572.945968893] [yolo_navigator]: [STATUS] mode=FTG front=10.00 L=1.56 R=2.65 gap=-0.24 v=+0.28 w=+0.02 personLvl=0
[INFO] [1784744577.951131417] [yolo_navigator]: [STATUS] mode=FTG front=10.00 L=1.50 R=2.90 gap=-0.04 v=+0.38 w=+0.23 personLvl=0
[INFO] [1784744583.010338913] [yolo_navigator]: [STATUS] mode=FTG front=10.00 L=1.01 R=3.28 gap=+0.04 v=+0.38 w=+0.33 personLvl=0
[INFO] [1784744588.067790035] [yolo_navigator]: [STATUS] mode=FTG front=0.87 L=0.62 R=2.94 gap=-0.44 v=+0.19 w=-0.13 personLvl=0
[INFO] [1784744593.101131248] [yolo_navigator]: [STATUS] mode=FTG front=0.49 L=0.40 R=2.57 gap=-0.35 v=+0.10 w=-0.01 personLvl=0
[INFO] [1784744595.151105626] [yolo_navigator]: [ROTATE_OPEN] front=0.40 open=-1.45
[INFO] [1784744595.951552327] [yolo_navigator]: [FTG] gap=-0.34 W=3.06
[INFO] [1784744598.162751244] [yolo_navigator]: [STATUS] mode=FTG front=10.00 L=0.46 R=3.17 gap=+0.25 v=+0.28 w=-0.07 personLvl=0
[INFO] [1784744598.552852551] [yolo_navigator]: [PERSON] level=2 h=267px
[INFO] [1784744603.200966221] [yolo_navigator]: [STATUS] mode=FTG front=10.00 L=0.60 R=3.03 gap=+0.33 v=+0.10 w=+0.01 personLvl=2
[INFO] [1784744605.868785775] [yolo_navigator]: [PERSON] level=0 h=0px
[INFO] [1784744608.201326911] [yolo_navigator]: [STATUS] mode=FTG front=10.00 L=0.69 R=1.60 gap=+0.33 v=+0.24 w=+0.01 personLvl=0
[INFO] [1784744613.246815891] [yolo_navigator]: [STATUS] mode=FTG front=0.95 L=0.85 R=0.95 gap=+0.36 v=+0.23 w=+0.03 personLvl=0
[INFO] [1784744618.051065786] [yolo_navigator]: [ROTATE_OPEN] front=0.39 open=-1.08
[INFO] [1784744618.251734959] [yolo_navigator]: [STATUS] mode=ROTATE_OPEN front=0.39 L=0.99 R=0.43 gap=+0.24 v=+0.00 w=-1.00 personLvl=0
[INFO] [1784744619.850166777] [yolo_navigator]: [FTG] gap=+0.76 W=2.86
[INFO] [1784744620.151751343] [yolo_navigator]: [PERSON] level=3 h=419px
[INFO] [1784744620.450625281] [yolo_navigator]: [ROTATE_OPEN] front=0.39 open=-0.30
[INFO] [1784744621.050806422] [yolo_navigator]: [FTG] gap=-0.79 W=2.38
[INFO] [1784744621.501754205] [yolo_navigator]: [ROTATE_OPEN] front=0.40 open=-0.33
[INFO] [1784744621.805612880] [yolo_navigator]: [PERSON] level=0 h=0px
[INFO] [1784744623.051195478] [yolo_navigator]: [FTG] gap=-0.16 W=2.46
[INFO] [1784744623.301987030] [yolo_navigator]: [STATUS] mode=FTG front=10.00 L=0.43 R=2.68 gap=-0.05 v=+0.38 w=-0.46 personLvl=0
[INFO] [1784744623.951726932] [yolo_navigator]: [ROTATE_OPEN] front=0.38 open=+0.28
[INFO] [1784744624.451234540] [yolo_navigator]: [FTG] gap=-0.17 W=4.39
[INFO] [1784744624.850567031] [yolo_navigator]: [REVERSE] front=0.30 dir=-1
[INFO] [1784744625.751026645] [yolo_navigator]: [FTG] gap=-0.13 W=4.40
[INFO] [1784744628.350693500] [yolo_navigator]: [STATUS] mode=FTG front=10.00 L=2.15 R=3.03 gap=+0.49 v=+0.16 w=+0.18 personLvl=0
[INFO] [1784744633.403947793] [yolo_navigator]: [STATUS] mode=FTG front=10.00 L=1.87 R=2.34 gap=+0.41 v=+0.20 w=+0.02 personLvl=0
[INFO] [1784744638.403453436] [yolo_navigator]: [STATUS] mode=FTG front=1.17 L=3.90 R=1.48 gap=+0.74 v=+0.10 w=+0.50 personLvl=0
[INFO] [1784744643.402480204] [yolo_navigator]: [STATUS] mode=FTG front=0.65 L=3.65 R=0.68 gap=+0.36 v=+0.20 w=+0.00 personLvl=0
[INFO] [1784744648.402138315] [yolo_navigator]: [STATUS] mode=FTG front=10.00 L=2.77 R=2.66 gap=-0.32 v=+0.25 w=+0.02 personLvl=0
[INFO] [1784744653.451346355] [yolo_navigator]: [STATUS] mode=FTG front=10.00 L=2.30 R=2.34 gap=-0.34 v=+0.23 w=-0.01 personLvl=0
[INFO] [1784744658.500842281] [yolo_navigator]: [STATUS] mode=FTG front=10.00 L=1.74 R=2.10 gap=-0.32 v=+0.25 w=-0.01 personLvl=0
[INFO] [1784744663.500917753] [yolo_navigator]: [STATUS] mode=FTG front=10.00 L=1.22 R=1.95 gap=-0.33 v=+0.24 w=-0.01 personLvl=0
[INFO] [1784744668.522368471] [yolo_navigator]: [STATUS] mode=FTG front=1.08 L=0.83 R=2.01 gap=-0.35 v=+0.23 w=-0.02 personLvl=0
[INFO] [1784744673.552036782] [yolo_navigator]: [STATUS] mode=FTG front=0.53 L=0.48 R=6.15 gap=-0.37 v=+0.12 w=-0.02 personLvl=0
[INFO] [1784744678.601336076] [yolo_navigator]: [STATUS] mode=FTG front=0.49 L=0.38 R=2.13 gap=-0.15 v=+0.14 w=-0.43 personLvl=0
[INFO] [1784744683.602192491] [yolo_navigator]: [STATUS] mode=FTG front=10.00 L=3.82 R=1.69 gap=+0.15 v=+0.33 w=-0.15 personLvl=0
[INFO] [1784744688.602324131] [yolo_navigator]: [STATUS] mode=FTG front=10.00 L=3.92 R=1.52 gap=-0.09 v=+0.36 w=+0.30 personLvl=0
[INFO] [1784744693.651187485] [yolo_navigator]: [STATUS] mode=FTG front=10.00 L=3.75 R=4.17 gap=-0.19 v=+0.31 w=+0.15 personLvl=0
[INFO] [1784744698.690576965] [yolo_navigator]: [STATUS] mode=FTG front=10.00 L=3.73 R=3.69 gap=+0.22 v=+0.30 w=-0.18 personLvl=0
[INFO] [1784744703.701179492] [yolo_navigator]: [STATUS] mode=FTG front=10.00 L=3.71 R=3.22 gap=-0.24 v=+0.29 w=+0.13 personLvl=0
[INFO] [1784744708.784652509] [yolo_navigator]: [STATUS] mode=FTG front=10.00 L=3.63 R=2.34 gap=+0.22 v=+0.29 w=+0.60 personLvl=0
[INFO] [1784744713.792003258] [yolo_navigator]: [STATUS] mode=FTG front=10.00 L=3.10 R=1.34 gap=+0.65 v=+0.10 w=+0.40 personLvl=0
[INFO] [1784744718.811132931] [yolo_navigator]: [STATUS] mode=FTG front=10.00 L=2.72 R=0.94 gap=-0.27 v=+0.27 w=-0.01 personLvl=0
[INFO] [1784744723.865159298] [yolo_navigator]: [STATUS] mode=FTG front=10.00 L=2.21 R=0.85 gap=-0.28 v=+0.27 w=-0.01 personLvl=0
[INFO] [1784744728.901724740] [yolo_navigator]: [STATUS] mode=FTG front=10.00 L=1.77 R=1.01 gap=-0.28 v=+0.27 w=-0.01 personLvl=0
[INFO] [1784744733.937396151] [yolo_navigator]: [STATUS] mode=FTG front=10.00 L=1.34 R=3.28 gap=-0.27 v=+0.27 w=-0.01 personLvl=0
[INFO] [1784744738.920449264] [yolo_navigator]: [STATUS] mode=FTG front=10.00 L=0.96 R=3.00 gap=-0.59 v=+0.12 w=-1.03 personLvl=0
[INFO] [1784744743.950481163] [yolo_navigator]: [STATUS] mode=FTG front=10.00 L=0.98 R=2.27 gap=-0.10 v=+0.35 w=-0.03 personLvl=0
[INFO] [1784744748.951210144] [yolo_navigator]: [STATUS] mode=FTG front=10.00 L=1.23 R=1.48 gap=-0.17 v=+0.32 w=-0.06 personLvl=0
[INFO] [1784744753.951076004] [yolo_navigator]: [STATUS] mode=FTG front=10.00 L=1.31 R=0.86 gap=-0.14 v=+0.33 w=-0.05 personLvl=0
[INFO] [1784744758.952232335] [yolo_navigator]: [STATUS] mode=FTG front=10.00 L=1.75 R=0.76 gap=-0.29 v=+0.26 w=-0.07 personLvl=0
[INFO] [1784744763.952413505] [yolo_navigator]: [STATUS] mode=FTG front=10.00 L=2.04 R=0.77 gap=-0.70 v=+0.10 w=-0.50 personLvl=0
[INFO] [1784744769.001001775] [yolo_navigator]: [STATUS] mode=FTG front=10.00 L=1.68 R=0.66 gap=-0.02 v=+0.39 w=+0.24 personLvl=0
[INFO] [1784744774.001010242] [yolo_navigator]: [STATUS] mode=FTG front=10.00 L=1.20 R=3.28 gap=-0.31 v=+0.25 w=-0.03 personLvl=0
[INFO] [1784744779.001797947] [yolo_navigator]: [STATUS] mode=FTG front=1.17 L=0.82 R=3.03 gap=-0.07 v=+0.36 w=+0.22 personLvl=0
[INFO] [1784744784.028901655] [yolo_navigator]: [STATUS] mode=FTG front=0.76 L=0.52 R=3.01 gap=-0.35 v=+0.23 w=-0.01 personLvl=0
[INFO] [1784744788.752205596] [yolo_navigator]: [ROTATE_OPEN] front=0.40 open=-1.24
[INFO] [1784744789.051152350] [yolo_navigator]: [STATUS] mode=ROTATE_OPEN front=0.39 L=0.36 R=3.04 gap=-0.35 v=+0.00 w=-1.00 personLvl=0
[INFO] [1784744789.508301244] [yolo_navigator]: [FTG] gap=-0.35 W=3.20
[INFO] [1784744794.104857000] [yolo_navigator]: [STATUS] mode=FTG front=10.00 L=0.60 R=2.56 gap=+0.31 v=+0.25 w=+0.02 personLvl=0
[INFO] [1784744799.151148217] [yolo_navigator]: [STATUS] mode=FTG front=10.00 L=0.90 R=2.19 gap=+0.37 v=+0.22 w=+0.03 personLvl=0
[INFO] [1784744804.256649440] [yolo_navigator]: [STATUS] mode=FTG front=10.00 L=0.90 R=1.25 gap=+0.48 v=+0.17 w=+0.01 personLvl=0
[INFO] [1784744809.250673453] [yolo_navigator]: [STATUS] mode=FTG front=0.94 L=0.58 R=1.00 gap=-0.30 v=+0.26 w=+0.04 personLvl=0
[INFO] [1784744814.281152220] [yolo_navigator]: [STATUS] mode=FTG front=0.45 L=0.38 R=1.04 gap=-0.32 v=+0.08 w=+0.03 personLvl=0
[INFO] [1784744819.301539862] [yolo_navigator]: [STATUS] mode=FTG front=0.45 L=0.32 R=1.01 gap=-0.16 v=+0.11 w=-0.03 personLvl=0
[INFO] [1784744821.302179971] [yolo_navigator]: [ROTATE_OPEN] front=0.40 open=-0.52
[INFO] [1784744822.053821170] [yolo_navigator]: [FTG] gap=-0.12 W=1.99
[INFO] [1784744824.303050521] [yolo_navigator]: [STATUS] mode=FTG front=10.00 L=0.38 R=0.84 gap=+0.05 v=+0.37 w=+0.05 personLvl=0
[INFO] [1784744829.375652054] [yolo_navigator]: [STATUS] mode=FTG front=10.00 L=0.55 R=0.41 gap=+0.52 v=+0.15 w=+0.12 personLvl=0
[INFO] [1784744834.400622236] [yolo_navigator]: [STATUS] mode=FTG front=10.00 L=0.92 R=0.47 gap=-0.31 v=+0.25 w=-0.08 personLvl=0
[INFO] [1784744839.400721286] [yolo_navigator]: [STATUS] mode=FTG front=10.00 L=1.60 R=0.88 gap=-0.28 v=+0.27 w=-0.03 personLvl=0
[INFO] [1784744844.401325783] [yolo_navigator]: [STATUS] mode=FTG front=10.00 L=1.70 R=1.95 gap=-0.56 v=+0.13 w=-0.38 personLvl=0
[INFO] [1784744849.518572465] [yolo_navigator]: [STATUS] mode=FTG front=10.00 L=1.29 R=1.44 gap=-0.34 v=+0.24 w=-0.06 personLvl=0
[INFO] [1784744854.546614361] [yolo_navigator]: [STATUS] mode=FTG front=1.17 L=0.89 R=1.08 gap=-0.56 v=+0.13 w=-0.29 personLvl=0
[INFO] [1784744859.551649963] [yolo_navigator]: [STATUS] mode=FTG front=0.82 L=0.57 R=0.97 gap=-0.39 v=+0.21 w=-0.06 personLvl=0
[INFO] [1784744864.551644064] [yolo_navigator]: [STATUS] mode=FTG front=0.43 L=0.37 R=3.47 gap=-0.35 v=+0.07 w=-0.01 personLvl=0
[INFO] [1784744865.500843234] [yolo_navigator]: [ROTATE_OPEN] front=0.40 open=-0.86
[INFO] [1784744865.801292780] [yolo_navigator]: [FTG] gap=-0.25 W=2.01
[INFO] [1784744869.601418742] [yolo_navigator]: [STATUS] mode=FTG front=10.00 L=0.58 R=1.13 gap=-0.09 v=+0.35 w=+0.32 personLvl=0
[INFO] [1784744871.651566191] [yolo_navigator]: [PERSON] level=1 h=122px
[INFO] [1784744874.601551262] [yolo_navigator]: [STATUS] mode=FTG front=10.00 L=0.82 R=2.93 gap=-0.15 v=+0.18 w=+0.18 personLvl=1
[INFO] [1784744879.652322176] [yolo_navigator]: [STATUS] mode=FTG front=10.00 L=0.97 R=2.49 gap=+0.08 v=+0.21 w=-0.29 personLvl=1
[INFO] [1784744884.672093856] [yolo_navigator]: [STATUS] mode=FTG front=10.00 L=1.21 R=2.06 gap=-0.12 v=+0.19 w=+0.30 personLvl=1
[INFO] [1784744889.701730354] [yolo_navigator]: [STATUS] mode=FTG front=10.00 L=1.37 R=1.64 gap=-0.14 v=+0.18 w=+0.27 personLvl=1
[INFO] [1784744894.702161885] [yolo_navigator]: [STATUS] mode=FTG front=10.00 L=1.47 R=1.30 gap=+0.10 v=+0.20 w=-0.21 personLvl=1
[INFO] [1784744898.103674234] [yolo_navigator]: [PERSON] level=2 h=201px
[INFO] [1784744899.751063943] [yolo_navigator]: [STATUS] mode=FTG front=10.00 L=1.67 R=1.05 gap=+0.15 v=+0.10 w=-0.14 personLvl=2
[INFO] [1784744904.751431954] [yolo_navigator]: [STATUS] mode=FTG front=10.00 L=1.80 R=0.99 gap=-0.16 v=+0.10 w=+0.25 personLvl=2
[INFO] [1784744909.751493738] [yolo_navigator]: [STATUS] mode=FTG front=10.00 L=1.83 R=1.17 gap=+0.21 v=+0.10 w=-0.12 personLvl=2
[INFO] [1784744914.802925777] [yolo_navigator]: [STATUS] mode=FTG front=10.00 L=1.90 R=1.37 gap=+0.19 v=+0.10 w=-0.15 personLvl=2
[INFO] [1784744919.852965112] [yolo_navigator]: [STATUS] mode=FTG front=10.00 L=2.02 R=1.49 gap=-0.20 v=+0.10 w=+0.20 personLvl=2
[INFO] [1784744924.900703167] [yolo_navigator]: [STATUS] mode=FTG front=10.00 L=2.16 R=1.60 gap=+0.26 v=+0.10 w=-0.00 personLvl=2
[INFO] [1784744928.901975988] [yolo_navigator]: [PERSON] level=0 h=0px
[INFO] [1784744929.901747567] [yolo_navigator]: [STATUS] mode=FTG front=10.00 L=2.13 R=2.08 gap=-0.38 v=+0.22 w=+0.01 personLvl=0
[INFO] [1784744934.950776371] [yolo_navigator]: [STATUS] mode=FTG front=10.00 L=2.20 R=2.08 gap=+0.31 v=+0.25 w=+0.03 personLvl=0
[INFO] [1784744939.963289927] [yolo_navigator]: [STATUS] mode=FTG front=10.00 L=2.28 R=1.56 gap=+0.33 v=+0.24 w=+0.05 personLvl=0
[INFO] [1784744945.002381306] [yolo_navigator]: [STATUS] mode=FTG front=10.00 L=2.33 R=1.06 gap=+0.32 v=+0.25 w=+0.02 personLvl=0
[INFO] [1784744950.051325561] [yolo_navigator]: [STATUS] mode=FTG front=10.00 L=2.38 R=0.75 gap=+0.33 v=+0.24 w=+0.01 personLvl=0
[INFO] [1784744955.100425094] [yolo_navigator]: [STATUS] mode=FTG front=10.00 L=2.34 R=2.81 gap=+0.08 v=+0.36 w=+0.14 personLvl=0
[INFO] [1784744960.101706095] [yolo_navigator]: [STATUS] mode=FTG front=10.00 L=2.04 R=1.84 gap=+0.23 v=+0.29 w=+0.58 personLvl=0
[INFO] [1784744965.241911255] [yolo_navigator]: [STATUS] mode=FTG front=10.00 L=1.51 R=1.23 gap=-0.02 v=+0.39 w=+0.26 personLvl=0
[INFO] [1784744970.250959677] [yolo_navigator]: [STATUS] mode=FTG front=10.00 L=1.08 R=1.10 gap=+0.08 v=+0.36 w=+0.37 personLvl=0
[INFO] [1784744975.251613755] [yolo_navigator]: [STATUS] mode=FTG front=0.90 L=0.71 R=2.14 gap=-0.22 v=+0.29 w=+0.06 personLvl=0
[INFO] [1784744980.300872913] [yolo_navigator]: [STATUS] mode=FTG front=0.52 L=0.43 R=2.62 gap=-0.35 v=+0.12 w=-0.02 personLvl=0
[INFO] [1784744983.201009962] [yolo_navigator]: [ROTATE_OPEN] front=0.40 open=-1.45
[INFO] [1784744983.900493812] [yolo_navigator]: [FTG] gap=-0.33 W=1.01
[INFO] [1784744985.302382121] [yolo_navigator]: [STATUS] mode=FTG front=10.00 L=0.41 R=1.49 gap=+0.14 v=+0.33 w=+0.60 personLvl=0
[INFO] [1784744990.302969491] [yolo_navigator]: [STATUS] mode=FTG front=10.00 L=0.96 R=1.19 gap=-0.23 v=+0.29 w=-0.05 personLvl=0
[INFO] [1784744995.351766332] [yolo_navigator]: [STATUS] mode=FTG front=10.00 L=1.78 R=1.71 gap=-0.27 v=+0.27 w=-0.01 personLvl=0
[INFO] [1784745000.352097128] [yolo_navigator]: [STATUS] mode=FTG front=10.00 L=2.11 R=2.67 gap=-0.21 v=+0.30 w=+0.01 personLvl=0
[INFO] [1784745005.401773964] [yolo_navigator]: [STATUS] mode=FTG front=10.00 L=1.65 R=3.00 gap=-0.61 v=+0.11 w=-0.29 personLvl=0
[INFO] [1784745010.498248103] [yolo_navigator]: [STATUS] mode=FTG front=10.00 L=1.28 R=2.90 gap=-0.32 v=+0.24 w=-0.05 personLvl=0
[INFO] [1784745015.501008821] [yolo_navigator]: [STATUS] mode=FTG front=10.00 L=0.91 R=2.44 gap=-0.03 v=+0.38 w=+0.10 personLvl=0
[INFO] [1784745020.611276001] [yolo_navigator]: [STATUS] mode=FTG front=0.86 L=0.58 R=2.06 gap=-0.37 v=+0.22 w=-0.04 personLvl=0
[INFO] [1784745025.681144515] [yolo_navigator]: [STATUS] mode=FTG front=0.41 L=0.37 R=1.75 gap=-0.35 v=+0.06 w=-0.01 personLvl=0
[INFO] [1784745026.319381830] [yolo_navigator]: [ROTATE_OPEN] front=0.40 open=-1.38
[INFO] [1784745027.050809233] [yolo_navigator]: [FTG] gap=-0.34 W=3.13
[INFO] [1784745030.701291852] [yolo_navigator]: [STATUS] mode=FTG front=10.00 L=0.54 R=1.23 gap=-0.51 v=+0.16 w=-0.25 personLvl=0
[INFO] [1784745035.701695562] [yolo_navigator]: [STATUS] mode=FTG front=10.00 L=0.69 R=0.69 gap=+0.36 v=+0.23 w=-0.03 personLvl=0
[INFO] [1784745040.701932770] [yolo_navigator]: [STATUS] mode=FTG front=10.00 L=0.84 R=0.42 gap=-0.44 v=+0.19 w=-0.05 personLvl=0
[INFO] [1784745045.752903456] [yolo_navigator]: [STATUS] mode=FTG front=10.00 L=1.04 R=1.72 gap=-0.42 v=+0.20 w=-0.03 personLvl=0
[INFO] [1784745050.752552808] [yolo_navigator]: [STATUS] mode=FTG front=1.08 L=1.10 R=3.25 gap=-0.66 v=+0.10 w=-0.39 personLvl=0
[INFO] [1784745055.756586548] [yolo_navigator]: [STATUS] mode=FTG front=0.62 L=0.63 R=2.71 gap=-0.33 v=+0.19 w=+0.00 personLvl=0
[INFO] [1784745059.401087024] [yolo_navigator]: [ROTATE_OPEN] front=0.40 open=-0.45
[INFO] [1784745060.450914965] [yolo_navigator]: [FTG] gap=-0.18 W=12.61
[INFO] [1784745060.801402542] [yolo_navigator]: [STATUS] mode=FTG front=10.00 L=0.46 R=3.16 gap=-0.11 v=+0.35 w=+0.24 personLvl=0
[INFO] [1784745065.802425457] [yolo_navigator]: [STATUS] mode=FTG front=10.00 L=1.71 R=2.72 gap=+0.28 v=+0.27 w=-0.09 personLvl=0
[INFO] [1784745070.852203446] [yolo_navigator]: [STATUS] mode=FTG front=10.00 L=1.37 R=2.32 gap=+0.34 v=+0.24 w=-0.02 personLvl=0
[INFO] [1784745075.865716908] [yolo_navigator]: [STATUS] mode=FTG front=10.00 L=1.68 R=2.08 gap=-0.36 v=+0.23 w=+0.03 personLvl=0
[INFO] [1784745080.901683961] [yolo_navigator]: [STATUS] mode=FTG front=10.00 L=2.13 R=1.91 gap=-0.42 v=+0.20 w=-0.06 personLvl=0
[INFO] [1784745085.925132887] [yolo_navigator]: [STATUS] mode=FTG front=1.18 L=1.28 R=1.56 gap=-0.41 v=+0.20 w=-0.05 personLvl=0
[INFO] [1784745090.951857074] [yolo_navigator]: [STATUS] mode=FTG front=0.68 L=2.31 R=0.71 gap=+0.37 v=+0.21 w=+0.03 personLvl=0
[INFO] [1784745095.150302964] [yolo_navigator]: [ROTATE_OPEN] front=0.39 open=+0.40
[INFO] [1784745096.017311432] [yolo_navigator]: [STATUS] mode=ROTATE_OPEN front=0.39 L=2.34 R=0.44 gap=+0.32 v=+0.00 w=+1.00 personLvl=0
[INFO] [1784745096.251053554] [yolo_navigator]: [FTG] gap=+0.18 W=6.66
[INFO] [1784745101.007389422] [yolo_navigator]: [STATUS] mode=FTG front=10.00 L=1.81 R=6.05 gap=+0.01 v=+0.40 w=+0.18 personLvl=0
[INFO] [1784745106.051674517] [yolo_navigator]: [STATUS] mode=FTG front=10.00 L=0.99 R=4.52 gap=-0.19 v=+0.31 w=+0.03 personLvl=0
[INFO] [1784745111.051205639] [yolo_navigator]: [STATUS] mode=FTG front=10.00 L=0.42 R=3.65 gap=-0.21 v=+0.30 w=-0.02 personLvl=0
[INFO] [1784745116.100674747] [yolo_navigator]: [STATUS] mode=FTG front=10.00 L=0.76 R=2.67 gap=-0.37 v=+0.22 w=+0.01 personLvl=0
[INFO] [1784745121.102297561] [yolo_navigator]: [STATUS] mode=FTG front=10.00 L=2.24 R=5.52 gap=-0.33 v=+0.24 w=-0.02 personLvl=0
[INFO] [1784745126.381726669] [yolo_navigator]: [STATUS] mode=FTG front=10.00 L=1.85 R=5.01 gap=-0.42 v=+0.20 w=-0.13 personLvl=0
[INFO] [1784745131.245745331] [yolo_navigator]: [STATUS] mode=FTG front=10.00 L=1.51 R=4.58 gap=-0.12 v=+0.34 w=+0.27 personLvl=0
[INFO] [1784745136.251540956] [yolo_navigator]: [STATUS] mode=FTG front=10.00 L=1.12 R=4.13 gap=+0.23 v=+0.29 w=+0.57 personLvl=0
[INFO] [1784745141.259995001] [yolo_navigator]: [STATUS] mode=FTG front=1.02 L=0.79 R=2.94 gap=-0.54 v=+0.14 w=-0.27 personLvl=0
[INFO] [1784745146.315307325] [yolo_navigator]: [STATUS] mode=FTG front=0.85 L=0.56 R=3.65 gap=-0.35 v=+0.23 w=-0.01 personLvl=0
[INFO] [1784745151.351346201] [yolo_navigator]: [STATUS] mode=FTG front=0.41 L=0.37 R=3.24 gap=-0.28 v=+0.06 w=+0.04 personLvl=0
[INFO] [1784745151.901739758] [yolo_navigator]: [ROTATE_OPEN] front=0.39 open=-1.40
[INFO] [1784745152.701112613] [yolo_navigator]: [FTG] gap=-0.34 W=2.86
[INFO] [1784745156.533605968] [yolo_navigator]: [STATUS] mode=FTG front=10.00 L=0.55 R=3.03 gap=+0.09 v=+0.35 w=-0.11 personLvl=0
[INFO] [1784745161.551306539] [yolo_navigator]: [STATUS] mode=FTG front=10.00 L=0.89 R=2.38 gap=+0.17 v=+0.32 w=+0.04 personLvl=0
[INFO] [1784745166.601875258] [yolo_navigator]: [STATUS] mode=FTG front=10.00 L=0.98 R=1.79 gap=+0.19 v=+0.31 w=-0.01 personLvl=0
[INFO] [1784745171.602127412] [yolo_navigator]: [STATUS] mode=FTG front=10.00 L=1.15 R=1.29 gap=+0.21 v=+0.30 w=+0.01 personLvl=0
[INFO] [1784745176.626813438] [yolo_navigator]: [STATUS] mode=FTG front=10.00 L=1.25 R=1.59 gap=+0.05 v=+0.38 w=+0.12 personLvl=0
[INFO] [1784745181.652363466] [yolo_navigator]: [STATUS] mode=FTG front=10.00 L=1.24 R=1.80 gap=-0.11 v=+0.35 w=+0.04 personLvl=0
[INFO] [1784745186.706567862] [yolo_navigator]: [STATUS] mode=FTG front=10.00 L=1.29 R=1.12 gap=-0.18 v=+0.31 w=-0.09 personLvl=0
[INFO] [1784745191.760414458] [yolo_navigator]: [STATUS] mode=FTG front=10.00 L=1.51 R=0.64 gap=-0.17 v=+0.32 w=-0.08 personLvl=0
[INFO] [1784745196.801529567] [yolo_navigator]: [STATUS] mode=FTG front=10.00 L=2.16 R=0.74 gap=-0.36 v=+0.23 w=-0.16 personLvl=0
[INFO] [1784745201.801973698] [yolo_navigator]: [STATUS] mode=FTG front=10.00 L=1.88 R=0.67 gap=+0.01 v=+0.40 w=+0.27 personLvl=0
[INFO] [1784745206.802170189] [yolo_navigator]: [STATUS] mode=FTG front=10.00 L=1.45 R=3.40 gap=-0.60 v=+0.11 w=-0.22 personLvl=0
[INFO] [1784745211.811866977] [yolo_navigator]: [STATUS] mode=FTG front=10.00 L=1.10 R=3.15 gap=-0.32 v=+0.25 w=-0.03 personLvl=0
[INFO] [1784745216.861894315] [yolo_navigator]: [STATUS] mode=FTG front=0.79 L=0.67 R=1.82 gap=-0.60 v=+0.11 w=-0.33 personLvl=0
[INFO] [1784745221.922122959] [yolo_navigator]: [STATUS] mode=FTG front=0.59 L=0.44 R=2.94 gap=-0.35 v=+0.17 w=-0.01 personLvl=0
[INFO] [1784745225.351239692] [yolo_navigator]: [ROTATE_OPEN] front=0.40 open=-1.26
[INFO] [1784745226.151471534] [yolo_navigator]: [FTG] gap=-0.32 W=2.26
[INFO] [1784745226.951445873] [yolo_navigator]: [STATUS] mode=FTG front=10.00 L=0.39 R=2.88 gap=-0.00 v=+0.40 w=-0.56 personLvl=0
[INFO] [1784745231.952384875] [yolo_navigator]: [STATUS] mode=FTG front=10.00 L=0.66 R=2.42 gap=+0.18 v=+0.32 w=-0.21 personLvl=0
[INFO] [1784745236.958467121] [yolo_navigator]: [STATUS] mode=FTG front=10.00 L=0.92 R=1.99 gap=+0.38 v=+0.22 w=+0.10 personLvl=0
[INFO] [1784745241.968895482] [yolo_navigator]: [STATUS] mode=FTG front=10.00 L=0.83 R=1.15 gap=+0.15 v=+0.33 w=+0.52 personLvl=0
[INFO] [1784745247.001358073] [yolo_navigator]: [STATUS] mode=FTG front=0.76 L=0.51 R=1.05 gap=-0.32 v=+0.25 w=+0.02 personLvl=0
[INFO] [1784745251.151192116] [yolo_navigator]: [ROTATE_OPEN] front=0.40 open=-0.65
[INFO] [1784745252.000293358] [yolo_navigator]: [FTG] gap=-0.30 W=1.42
[INFO] [1784745252.052040903] [yolo_navigator]: [STATUS] mode=FTG front=0.46 L=0.37 R=1.08 gap=-0.28 v=+0.10 w=-0.30 personLvl=0
[INFO] [1784745255.700848510] [yolo_navigator]: [ROTATE_OPEN] front=0.38 open=-0.58
[INFO] [1784745256.351233106] [yolo_navigator]: [REVERSE] front=0.31 dir=-1
[INFO] [1784745256.700837237] [yolo_navigator]: [FTG] gap=-0.06 W=1.26
[INFO] [1784745257.108646204] [yolo_navigator]: [STATUS] mode=FTG front=10.00 L=0.32 R=0.93 gap=-0.08 v=+0.36 w=-0.21 personLvl=0
[INFO] [1784745262.151492428] [yolo_navigator]: [STATUS] mode=FTG front=10.00 L=0.50 R=0.52 gap=+0.30 v=+0.25 w=-0.15 personLvl=0
[INFO] [1784745267.152127819] [yolo_navigator]: [STATUS] mode=FTG front=10.00 L=0.66 R=0.27 gap=-0.20 v=+0.30 w=-0.03 personLvl=0
[INFO] [1784745272.211138672] [yolo_navigator]: [STATUS] mode=FTG front=10.00 L=1.26 R=0.69 gap=-0.31 v=+0.25 w=-0.04 personLvl=0
[INFO] [1784745277.208584878] [yolo_navigator]: [STATUS] mode=FTG front=10.00 L=1.82 R=2.08 gap=-0.20 v=+0.30 w=+0.02 personLvl=0
[INFO] [1784745282.250575073] [yolo_navigator]: [STATUS] mode=FTG front=10.00 L=1.36 R=1.56 gap=-0.40 v=+0.21 w=-0.16 personLvl=0
[INFO] [1784745287.310702490] [yolo_navigator]: [STATUS] mode=FTG front=10.00 L=0.99 R=1.17 gap=-0.53 v=+0.15 w=-0.25 personLvl=0
[INFO] [1784745292.352061963] [yolo_navigator]: [STATUS] mode=FTG front=0.81 L=0.63 R=1.01 gap=-0.49 v=+0.16 w=-0.20 personLvl=0
[INFO] [1784745297.401101882] [yolo_navigator]: [STATUS] mode=FTG front=0.51 L=0.41 R=3.63 gap=-0.35 v=+0.12 w=-0.01 personLvl=0
[INFO] [1784745299.900835562] [yolo_navigator]: [ROTATE_OPEN] front=0.40 open=-0.86
[INFO] [1784745300.652160502] [yolo_navigator]: [FTG] gap=-0.34 W=2.76
[INFO] [1784745302.416497915] [yolo_navigator]: [STATUS] mode=FTG front=10.00 L=0.41 R=0.97 gap=-0.02 v=+0.39 w=+0.08 personLvl=0
[INFO] [1784745307.450703757] [yolo_navigator]: [STATUS] mode=FTG front=10.00 L=1.23 R=1.16 gap=+0.28 v=+0.27 w=-0.09 personLvl=0
[INFO] [1784745312.454598359] [yolo_navigator]: [STATUS] mode=FTG front=10.00 L=2.06 R=2.55 gap=+0.35 v=+0.23 w=+0.01 personLvl=0
[INFO] [1784745316.852534632] [yolo_navigator]: [PERSON] level=1 h=147px
[INFO] [1784745317.502310786] [yolo_navigator]: [STATUS] mode=FTG front=10.00 L=1.68 R=1.90 gap=-0.09 v=+0.20 w=+0.34 personLvl=1
[INFO] [1784745322.502762887] [yolo_navigator]: [STATUS] mode=FTG front=10.00 L=1.77 R=1.48 gap=+0.10 v=+0.20 w=-0.22 personLvl=1
[INFO] [1784745327.551722457] [yolo_navigator]: [STATUS] mode=FTG front=10.00 L=1.87 R=1.07 gap=+0.08 v=+0.21 w=-0.29 personLvl=1
[INFO] [1784745332.252868994] [yolo_navigator]: [PERSON] level=2 h=202px
[INFO] [1784745332.551883814] [yolo_navigator]: [STATUS] mode=FTG front=10.00 L=2.07 R=0.70 gap=-0.19 v=+0.10 w=+0.19 personLvl=2
[INFO] [1784745337.601402439] [yolo_navigator]: [STATUS] mode=FTG front=10.00 L=2.18 R=0.56 gap=-0.17 v=+0.10 w=+0.21 personLvl=2
[INFO] [1784745342.601818552] [yolo_navigator]: [STATUS] mode=FTG front=10.00 L=2.24 R=0.63 gap=-0.18 v=+0.10 w=+0.21 personLvl=2
[INFO] [1784745347.664686325] [yolo_navigator]: [STATUS] mode=FTG front=10.00 L=2.30 R=0.83 gap=-0.20 v=+0.10 w=+0.19 personLvl=2
[INFO] [1784745352.701100594] [yolo_navigator]: [STATUS] mode=FTG front=10.00 L=2.42 R=0.98 gap=+0.31 v=+0.10 w=-0.01 personLvl=2
[INFO] [1784745357.701943329] [yolo_navigator]: [STATUS] mode=FTG front=10.00 L=2.50 R=1.15 gap=+0.31 v=+0.10 w=-0.01 personLvl=2
[INFO] [1784745362.759832333] [yolo_navigator]: [STATUS] mode=FTG front=10.00 L=2.45 R=1.51 gap=-0.35 v=+0.10 w=+0.04 personLvl=2
[INFO] [1784745367.002027566] [yolo_navigator]: [PERSON] level=0 h=0px
[INFO] [1784745367.761424075] [yolo_navigator]: [STATUS] mode=FTG front=10.00 L=2.45 R=1.89 gap=+0.31 v=+0.25 w=+0.01 personLvl=0
[INFO] [1784745372.806444470] [yolo_navigator]: [STATUS] mode=FTG front=10.00 L=2.53 R=1.81 gap=+0.32 v=+0.25 w=+0.03 personLvl=0
[INFO] [1784745377.874868055] [yolo_navigator]: [STATUS] mode=FTG front=10.00 L=2.58 R=1.22 gap=+0.31 v=+0.25 w=-0.00 personLvl=0
[INFO] [1784745382.912015896] [yolo_navigator]: [STATUS] mode=FTG front=10.00 L=2.61 R=0.72 gap=+0.33 v=+0.24 w=+0.02 personLvl=0
[INFO] [1784745387.951025888] [yolo_navigator]: [STATUS] mode=FTG front=10.00 L=2.63 R=0.49 gap=+0.33 v=+0.24 w=-0.01 personLvl=0
[INFO] [1784745392.951760860] [yolo_navigator]: [STATUS] mode=FTG front=10.00 L=2.73 R=2.49 gap=-0.50 v=+0.16 w=-0.20 personLvl=0
[INFO] [1784745398.009998616] [yolo_navigator]: [STATUS] mode=FTG front=10.00 L=2.32 R=2.31 gap=-0.54 v=+0.14 w=-0.29 personLvl=0
[INFO] [1784745403.051685154] [yolo_navigator]: [STATUS] mode=FTG front=10.00 L=1.93 R=2.09 gap=-0.47 v=+0.17 w=-0.02 personLvl=0
[INFO] [1784745408.071613849] [yolo_navigator]: [STATUS] mode=FTG front=10.00 L=1.58 R=1.92 gap=-0.47 v=+0.18 w=-0.93 personLvl=0
[INFO] [1784745413.100943827] [yolo_navigator]: [STATUS] mode=FTG front=10.00 L=1.41 R=1.37 gap=+0.28 v=+0.26 w=+0.03 personLvl=0
[INFO] [1784745418.150802577] [yolo_navigator]: [STATUS] mode=FTG front=10.00 L=1.29 R=0.92 gap=+0.29 v=+0.26 w=+0.01 personLvl=0
[INFO] [1784745423.160650796] [yolo_navigator]: [STATUS] mode=FTG front=10.00 L=3.89 R=0.68 gap=+0.31 v=+0.25 w=+0.02 personLvl=0
[INFO] [1784745428.201789184] [yolo_navigator]: [STATUS] mode=FTG front=10.00 L=3.62 R=2.54 gap=+0.03 v=+0.39 w=+0.43 personLvl=0
[INFO] [1784745433.283459012] [yolo_navigator]: [STATUS] mode=FTG front=10.00 L=2.91 R=1.80 gap=-0.32 v=+0.25 w=-0.06 personLvl=0
[INFO] [1784745438.302127609] [yolo_navigator]: [STATUS] mode=FTG front=10.00 L=2.32 R=1.21 gap=-0.29 v=+0.26 w=-0.05 personLvl=0
[INFO] [1784745443.351617559] [yolo_navigator]: [STATUS] mode=FTG front=10.00 L=1.79 R=0.42 gap=+0.11 v=+0.35 w=+0.01 personLvl=0
[INFO] [1784745448.051925291] [yolo_navigator]: [WEDGE] open=+0.33
[INFO] [1784745448.401926206] [yolo_navigator]: [STATUS] mode=WEDGE front=10.00 L=1.25 R=0.39 gap=+0.00 v=+0.40 w=+0.48 personLvl=0
[INFO] [1784745448.851421627] [yolo_navigator]: [FTG] gap=-0.78 W=3.45
[INFO] [1784745452.800900145] [yolo_navigator]: [REVERSE] front=0.18 dir=+1
[INFO] [1784745453.402710694] [yolo_navigator]: [STATUS] mode=REVERSE front=0.13 L=1.16 R=0.25 gap=-0.52 v=+0.05 w=+1.20 personLvl=0
[INFO] [1784745453.650766647] [yolo_navigator]: [FTG] gap=-0.62 W=5.42
[INFO] [1784745456.550562932] [yolo_navigator]: [REVERSE] front=0.10 dir=+1
[INFO] [1784745457.351763408] [yolo_navigator]: [FTG] gap=-0.35 W=4.52
[INFO] [1784745458.452225511] [yolo_navigator]: [STATUS] mode=FTG front=10.00 L=2.94 R=0.37 gap=-0.73 v=+0.10 w=-0.63 personLvl=0
[INFO] [1784745463.500846656] [yolo_navigator]: [STATUS] mode=FTG front=10.00 L=2.52 R=0.49 gap=-0.28 v=+0.27 w=-0.01 personLvl=0
[INFO] [1784745468.551549469] [yolo_navigator]: [STATUS] mode=FTG front=10.00 L=2.06 R=0.76 gap=-0.27 v=+0.27 w=-0.01 personLvl=0
[INFO] [1784745473.602017704] [yolo_navigator]: [STATUS] mode=FTG front=10.00 L=1.61 R=4.68 gap=-0.27 v=+0.27 w=-0.02 personLvl=0
[INFO] [1784745478.601462917] [yolo_navigator]: [STATUS] mode=FTG front=10.00 L=1.20 R=4.04 gap=-0.31 v=+0.25 w=-0.03 personLvl=0
[INFO] [1784745483.656544646] [yolo_navigator]: [STATUS] mode=FTG front=1.03 L=0.78 R=2.57 gap=-0.29 v=+0.26 w=-0.03 personLvl=0
[INFO] [1784745488.719135088] [yolo_navigator]: [STATUS] mode=FTG front=0.47 L=0.44 R=1.78 gap=-0.34 v=+0.09 w=-0.05 personLvl=0
[INFO] [1784745490.900596334] [yolo_navigator]: [ROTATE_OPEN] front=0.39 open=-1.27
[INFO] [1784745491.751144789] [yolo_navigator]: [FTG] gap=-0.27 W=2.83
[INFO] [1784745493.752073316] [yolo_navigator]: [STATUS] mode=FTG front=10.00 L=0.45 R=5.01 gap=-0.04 v=+0.38 w=-0.22 personLvl=0
[INFO] [1784745498.802473053] [yolo_navigator]: [STATUS] mode=FTG front=10.00 L=0.60 R=4.49 gap=-0.10 v=+0.35 w=+0.37 personLvl=0
[INFO] [1784745503.802701474] [yolo_navigator]: [STATUS] mode=FTG front=10.00 L=0.74 R=3.63 gap=+0.14 v=+0.33 w=-0.02 personLvl=0
[INFO] [1784745508.803356430] [yolo_navigator]: [STATUS] mode=FTG front=10.00 L=0.89 R=2.85 gap=+0.16 v=+0.33 w=+0.03 personLvl=0
[INFO] [1784745513.852062132] [yolo_navigator]: [STATUS] mode=FTG front=10.00 L=1.24 R=2.21 gap=+0.20 v=+0.31 w=+0.00 personLvl=0
[INFO] [1784745518.881794908] [yolo_navigator]: [STATUS] mode=FTG front=10.00 L=1.22 R=1.72 gap=+0.19 v=+0.31 w=-0.03 personLvl=0
[INFO] [1784745523.901560317] [yolo_navigator]: [STATUS] mode=FTG front=10.00 L=1.36 R=1.25 gap=+0.22 v=+0.29 w=+0.03 personLvl=0
[INFO] [1784745528.951946429] [yolo_navigator]: [STATUS] mode=FTG front=10.00 L=1.48 R=0.83 gap=+0.16 v=+0.32 w=+0.27 personLvl=0
[INFO] [1784745533.960695283] [yolo_navigator]: [STATUS] mode=FTG front=10.00 L=1.37 R=2.02 gap=-0.14 v=+0.33 w=-0.14 personLvl=0
[INFO] [1784745538.953276404] [yolo_navigator]: [STATUS] mode=FTG front=10.00 L=1.46 R=1.38 gap=-0.19 v=+0.31 w=-0.10 personLvl=0
[INFO] [1784745544.001058905] [yolo_navigator]: [STATUS] mode=FTG front=10.00 L=1.42 R=0.76 gap=-0.15 v=+0.33 w=-0.07 personLvl=0
[INFO] [1784745549.002228493] [yolo_navigator]: [STATUS] mode=FTG front=10.00 L=1.77 R=0.67 gap=-0.30 v=+0.26 w=-0.09 personLvl=0
[INFO] [1784745554.009160308] [yolo_navigator]: [STATUS] mode=FTG front=10.00 L=2.09 R=0.71 gap=-0.21 v=+0.30 w=-0.01 personLvl=0
[INFO] [1784745559.052025393] [yolo_navigator]: [STATUS] mode=FTG front=10.00 L=1.72 R=0.61 gap=-0.59 v=+0.12 w=-0.22 personLvl=0
[INFO] [1784745564.101196929] [yolo_navigator]: [STATUS] mode=FTG front=10.00 L=1.35 R=3.29 gap=-0.30 v=+0.26 w=-0.02 personLvl=0
[INFO] [1784745569.101933948] [yolo_navigator]: [STATUS] mode=FTG front=1.19 L=0.94 R=2.43 gap=-0.58 v=+0.12 w=-0.32 personLvl=0
[INFO] [1784745574.151088178] [yolo_navigator]: [STATUS] mode=FTG front=0.81 L=0.56 R=2.97 gap=-0.39 v=+0.21 w=-0.06 personLvl=0
[INFO] [1784745579.201425921] [yolo_navigator]: [STATUS] mode=FTG front=0.41 L=0.37 R=3.08 gap=-0.35 v=+0.06 w=-0.01 personLvl=0
[INFO] [1784745579.751503022] [yolo_navigator]: [ROTATE_OPEN] front=0.40 open=-1.26
[INFO] [1784745580.513779817] [yolo_navigator]: [FTG] gap=-0.35 W=3.00
[INFO] [1784745584.259077693] [yolo_navigator]: [STATUS] mode=FTG front=10.00 L=0.59 R=2.60 gap=+0.37 v=+0.22 w=+0.12 personLvl=0
[INFO] [1784745589.404980437] [yolo_navigator]: [STATUS] mode=FTG front=10.00 L=0.83 R=2.25 gap=+0.33 v=+0.24 w=-0.02 personLvl=0
[INFO] [1784745594.351963961] [yolo_navigator]: [STATUS] mode=FTG front=10.00 L=0.89 R=1.38 gap=+0.56 v=+0.13 w=+0.11 personLvl=0
[INFO] [1784745599.352712091] [yolo_navigator]: [STATUS] mode=FTG front=0.79 L=0.63 R=1.03 gap=-0.78 v=+0.10 w=-0.47 personLvl=0
[INFO] [1784745604.427515352] [yolo_navigator]: [STATUS] mode=FTG front=0.43 L=0.38 R=1.04 gap=-0.35 v=+0.07 w=-0.02 personLvl=0
[INFO] [1784745606.700597625] [yolo_navigator]: [ROTATE_OPEN] front=0.39 open=-0.65
[INFO] [1784745607.501486668] [yolo_navigator]: [FTG] gap=-0.28 W=1.51
[INFO] [1784745609.451554787] [yolo_navigator]: [STATUS] mode=FTG front=10.00 L=0.37 R=0.93 gap=-0.15 v=+0.33 w=-0.31 personLvl=0
[INFO] [1784745611.651050681] [yolo_navigator]: [ROTATE_OPEN] front=0.40 open=-0.65
[INFO] [1784745611.900696955] [yolo_navigator]: [REVERSE] front=0.31 dir=-1
[INFO] [1784745612.651305070] [yolo_navigator]: [FTG] gap=-0.04 W=1.34
[INFO] [1784745614.489058533] [yolo_navigator]: [STATUS] mode=FTG front=0.88 L=0.42 R=0.71 gap=+0.17 v=+0.32 w=+0.33 personLvl=0
[INFO] [1784745619.500587765] [yolo_navigator]: [STATUS] mode=FTG front=10.00 L=0.56 R=0.35 gap=-0.32 v=+0.25 w=-0.26 personLvl=0
[INFO] [1784745624.501077245] [yolo_navigator]: [STATUS] mode=FTG front=10.00 L=1.05 R=0.57 gap=-0.22 v=+0.30 w=+0.01 personLvl=0
[INFO] [1784745629.510364906] [yolo_navigator]: [STATUS] mode=FTG front=10.00 L=1.77 R=2.39 gap=-0.25 v=+0.28 w=-0.00 personLvl=0
[INFO] [1784745634.610860287] [yolo_navigator]: [STATUS] mode=FTG front=10.00 L=1.67 R=1.88 gap=+0.10 v=+0.35 w=+0.42 personLvl=0
[INFO] [1784745639.650935448] [yolo_navigator]: [STATUS] mode=FTG front=10.00 L=1.13 R=1.30 gap=-0.32 v=+0.25 w=-0.03 personLvl=0
[INFO] [1784745644.651775887] [yolo_navigator]: [STATUS] mode=FTG front=0.88 L=0.72 R=1.03 gap=-0.56 v=+0.13 w=-0.29 personLvl=0
[INFO] [1784745649.702937756] [yolo_navigator]: [STATUS] mode=FTG front=0.66 L=0.47 R=1.04 gap=-0.35 v=+0.21 w=-0.01 personLvl=0
[INFO] [1784745653.601603825] [yolo_navigator]: [ROTATE_OPEN] front=0.40 open=-0.86
[INFO] [1784745654.350710266] [yolo_navigator]: [FTG] gap=-0.34 W=2.72
[INFO] [1784745654.751149979] [yolo_navigator]: [STATUS] mode=FTG front=0.75 L=0.37 R=1.09 gap=-0.14 v=+0.33 w=-0.34 personLvl=0
[INFO] [1784745659.790762527] [yolo_navigator]: [STATUS] mode=FTG front=10.00 L=0.86 R=0.93 gap=+0.19 v=+0.31 w=-0.21 personLvl=0
[INFO] [1784745664.801312146] [yolo_navigator]: [STATUS] mode=FTG front=10.00 L=1.87 R=3.80 gap=+0.36 v=+0.23 w=+0.00 personLvl=0
[INFO] [1784745668.066421430] [yolo_navigator]: [PERSON] level=1 h=139px
[INFO] [1784745669.907577471] [yolo_navigator]: [STATUS] mode=FTG front=10.00 L=1.57 R=2.09 gap=-0.09 v=+0.20 w=+0.34 personLvl=1
[INFO] [1784745670.903930714] [yolo_navigator]: [PERSON] level=0 h=0px
[INFO] [1784745671.264394108] [yolo_navigator]: [PERSON] level=1 h=151px
[INFO] [1784745674.901724157] [yolo_navigator]: [STATUS] mode=FTG front=10.00 L=1.72 R=1.61 gap=+0.16 v=+0.18 w=-0.15 personLvl=1
[INFO] [1784745679.902615605] [yolo_navigator]: [STATUS] mode=FTG front=10.00 L=1.80 R=1.21 gap=+0.10 v=+0.20 w=-0.27 personLvl=1
[INFO] [1784745684.950748594] [yolo_navigator]: [STATUS] mode=FTG front=10.00 L=2.00 R=0.84 gap=-0.18 v=+0.16 w=+0.21 personLvl=1
[INFO] [1784745687.112485287] [yolo_navigator]: [PERSON] level=2 h=202px
[INFO] [1784745689.955146340] [yolo_navigator]: [STATUS] mode=FTG front=10.00 L=2.10 R=0.63 gap=-0.18 v=+0.10 w=+0.21 personLvl=2
[INFO] [1784745695.015163261] [yolo_navigator]: [STATUS] mode=FTG front=10.00 L=2.10 R=0.67 gap=+0.15 v=+0.10 w=-0.21 personLvl=2
[INFO] [1784745700.050790233] [yolo_navigator]: [STATUS] mode=FTG front=10.00 L=2.23 R=0.85 gap=+0.22 v=+0.10 w=-0.12 personLvl=2
[INFO] [1784745705.051884122] [yolo_navigator]: [STATUS] mode=FTG front=10.00 L=2.39 R=0.96 gap=+0.31 v=+0.10 w=-0.01 personLvl=2
[INFO] [1784745710.057997145] [yolo_navigator]: [STATUS] mode=FTG front=10.00 L=2.47 R=1.13 gap=+0.33 v=+0.10 w=+0.02 personLvl=2
[INFO] [1784745715.101791613] [yolo_navigator]: [STATUS] mode=FTG front=10.00 L=2.48 R=1.40 gap=-0.29 v=+0.10 w=+0.12 personLvl=2
[INFO] [1784745718.552154092] [yolo_navigator]: [PERSON] level=0 h=0px
[INFO] [1784745720.153633633] [yolo_navigator]: [STATUS] mode=FTG front=10.00 L=2.43 R=1.95 gap=+0.30 v=+0.25 w=+0.01 personLvl=0
[INFO] [1784745725.201826190] [yolo_navigator]: [STATUS] mode=FTG front=10.00 L=2.50 R=1.88 gap=+0.31 v=+0.25 w=+0.00 personLvl=0
[INFO] [1784745730.210405282] [yolo_navigator]: [STATUS] mode=FTG front=10.00 L=2.55 R=1.28 gap=+0.32 v=+0.24 w=+0.02 personLvl=0
[INFO] [1784745735.252569840] [yolo_navigator]: [STATUS] mode=FTG front=10.00 L=2.59 R=0.69 gap=+0.32 v=+0.25 w=-0.01 personLvl=0
[INFO] [1784745740.301419483] [yolo_navigator]: [STATUS] mode=FTG front=10.00 L=2.61 R=0.53 gap=+0.34 v=+0.24 w=+0.02 personLvl=0
[INFO] [1784745745.300831686] [yolo_navigator]: [STATUS] mode=FTG front=10.00 L=2.42 R=2.66 gap=-0.54 v=+0.14 w=-0.64 personLvl=0
[INFO] [1784745750.301049668] [yolo_navigator]: [STATUS] mode=FTG front=10.00 L=2.08 R=2.17 gap=+0.20 v=+0.30 w=+0.53 personLvl=0
[INFO] [1784745755.351955138] [yolo_navigator]: [STATUS] mode=FTG front=10.00 L=1.59 R=1.60 gap=-0.68 v=+0.10 w=-0.82 personLvl=0
[INFO] [1784745760.353260375] [yolo_navigator]: [STATUS] mode=FTG front=10.00 L=1.21 R=1.24 gap=-0.33 v=+0.24 w=-0.05 personLvl=0
[INFO] [1784745765.456846026] [yolo_navigator]: [STATUS] mode=FTG front=1.00 L=0.76 R=1.51 gap=-0.18 v=+0.31 w=+0.10 personLvl=0
[INFO] [1784745770.451315917] [yolo_navigator]: [STATUS] mode=FTG front=0.56 L=0.45 R=2.61 gap=-0.36 v=+0.14 w=-0.04 personLvl=0
[INFO] [1784745774.103679946] [yolo_navigator]: [ROTATE_OPEN] front=0.40 open=-1.45
[INFO] [1784745774.850715773] [yolo_navigator]: [FTG] gap=-0.31 W=1.24
[INFO] [1784745775.451751762] [yolo_navigator]: [STATUS] mode=FTG front=1.02 L=0.39 R=1.55 gap=-0.07 v=+0.37 w=-0.13 personLvl=0
[INFO] [1784745780.523281496] [yolo_navigator]: [STATUS] mode=FTG front=10.00 L=0.58 R=1.41 gap=-0.32 v=+0.25 w=-0.18 personLvl=0
[INFO] [1784745785.501308312] [yolo_navigator]: [STATUS] mode=FTG front=10.00 L=1.29 R=1.35 gap=-0.33 v=+0.24 w=-0.04 personLvl=0
[INFO] [1784745790.586810578] [yolo_navigator]: [STATUS] mode=FTG front=10.00 L=1.98 R=2.16 gap=-0.24 v=+0.28 w=+0.00 personLvl=0
[INFO] [1784745795.601174169] [yolo_navigator]: [STATUS] mode=FTG front=10.00 L=1.85 R=2.64 gap=-0.56 v=+0.13 w=-0.24 personLvl=0
[INFO] [1784745800.697378845] [yolo_navigator]: [STATUS] mode=FTG front=10.00 L=1.44 R=3.04 gap=-0.38 v=+0.22 w=-0.12 personLvl=0
[INFO] [1784745805.701306345] [yolo_navigator]: [STATUS] mode=FTG front=10.00 L=1.05 R=2.73 gap=+0.07 v=+0.36 w=+0.37 personLvl=0
[INFO] [1784745810.760869863] [yolo_navigator]: [STATUS] mode=FTG front=0.87 L=0.62 R=2.24 gap=-0.42 v=+0.20 w=-0.11 personLvl=0
[INFO] [1784745815.807993808] [yolo_navigator]: [STATUS] mode=FTG front=0.48 L=0.40 R=1.89 gap=-0.35 v=+0.10 w=-0.01 personLvl=0
[INFO] [1784745817.700511587] [yolo_navigator]: [ROTATE_OPEN] front=0.40 open=-1.38
[INFO] [1784745818.451633055] [yolo_navigator]: [FTG] gap=-0.34 W=2.92
[INFO] [1784745820.940309651] [yolo_navigator]: [STATUS] mode=FTG front=10.00 L=0.43 R=1.55 gap=+0.21 v=+0.30 w=-0.15 personLvl=0
[INFO] [1784745825.855939500] [yolo_navigator]: [STATUS] mode=FTG front=10.00 L=0.67 R=0.95 gap=+0.34 v=+0.24 w=+0.00 personLvl=0
[INFO] [1784745830.871991967] [yolo_navigator]: [STATUS] mode=FTG front=10.00 L=0.83 R=0.51 gap=+0.40 v=+0.21 w=+0.01 personLvl=0
[INFO] [1784745835.901001589] [yolo_navigator]: [STATUS] mode=FTG front=10.00 L=0.96 R=0.37 gap=-0.43 v=+0.19 w=-0.03 personLvl=0
[INFO] [1784745840.901909422] [yolo_navigator]: [STATUS] mode=FTG front=10.00 L=1.14 R=1.58 gap=-0.43 v=+0.19 w=-0.05 personLvl=0
[INFO] [1784745845.950981947] [yolo_navigator]: [STATUS] mode=FTG front=0.97 L=0.98 R=3.11 gap=-0.60 v=+0.11 w=-0.32 personLvl=0
[INFO] [1784745851.000775797] [yolo_navigator]: [STATUS] mode=FTG front=0.54 L=0.57 R=2.65 gap=-0.35 v=+0.13 w=-0.02 personLvl=0
[INFO] [1784745853.750832965] [yolo_navigator]: [ROTATE_OPEN] front=0.39 open=-0.45
[INFO] [1784745854.856760561] [yolo_navigator]: [FTG] gap=-0.20 W=12.83
[INFO] [1784745856.050520167] [yolo_navigator]: [STATUS] mode=FTG front=10.00 L=0.43 R=3.13 gap=-0.00 v=+0.40 w=+0.38 personLvl=0
[INFO] [1784745861.051157519] [yolo_navigator]: [STATUS] mode=FTG front=10.00 L=1.54 R=2.61 gap=-0.13 v=+0.34 w=+0.29 personLvl=0
[INFO] [1784745866.050862743] [yolo_navigator]: [STATUS] mode=FTG front=10.00 L=1.46 R=2.27 gap=+0.36 v=+0.23 w=+0.00 personLvl=0
[INFO] [1784745871.068946453] [yolo_navigator]: [STATUS] mode=FTG front=10.00 L=1.32 R=1.97 gap=-0.04 v=+0.38 w=+0.31 personLvl=0
[INFO] [1784745876.101607625] [yolo_navigator]: [STATUS] mode=FTG front=10.00 L=1.50 R=1.11 gap=+0.15 v=+0.33 w=-0.27 personLvl=0
[INFO] [1784745881.151109552] [yolo_navigator]: [STATUS] mode=FTG front=10.00 L=4.78 R=0.65 gap=+0.13 v=+0.34 w=-0.29 personLvl=0
[INFO] [1784745886.200753843] [yolo_navigator]: [STATUS] mode=FTG front=10.00 L=4.64 R=0.95 gap=+0.16 v=+0.32 w=-0.25 personLvl=0
[INFO] [1784745891.201505145] [yolo_navigator]: [STATUS] mode=FTG front=10.00 L=4.52 R=3.35 gap=+0.32 v=+0.25 w=-0.04 personLvl=0
[INFO] [1784745896.261753090] [yolo_navigator]: [STATUS] mode=FTG front=10.00 L=3.53 R=2.95 gap=+0.36 v=+0.23 w=+0.00 personLvl=0
[INFO] [1784745901.252319105] [yolo_navigator]: [STATUS] mode=FTG front=10.00 L=2.93 R=2.63 gap=-0.26 v=+0.27 w=+0.07 personLvl=0
[INFO] [1784745906.253609833] [yolo_navigator]: [STATUS] mode=FTG front=10.00 L=4.18 R=2.37 gap=-0.42 v=+0.20 w=-0.02 personLvl=0
[INFO] [1784745911.259833080] [yolo_navigator]: [STATUS] mode=FTG front=10.00 L=1.75 R=2.07 gap=-0.42 v=+0.20 w=-0.05 personLvl=0
[INFO] [1784745916.312944244] [yolo_navigator]: [STATUS] mode=FTG front=10.00 L=1.31 R=2.09 gap=-0.57 v=+0.13 w=-0.29 personLvl=0
[INFO] [1784745921.351912193] [yolo_navigator]: [STATUS] mode=FTG front=10.00 L=0.94 R=1.81 gap=+0.35 v=+0.23 w=+0.03 personLvl=0
[INFO] [1784745926.400541129] [yolo_navigator]: [STATUS] mode=FTG front=10.00 L=0.49 R=1.85 gap=-0.31 v=+0.25 w=+0.05 personLvl=0
[INFO] [1784745931.401324587] [yolo_navigator]: [STATUS] mode=FTG front=10.00 L=0.90 R=2.18 gap=+0.48 v=+0.17 w=+0.88 personLvl=0
[INFO] [1784745936.450949163] [yolo_navigator]: [STATUS] mode=FTG front=10.00 L=0.74 R=2.08 gap=-0.22 v=+0.29 w=-0.03 personLvl=0
[INFO] [1784745941.464999636] [yolo_navigator]: [STATUS] mode=FTG front=10.00 L=0.82 R=1.65 gap=+1.26 v=+0.10 w=+1.14 personLvl=0
[INFO] [1784745946.500903014] [yolo_navigator]: [STATUS] mode=FTG front=10.00 L=2.06 R=1.53 gap=+0.84 v=+0.10 w=-0.57 personLvl=0
[INFO] [1784745951.555593162] [yolo_navigator]: [STATUS] mode=FTG front=10.00 L=0.72 R=1.89 gap=+1.21 v=+0.10 w=+1.07 personLvl=0
[INFO] [1784745956.551742667] [yolo_navigator]: [STATUS] mode=FTG front=10.00 L=0.68 R=1.32 gap=-0.15 v=+0.33 w=-0.02 personLvl=0
[INFO] [1784745961.600871415] [yolo_navigator]: [STATUS] mode=FTG front=10.00 L=2.61 R=1.08 gap=-0.04 v=+0.38 w=-0.43 personLvl=0
[INFO] [1784745966.650359097] [yolo_navigator]: [STATUS] mode=FTG front=10.00 L=1.81 R=1.23 gap=+0.17 v=+0.32 w=+0.03 personLvl=0
[INFO] [1784745971.650538965] [yolo_navigator]: [STATUS] mode=FTG front=1.08 L=1.01 R=1.31 gap=+0.26 v=+0.27 w=+0.03 personLvl=0
[INFO] [1784745976.651087406] [yolo_navigator]: [STATUS] mode=FTG front=0.42 L=0.56 R=0.44 gap=+0.21 v=+0.08 w=+0.47 personLvl=0
[INFO] [1784745976.900930295] [yolo_navigator]: [ROTATE_OPEN] front=0.40 open=+0.19
[INFO] [1784745977.551048681] [yolo_navigator]: [FTG] gap=+0.03 W=1.56
[INFO] [1784745978.750918848] [yolo_navigator]: [ROTATE_OPEN] front=0.37 open=+1.29
[INFO] [1784745979.600219801] [yolo_navigator]: [REVERSE] front=0.32 dir=+1
[INFO] [1784745980.751429167] [yolo_navigator]: [FTG] gap=-0.98 W=2.31
[INFO] [1784745981.700837522] [yolo_navigator]: [STATUS] mode=FTG front=0.49 L=2.91 R=0.52 gap=+0.37 v=+0.10 w=+0.04 personLvl=0
[INFO] [1784745983.751344634] [yolo_navigator]: [ROTATE_OPEN] front=0.39 open=+0.89
[INFO] [1784745984.651217176] [yolo_navigator]: [FTG] gap=+0.23 W=2.26
[INFO] [1784745986.770695364] [yolo_navigator]: [STATUS] mode=FTG front=0.49 L=2.69 R=0.33 gap=+0.14 v=+0.15 w=+0.68 personLvl=0
[INFO] [1784745991.830027493] [yolo_navigator]: [STATUS] mode=FTG front=10.00 L=1.86 R=0.90 gap=-0.09 v=+0.36 w=+0.27 personLvl=0
[INFO] [1784745996.850782112] [yolo_navigator]: [STATUS] mode=FTG front=10.00 L=1.02 R=1.77 gap=+0.08 v=+0.36 w=-0.33 personLvl=0
[INFO] [1784746001.900700066] [yolo_navigator]: [STATUS] mode=FTG front=10.00 L=0.65 R=2.82 gap=-0.02 v=+0.39 w=+0.43 personLvl=0
[INFO] [1784746006.955309212] [yolo_navigator]: [STATUS] mode=FTG front=10.00 L=0.49 R=3.05 gap=-0.16 v=+0.32 w=+0.20 personLvl=0
[INFO] [1784746011.965476476] [yolo_navigator]: [STATUS] mode=FTG front=10.00 L=3.21 R=3.62 gap=-0.08 v=+0.36 w=+0.36 personLvl=0
[INFO] [1784746017.000712353] [yolo_navigator]: [STATUS] mode=FTG front=10.00 L=2.90 R=4.13 gap=-0.15 v=+0.33 w=+0.23 personLvl=0
[INFO] [1784746022.000870140] [yolo_navigator]: [STATUS] mode=FTG front=10.00 L=2.74 R=4.16 gap=-0.33 v=+0.24 w=+0.00 personLvl=0
[INFO] [1784746027.002147104] [yolo_navigator]: [STATUS] mode=FTG front=10.00 L=2.75 R=3.76 gap=+0.38 v=+0.22 w=-0.07 personLvl=0
[INFO] [1784746032.057346177] [yolo_navigator]: [STATUS] mode=FTG front=10.00 L=2.32 R=3.47 gap=+0.45 v=+0.19 w=+0.02 personLvl=0
[INFO] [1784746037.148255632] [yolo_navigator]: [STATUS] mode=FTG front=10.00 L=1.82 R=1.55 gap=+0.45 v=+0.18 w=+0.04 personLvl=0
[INFO] [1784746042.151256205] [yolo_navigator]: [STATUS] mode=FTG front=0.89 L=1.37 R=0.93 gap=+0.45 v=+0.18 w=+0.06 personLvl=0
[INFO] [1784746047.166645071] [yolo_navigator]: [STATUS] mode=FTG front=0.47 L=2.65 R=0.52 gap=+0.43 v=+0.07 w=+0.06 personLvl=0
[INFO] [1784746049.386912345] [yolo_navigator]: [ROTATE_OPEN] front=0.40 open=+1.33
[INFO] [1784746050.450614665] [yolo_navigator]: [FTG] gap=+0.22 W=3.72
[INFO] [1784746051.411510557] [yolo_navigator]: [PERSON] level=2 h=254px
[INFO] [1784746052.202765571] [yolo_navigator]: [STATUS] mode=FTG front=10.00 L=2.55 R=0.42 gap=-0.15 v=+0.10 w=+0.23 personLvl=2
[INFO] [1784746054.125925436] [yolo_navigator]: [PERSON] level=0 h=0px
[INFO] [1784746057.263413309] [yolo_navigator]: [STATUS] mode=FTG front=10.00 L=2.00 R=0.76 gap=-0.11 v=+0.35 w=-0.03 personLvl=0
[INFO] [1784746062.301009449] [yolo_navigator]: [STATUS] mode=FTG front=10.00 L=1.40 R=1.65 gap=-0.12 v=+0.34 w=-0.06 personLvl=0
[INFO] [1784746067.301925493] [yolo_navigator]: [STATUS] mode=FTG front=10.00 L=1.74 R=1.06 gap=-0.23 v=+0.29 w=-0.15 personLvl=0
[INFO] [1784746072.351460306] [yolo_navigator]: [STATUS] mode=FTG front=10.00 L=1.43 R=3.77 gap=+0.46 v=+0.18 w=+0.03 personLvl=0
[INFO] [1784746077.351709232] [yolo_navigator]: [STATUS] mode=FTG front=10.00 L=1.34 R=3.45 gap=+0.44 v=+0.19 w=+0.02 personLvl=0
[INFO] [1784746082.411424985] [yolo_navigator]: [STATUS] mode=FTG front=10.00 L=1.23 R=3.13 gap=+0.44 v=+0.19 w=+0.03 personLvl=0
[INFO] [1784746087.419422027] [yolo_navigator]: [STATUS] mode=FTG front=10.00 L=1.14 R=2.79 gap=+0.40 v=+0.21 w=+0.03 personLvl=0
[INFO] [1784746092.452169685] [yolo_navigator]: [STATUS] mode=FTG front=10.00 L=1.04 R=2.44 gap=-0.09 v=+0.36 w=-0.35 personLvl=0
[INFO] [1784746097.501224885] [yolo_navigator]: [STATUS] mode=FTG front=10.00 L=0.94 R=2.02 gap=+0.58 v=+0.12 w=+0.23 personLvl=0
[INFO] [1784746102.501593861] [yolo_navigator]: [STATUS] mode=FTG front=10.00 L=3.76 R=1.62 gap=+0.03 v=+0.38 w=-0.23 personLvl=0
[INFO] [1784746107.501922098] [yolo_navigator]: [STATUS] mode=FTG front=10.00 L=3.26 R=1.20 gap=+0.31 v=+0.25 w=+0.02 personLvl=0
[INFO] [1784746112.551059544] [yolo_navigator]: [STATUS] mode=FTG front=10.00 L=2.80 R=0.85 gap=-0.01 v=+0.40 w=-0.32 personLvl=0
[INFO] [1784746117.551922923] [yolo_navigator]: [STATUS] mode=FTG front=0.85 L=2.34 R=0.53 gap=+0.25 v=+0.28 w=-0.10 personLvl=0
[INFO] [1784746122.151145093] [yolo_navigator]: [ROTATE_OPEN] front=0.40 open=+1.45
[INFO] [1784746122.551855700] [yolo_navigator]: [STATUS] mode=ROTATE_OPEN front=0.39 L=2.10 R=0.36 gap=+0.35 v=+0.00 w=+1.00 personLvl=0
[INFO] [1784746123.001337179] [yolo_navigator]: [FTG] gap=+0.28 W=2.01
[INFO] [1784746127.623404884] [yolo_navigator]: [STATUS] mode=FTG front=10.00 L=1.48 R=0.48 gap=+0.13 v=+0.34 w=+0.06 personLvl=0
[INFO] [1784746132.652201809] [yolo_navigator]: [STATUS] mode=FTG front=10.00 L=0.71 R=0.72 gap=+0.03 v=+0.39 w=+0.00 personLvl=0
[INFO] [1784746137.653087399] [yolo_navigator]: [STATUS] mode=FTG front=10.00 L=2.13 R=0.97 gap=+0.29 v=+0.26 w=+0.04 personLvl=0
[INFO] [1784746142.701533936] [yolo_navigator]: [STATUS] mode=FTG front=10.00 L=1.70 R=1.20 gap=+0.25 v=+0.28 w=+0.03 personLvl=0
[INFO] [1784746147.700663418] [yolo_navigator]: [STATUS] mode=FTG front=10.00 L=1.39 R=1.54 gap=+0.26 v=+0.27 w=+0.08 personLvl=0
[INFO] [1784746148.851675285] [yolo_navigator]: [WEDGE] open=+0.72
[INFO] [1784746149.100990885] [yolo_navigator]: [FTG] gap=+0.68 W=0.54
[INFO] [1784746150.500510013] [yolo_navigator]: [WEDGE] open=+1.34
[INFO] [1784746150.651233986] [yolo_navigator]: [FTG] gap=+0.42 W=0.61
[INFO] [1784746150.851202463] [yolo_navigator]: [WEDGE] open=+1.45
[INFO] [1784746151.000759708] [yolo_navigator]: [FTG] gap=+0.38 W=0.46
[INFO] [1784746152.792687557] [yolo_navigator]: [STATUS] mode=FTG front=1.12 L=1.12 R=1.30 gap=-0.57 v=+0.12 w=-1.00 personLvl=0
[INFO] [1784746154.400351133] [yolo_navigator]: [WEDGE] open=+1.45
[INFO] [1784746154.663346847] [yolo_navigator]: [FTG] gap=+0.39 W=0.50
[INFO] [1784746155.151440033] [yolo_navigator]: [WEDGE] open=+1.45
[INFO] [1784746155.307979285] [yolo_navigator]: [FTG] gap=-0.15 W=3.80
[INFO] [1784746156.901575326] [yolo_navigator]: [WEDGE] open=+0.40
[INFO] [1784746157.152897378] [yolo_navigator]: [FTG] gap=+0.39 W=0.61
[INFO] [1784746157.802230873] [yolo_navigator]: [STATUS] mode=FTG front=1.12 L=0.78 R=0.92 gap=+0.49 v=+0.16 w=+0.24 personLvl=0
[INFO] [1784746162.851444068] [yolo_navigator]: [STATUS] mode=FTG front=0.80 L=0.43 R=0.56 gap=+0.40 v=+0.21 w=+0.08 personLvl=0
[INFO] [1784746167.909147188] [yolo_navigator]: [STATUS] mode=FTG front=0.42 L=0.74 R=0.37 gap=+0.35 v=+0.06 w=+0.01 personLvl=0
[INFO] [1784746168.601165108] [yolo_navigator]: [ROTATE_OPEN] front=0.40 open=+0.94
[INFO] [1784746169.403410228] [yolo_navigator]: [FTG] gap=+0.32 W=2.41
[INFO] [1784746171.953335977] [yolo_navigator]: [ROTATE_OPEN] front=0.39 open=+0.93
[INFO] [1784746172.313253674] [yolo_navigator]: [REVERSE] front=0.31 dir=+1
[INFO] [1784746172.850429417] [yolo_navigator]: [FTG] gap=+0.13 W=2.08
[INFO] [1784746172.937333983] [yolo_navigator]: [STATUS] mode=FTG front=0.47 L=0.84 R=0.30 gap=+0.13 v=+0.13 w=+0.50 personLvl=0
[INFO] [1784746177.951833352] [yolo_navigator]: [STATUS] mode=FTG front=10.00 L=0.72 R=0.56 gap=-0.15 v=+0.33 w=-0.01 personLvl=0
[INFO] [1784746183.000943330] [yolo_navigator]: [STATUS] mode=FTG front=10.00 L=2.60 R=0.76 gap=-0.18 v=+0.31 w=+0.01 personLvl=0
[INFO] [1784746188.052765996] [yolo_navigator]: [STATUS] mode=FTG front=10.00 L=2.17 R=0.93 gap=-0.21 v=+0.30 w=-0.02 personLvl=0
[INFO] [1784746193.102194543] [yolo_navigator]: [STATUS] mode=FTG front=10.00 L=2.29 R=1.03 gap=+0.03 v=+0.39 w=-0.02 personLvl=0
[INFO] [1784746198.101286518] [yolo_navigator]: [STATUS] mode=FTG front=10.00 L=1.54 R=1.07 gap=+0.13 v=+0.34 w=-0.00 personLvl=0
[INFO] [1784746203.103483815] [yolo_navigator]: [STATUS] mode=FTG front=10.00 L=1.01 R=1.16 gap=+0.26 v=+0.28 w=+0.03 personLvl=0
[INFO] [1784746208.151872650] [yolo_navigator]: [STATUS] mode=FTG front=10.00 L=0.74 R=1.21 gap=+0.51 v=+0.16 w=+0.26 personLvl=0
[INFO] [1784746213.201995927] [yolo_navigator]: [STATUS] mode=FTG front=10.00 L=0.94 R=1.41 gap=+0.32 v=+0.25 w=+0.03 personLvl=0
[INFO] [1784746218.250955884] [yolo_navigator]: [STATUS] mode=FTG front=10.00 L=1.45 R=1.63 gap=+0.10 v=+0.35 w=-0.09 personLvl=0
[INFO] [1784746223.251577708] [yolo_navigator]: [STATUS] mode=FTG front=10.00 L=1.37 R=1.35 gap=+0.38 v=+0.22 w=+0.12 personLvl=0
[INFO] [1784746228.307857844] [yolo_navigator]: [STATUS] mode=FTG front=10.00 L=3.85 R=0.96 gap=+0.40 v=+0.21 w=+0.09 personLvl=0
[INFO] [1784746233.352057276] [yolo_navigator]: [STATUS] mode=FTG front=0.76 L=2.22 R=0.60 gap=+0.49 v=+0.17 w=+0.19 personLvl=0
[INFO] [1784746238.359859695] [yolo_navigator]: [STATUS] mode=FTG front=0.90 L=2.31 R=0.37 gap=+0.39 v=+0.21 w=+0.05 personLvl=0
[INFO] [1784746243.402889634] [yolo_navigator]: [STATUS] mode=FTG front=0.45 L=1.90 R=0.55 gap=+0.37 v=+0.08 w=+0.03 personLvl=0
[INFO] [1784746245.114280567] [yolo_navigator]: [ROTATE_OPEN] front=0.40 open=+0.87
[INFO] [1784746246.951178027] [yolo_navigator]: [FTG] gap=-0.01 W=5.73
[INFO] [1784746248.403007014] [yolo_navigator]: [STATUS] mode=FTG front=10.00 L=2.06 R=0.38 gap=-0.00 v=+0.40 w=+1.06 personLvl=0
[INFO] [1784746253.474453082] [yolo_navigator]: [STATUS] mode=FTG front=10.00 L=1.77 R=1.92 gap=+0.45 v=+0.19 w=+0.85 personLvl=0
[INFO] [1784746258.515958787] [yolo_navigator]: [STATUS] mode=FTG front=10.00 L=1.22 R=1.67 gap=-0.21 v=+0.30 w=+0.00 personLvl=0
[INFO] [1784746263.514767985] [yolo_navigator]: [STATUS] mode=FTG front=10.00 L=0.74 R=1.37 gap=-0.24 v=+0.29 w=-0.02 personLvl=0
[INFO] [1784746268.551314034] [yolo_navigator]: [STATUS] mode=FTG front=10.00 L=1.33 R=1.05 gap=-0.32 v=+0.25 w=-0.11 personLvl=0
[INFO] [1784746273.622908541] [yolo_navigator]: [STATUS] mode=FTG front=10.00 L=1.41 R=1.03 gap=+0.24 v=+0.28 w=-0.00 personLvl=0
[INFO] [1784746278.652461347] [yolo_navigator]: [STATUS] mode=FTG front=10.00 L=1.12 R=1.83 gap=+0.27 v=+0.27 w=+0.04 personLvl=0
[INFO] [1784746283.680735543] [yolo_navigator]: [STATUS] mode=FTG front=10.00 L=0.98 R=2.76 gap=+0.18 v=+0.31 w=+0.02 personLvl=0
[INFO] [1784746288.701324824] [yolo_navigator]: [STATUS] mode=FTG front=10.00 L=0.60 R=2.07 gap=-0.17 v=+0.32 w=-0.03 personLvl=0
[INFO] [1784746293.752045916] [yolo_navigator]: [STATUS] mode=FTG front=10.00 L=2.75 R=1.47 gap=-0.21 v=+0.30 w=-0.07 personLvl=0
[INFO] [1784746298.760286735] [yolo_navigator]: [STATUS] mode=FTG front=10.00 L=2.61 R=1.01 gap=-0.22 v=+0.29 w=-0.14 personLvl=0
[INFO] [1784746303.801417325] [yolo_navigator]: [STATUS] mode=FTG front=10.00 L=2.25 R=0.66 gap=-0.56 v=+0.13 w=-0.19 personLvl=0
[INFO] [1784746308.801853835] [yolo_navigator]: [STATUS] mode=FTG front=10.00 L=3.20 R=0.61 gap=-0.43 v=+0.19 w=-0.05 personLvl=0
[INFO] [1784746313.826154608] [yolo_navigator]: [STATUS] mode=FTG front=10.00 L=2.86 R=0.61 gap=+0.19 v=+0.31 w=+0.46 personLvl=0
[INFO] [1784746318.851367844] [yolo_navigator]: [STATUS] mode=FTG front=10.00 L=2.44 R=0.67 gap=-0.56 v=+0.13 w=-0.32 personLvl=0
[INFO] [1784746323.901032640] [yolo_navigator]: [STATUS] mode=FTG front=10.00 L=2.09 R=4.41 gap=-0.53 v=+0.15 w=-0.27 personLvl=0
[INFO] [1784746328.901477215] [yolo_navigator]: [STATUS] mode=FTG front=10.00 L=1.68 R=4.09 gap=+0.02 v=+0.39 w=+0.31 personLvl=0
[INFO] [1784746333.925178947] [yolo_navigator]: [STATUS] mode=FTG front=10.00 L=1.22 R=3.78 gap=-0.31 v=+0.25 w=-0.03 personLvl=0
[INFO] [1784746338.952003268] [yolo_navigator]: [STATUS] mode=FTG front=0.99 L=0.77 R=2.32 gap=-0.18 v=+0.31 w=+0.09 personLvl=0
[INFO] [1784746344.001291506] [yolo_navigator]: [STATUS] mode=FTG front=0.68 L=0.49 R=3.42 gap=-0.35 v=+0.22 w=-0.01 personLvl=0
[INFO] [1784746348.050565312] [yolo_navigator]: [ROTATE_OPEN] front=0.40 open=-1.27
[INFO] [1784746348.801616169] [yolo_navigator]: [FTG] gap=-0.34 W=3.00
[INFO] [1784746349.012275558] [yolo_navigator]: [STATUS] mode=FTG front=0.49 L=0.36 R=3.34 gap=-0.25 v=+0.13 w=-0.29 personLvl=0
[INFO] [1784746354.009444970] [yolo_navigator]: [STATUS] mode=FTG front=10.00 L=0.84 R=2.68 gap=+0.23 v=+0.29 w=-0.15 personLvl=0
[INFO] [1784746359.057774266] [yolo_navigator]: [STATUS] mode=FTG front=10.00 L=1.27 R=2.14 gap=-0.52 v=+0.15 w=-0.17 personLvl=0
[INFO] [1784746364.089912396] [yolo_navigator]: [STATUS] mode=FTG front=10.00 L=1.60 R=1.76 gap=+0.37 v=+0.22 w=+0.03 personLvl=0
[INFO] [1784746369.101550685] [yolo_navigator]: [STATUS] mode=FTG front=10.00 L=1.81 R=1.52 gap=+0.50 v=+0.16 w=+0.31 personLvl=0
[INFO] [1784746374.151528071] [yolo_navigator]: [STATUS] mode=FTG front=10.00 L=1.73 R=2.39 gap=+0.08 v=+0.36 w=-0.36 personLvl=0
[INFO] [1784746379.215107376] [yolo_navigator]: [STATUS] mode=FTG front=10.00 L=1.62 R=1.32 gap=-0.13 v=+0.34 w=-0.14 personLvl=0
[INFO] [1784746384.251415446] [yolo_navigator]: [STATUS] mode=FTG front=10.00 L=1.43 R=0.61 gap=-0.25 v=+0.28 w=-0.13 personLvl=0
[INFO] [1784746389.251983532] [yolo_navigator]: [STATUS] mode=FTG front=10.00 L=1.36 R=0.56 gap=-0.25 v=+0.28 w=-0.16 personLvl=0
[INFO] [1784746394.251916575] [yolo_navigator]: [STATUS] mode=FTG front=10.00 L=1.77 R=0.61 gap=-0.28 v=+0.26 w=-0.09 personLvl=0
[INFO] [1784746399.300850632] [yolo_navigator]: [STATUS] mode=FTG front=10.00 L=2.37 R=2.28 gap=-0.38 v=+0.22 w=-0.18 personLvl=0
[INFO] [1784746404.301015274] [yolo_navigator]: [STATUS] mode=FTG front=10.00 L=2.20 R=2.07 gap=-0.45 v=+0.19 w=-0.10 personLvl=0
[INFO] [1784746409.301905487] [yolo_navigator]: [STATUS] mode=FTG front=10.00 L=1.80 R=2.40 gap=+0.00 v=+0.40 w=+0.27 personLvl=0
[INFO] [1784746414.351838142] [yolo_navigator]: [STATUS] mode=FTG front=10.00 L=1.32 R=2.21 gap=-0.39 v=+0.21 w=-0.13 personLvl=0
[INFO] [1784746419.362993864] [yolo_navigator]: [STATUS] mode=FTG front=1.11 L=0.90 R=1.72 gap=-0.63 v=+0.10 w=-0.32 personLvl=0
[INFO] [1784746424.401671912] [yolo_navigator]: [STATUS] mode=FTG front=0.87 L=0.59 R=1.41 gap=-0.39 v=+0.21 w=-0.06 personLvl=0
[INFO] [1784746429.401708542] [yolo_navigator]: [STATUS] mode=FTG front=0.45 L=0.38 R=1.19 gap=-0.35 v=+0.08 w=-0.01 personLvl=0
[INFO] [1784746430.261755356] [yolo_navigator]: [ROTATE_OPEN] front=0.39 open=-1.06
[INFO] [1784746430.701709928] [yolo_navigator]: [FTG] gap=-0.34 W=2.77
[INFO] [1784746434.451751173] [yolo_navigator]: [STATUS] mode=FTG front=0.41 L=0.29 R=0.99 gap=-0.13 v=+0.08 w=+0.01 personLvl=0
[INFO] [1784746434.572713719] [yolo_navigator]: [ROTATE_OPEN] front=0.40 open=-0.91
[INFO] [1784746435.400907733] [yolo_navigator]: [FTG] gap=-0.07 W=2.46
[INFO] [1784746439.452307382] [yolo_navigator]: [STATUS] mode=FTG front=10.00 L=0.44 R=0.83 gap=+0.29 v=+0.26 w=-0.12 personLvl=0
[INFO] [1784746444.501178837] [yolo_navigator]: [STATUS] mode=FTG front=10.00 L=0.58 R=1.54 gap=+0.52 v=+0.15 w=+0.11 personLvl=0
[INFO] [1784746449.586102130] [yolo_navigator]: [STATUS] mode=FTG front=1.01 L=0.61 R=1.04 gap=+0.45 v=+0.18 w=+0.01 personLvl=0
[INFO] [1784746454.600906904] [yolo_navigator]: [STATUS] mode=FTG front=0.56 L=0.63 R=0.59 gap=+0.57 v=+0.08 w=+0.11 personLvl=0
[INFO] [1784746455.751289097] [yolo_navigator]: [WEDGE] open=-1.45
[INFO] [1784746458.051607058] [yolo_navigator]: [FTG] gap=-1.47 W=6.70
[INFO] [1784746459.602721002] [yolo_navigator]: [STATUS] mode=FTG front=0.40 L=0.46 R=0.67 gap=-0.85 v=+0.02 w=-0.75 personLvl=0
[INFO] [1784746464.300540656] [yolo_navigator]: [ROTATE_OPEN] front=0.39 open=-0.30
[INFO] [1784746464.605262136] [yolo_navigator]: [STATUS] mode=ROTATE_OPEN front=0.38 L=0.38 R=1.64 gap=-0.29 v=+0.00 w=-1.00 personLvl=0
[INFO] [1784746465.151312558] [yolo_navigator]: [FTG] gap=-0.22 W=3.15
[INFO] [1784746469.650928939] [yolo_navigator]: [STATUS] mode=FTG front=10.00 L=0.42 R=1.33 gap=-0.16 v=+0.32 w=+0.25 personLvl=0
[INFO] [1784746474.651718366] [yolo_navigator]: [STATUS] mode=FTG front=10.00 L=1.90 R=2.67 gap=+0.14 v=+0.33 w=-0.27 personLvl=0
[INFO] [1784746479.661167281] [yolo_navigator]: [STATUS] mode=FTG front=10.00 L=1.51 R=2.25 gap=+0.25 v=+0.28 w=-0.14 personLvl=0
[INFO] [1784746484.702337460] [yolo_navigator]: [STATUS] mode=FTG front=10.00 L=1.84 R=2.00 gap=+0.41 v=+0.20 w=+0.03 personLvl=0
[INFO] [1784746489.751934639] [yolo_navigator]: [STATUS] mode=FTG front=10.00 L=2.07 R=1.80 gap=+0.62 v=+0.10 w=+0.34 personLvl=0
[INFO] [1784746494.789729386] [yolo_navigator]: [STATUS] mode=FTG front=10.00 L=2.04 R=1.27 gap=+0.37 v=+0.22 w=+0.03 personLvl=0
[INFO] [1784746499.801742751] [yolo_navigator]: [STATUS] mode=FTG front=0.69 L=2.23 R=0.70 gap=+0.35 v=+0.22 w=+0.00 personLvl=0
[INFO] [1784746504.302315416] [yolo_navigator]: [ROTATE_OPEN] front=0.39 open=+0.40
[INFO] [1784746504.866892949] [yolo_navigator]: [STATUS] mode=ROTATE_OPEN front=0.38 L=2.32 R=0.44 gap=+0.35 v=+0.00 w=+1.00 personLvl=0
[INFO] [1784746505.351201282] [yolo_navigator]: [FTG] gap=+0.22 W=6.72
[INFO] [1784746509.901578616] [yolo_navigator]: [STATUS] mode=FTG front=10.00 L=1.94 R=0.44 gap=-0.12 v=+0.34 w=+0.29 personLvl=0
[INFO] [1784746514.901516968] [yolo_navigator]: [STATUS] mode=FTG front=10.00 L=1.43 R=4.99 gap=-0.70 v=+0.10 w=-0.28 personLvl=0
[INFO] [1784746519.918453644] [yolo_navigator]: [STATUS] mode=FTG front=10.00 L=1.18 R=5.31 gap=+0.36 v=+0.23 w=+0.02 personLvl=0
[INFO] [1784746524.951574435] [yolo_navigator]: [STATUS] mode=FTG front=10.00 L=3.28 R=4.75 gap=+0.37 v=+0.22 w=+0.02 personLvl=0
[INFO] [1784746530.002194603] [yolo_navigator]: [STATUS] mode=FTG front=10.00 L=2.78 R=3.59 gap=+0.35 v=+0.23 w=+0.15 personLvl=0
[INFO] [1784746535.051873961] [yolo_navigator]: [STATUS] mode=FTG front=10.00 L=2.37 R=4.28 gap=-0.23 v=+0.29 w=+0.09 personLvl=0
[INFO] [1784746540.089280275] [yolo_navigator]: [STATUS] mode=FTG front=10.00 L=1.87 R=3.83 gap=-0.27 v=+0.27 w=+0.13 personLvl=0
[INFO] [1784746545.100642001] [yolo_navigator]: [STATUS] mode=FTG front=10.00 L=1.33 R=2.26 gap=-0.39 v=+0.21 w=-0.03 personLvl=0
[INFO] [1784746550.102015424] [yolo_navigator]: [STATUS] mode=FTG front=1.06 L=0.95 R=1.74 gap=-0.79 v=+0.10 w=-0.59 personLvl=0
[INFO] [1784746555.102105086] [yolo_navigator]: [STATUS] mode=FTG front=1.00 L=0.70 R=3.15 gap=-0.40 v=+0.21 w=-0.08 personLvl=0
[INFO] [1784746560.154527131] [yolo_navigator]: [STATUS] mode=FTG front=0.49 L=0.41 R=3.06 gap=-0.24 v=+0.13 w=+0.06 personLvl=0
[INFO] [1784746561.301169785] [yolo_navigator]: [ROTATE_OPEN] front=0.39 open=-0.94
[INFO] [1784746562.051381302] [yolo_navigator]: [FTG] gap=-0.24 W=2.45
[INFO] [1784746565.201608660] [yolo_navigator]: [STATUS] mode=FTG front=10.00 L=1.17 R=2.85 gap=+0.12 v=+0.34 w=+0.04 personLvl=0
[INFO] [1784746570.250594457] [yolo_navigator]: [STATUS] mode=FTG front=10.00 L=0.73 R=2.26 gap=+0.17 v=+0.32 w=+0.01 personLvl=0
[INFO] [1784746575.261400250] [yolo_navigator]: [STATUS] mode=FTG front=10.00 L=0.92 R=1.75 gap=+0.19 v=+0.31 w=+0.02 personLvl=0
[INFO] [1784746580.300727988] [yolo_navigator]: [STATUS] mode=FTG front=10.00 L=1.11 R=1.26 gap=+0.21 v=+0.30 w=+0.03 personLvl=0
[INFO] [1784746585.302009079] [yolo_navigator]: [STATUS] mode=FTG front=10.00 L=1.17 R=2.43 gap=-0.05 v=+0.38 w=+0.01 personLvl=0
[INFO] [1784746590.351085718] [yolo_navigator]: [STATUS] mode=FTG front=10.00 L=1.20 R=1.53 gap=-0.17 v=+0.32 w=-0.06 personLvl=0
[INFO] [1784746595.357011956] [yolo_navigator]: [STATUS] mode=FTG front=10.00 L=1.33 R=0.89 gap=-0.14 v=+0.33 w=-0.05 personLvl=0
[INFO] [1784746600.402243726] [yolo_navigator]: [STATUS] mode=FTG front=10.00 L=1.66 R=0.69 gap=-0.30 v=+0.25 w=-0.09 personLvl=0
[INFO] [1784746605.467692175] [yolo_navigator]: [STATUS] mode=FTG front=10.00 L=2.22 R=0.75 gap=-0.33 v=+0.24 w=-0.13 personLvl=0
[INFO] [1784746610.502336653] [yolo_navigator]: [STATUS] mode=FTG front=10.00 L=1.91 R=0.68 gap=+0.02 v=+0.39 w=+0.29 personLvl=0
[INFO] [1784746615.552164416] [yolo_navigator]: [STATUS] mode=FTG front=10.00 L=1.50 R=0.84 gap=-0.08 v=+0.36 w=+0.18 personLvl=0
[INFO] [1784746620.602518086] [yolo_navigator]: [STATUS] mode=FTG front=10.00 L=1.09 R=3.15 gap=+0.08 v=+0.36 w=+0.37 personLvl=0
[INFO] [1784746625.651872743] [yolo_navigator]: [STATUS] mode=FTG front=0.87 L=0.69 R=2.23 gap=-0.53 v=+0.15 w=-0.24 personLvl=0
[INFO] [1784746630.701625915] [yolo_navigator]: [STATUS] mode=FTG front=0.60 L=0.45 R=2.95 gap=-0.35 v=+0.17 w=-0.01 personLvl=0
[INFO] [1784746634.300545974] [yolo_navigator]: [ROTATE_OPEN] front=0.40 open=-1.26
[INFO] [1784746635.151167867] [yolo_navigator]: [FTG] gap=-0.30 W=2.78
[INFO] [1784746635.755298822] [yolo_navigator]: [STATUS] mode=FTG front=10.00 L=0.39 R=2.89 gap=-0.02 v=+0.39 w=-0.58 personLvl=0
[INFO] [1784746640.761862819] [yolo_navigator]: [STATUS] mode=FTG front=10.00 L=0.61 R=2.48 gap=+0.28 v=+0.26 w=-0.01 personLvl=0
[INFO] [1784746645.813814925] [yolo_navigator]: [STATUS] mode=FTG front=10.00 L=0.90 R=2.17 gap=+0.43 v=+0.20 w=+0.17 personLvl=0
[INFO] [1784746650.819130831] [yolo_navigator]: [STATUS] mode=FTG front=10.00 L=0.84 R=1.15 gap=-0.02 v=+0.39 w=+0.19 personLvl=0
[INFO] [1784746655.868973537] [yolo_navigator]: [STATUS] mode=FTG front=0.86 L=0.53 R=0.99 gap=-0.28 v=+0.26 w=+0.07 personLvl=0
[INFO] [1784746660.001109216] [yolo_navigator]: [ROTATE_OPEN] front=0.40 open=-0.66
[INFO] [1784746660.850574405] [yolo_navigator]: [FTG] gap=-0.28 W=1.45
[INFO] [1784746660.910320930] [yolo_navigator]: [STATUS] mode=FTG front=0.47 L=0.37 R=1.03 gap=-0.28 v=+0.10 w=-0.30 personLvl=0
[INFO] [1784746664.001254096] [yolo_navigator]: [ROTATE_OPEN] front=0.39 open=-0.59
[INFO] [1784746664.501200496] [yolo_navigator]: [REVERSE] front=0.31 dir=-1
[INFO] [1784746664.951472830] [yolo_navigator]: [FTG] gap=-0.04 W=1.17
[INFO] [1784746665.950881978] [yolo_navigator]: [STATUS] mode=FTG front=1.20 L=0.38 R=0.84 gap=+0.15 v=+0.33 w=+0.07 personLvl=0
[INFO] [1784746671.056813174] [yolo_navigator]: [STATUS] mode=FTG front=10.00 L=0.52 R=0.42 gap=+0.47 v=+0.17 w=+0.05 personLvl=0
[INFO] [1784746676.052545828] [yolo_navigator]: [STATUS] mode=FTG front=10.00 L=0.87 R=0.50 gap=-0.38 v=+0.22 w=-0.16 personLvl=0
[INFO] [1784746681.105386932] [yolo_navigator]: [STATUS] mode=FTG front=10.00 L=1.61 R=0.87 gap=-0.29 v=+0.26 w=-0.03 personLvl=0
[INFO] [1784746686.154497991] [yolo_navigator]: [STATUS] mode=FTG front=10.00 L=1.71 R=1.92 gap=+0.10 v=+0.35 w=+0.42 personLvl=0
[INFO] [1784746691.202556345] [yolo_navigator]: [STATUS] mode=FTG front=10.00 L=1.25 R=1.38 gap=-0.31 v=+0.25 w=-0.02 personLvl=0
[INFO] [1784746696.251218463] [yolo_navigator]: [STATUS] mode=FTG front=10.00 L=0.87 R=1.04 gap=-0.02 v=+0.39 w=+0.28 personLvl=0
[INFO] [1784746701.310867345] [yolo_navigator]: [STATUS] mode=FTG front=0.79 L=0.53 R=0.97 gap=-0.35 v=+0.23 w=-0.02 personLvl=0
[INFO] [1784746706.100630664] [yolo_navigator]: [ROTATE_OPEN] front=0.39 open=-0.86
[INFO] [1784746706.351724765] [yolo_navigator]: [STATUS] mode=ROTATE_OPEN front=0.39 L=0.36 R=3.42 gap=-0.35 v=+0.00 w=-1.00 personLvl=0
[INFO] [1784746706.901204320] [yolo_navigator]: [FTG] gap=-0.30 W=1.95
[INFO] [1784746711.399024352] [yolo_navigator]: [STATUS] mode=FTG front=10.00 L=0.64 R=3.50 gap=+0.05 v=+0.38 w=-0.32 personLvl=0
[INFO] [1784746713.403178471] [yolo_navigator]: [PERSON] level=1 h=121px
[INFO] [1784746716.401908682] [yolo_navigator]: [STATUS] mode=FTG front=10.00 L=0.99 R=2.75 gap=-0.11 v=+0.20 w=+0.30 personLvl=1
[INFO] [1784746721.450893877] [yolo_navigator]: [STATUS] mode=FTG front=10.00 L=1.12 R=2.31 gap=+0.09 v=+0.21 w=-0.21 personLvl=1
[INFO] [1784746726.453725860] [yolo_navigator]: [STATUS] mode=FTG front=10.00 L=1.28 R=1.88 gap=+0.09 v=+0.21 w=-0.22 personLvl=1
[INFO] [1784746731.464831482] [yolo_navigator]: [STATUS] mode=FTG front=10.00 L=1.45 R=1.47 gap=+0.13 v=+0.19 w=-0.23 personLvl=1
[INFO] [1784746736.500700827] [yolo_navigator]: [STATUS] mode=FTG front=10.00 L=1.66 R=1.11 gap=-0.19 v=+0.16 w=+0.21 personLvl=1
[INFO] [1784746737.562338030] [yolo_navigator]: [PERSON] level=2 h=202px
[INFO] [1784746741.501741128] [yolo_navigator]: [STATUS] mode=FTG front=10.00 L=1.76 R=0.97 gap=-0.19 v=+0.10 w=+0.21 personLvl=2
[INFO] [1784746746.552364287] [yolo_navigator]: [STATUS] mode=FTG front=10.00 L=1.86 R=0.96 gap=+0.18 v=+0.10 w=-0.10 personLvl=2
[INFO] [1784746751.571091948] [yolo_navigator]: [STATUS] mode=FTG front=10.00 L=1.95 R=1.12 gap=-0.18 v=+0.10 w=+0.23 personLvl=2
[INFO] [1784746756.601842559] [yolo_navigator]: [STATUS] mode=FTG front=10.00 L=1.98 R=1.37 gap=+0.19 v=+0.10 w=-0.15 personLvl=2
[INFO] [1784746761.652074894] [yolo_navigator]: [STATUS] mode=FTG front=10.00 L=2.16 R=1.45 gap=+0.30 v=+0.10 w=-0.01 personLvl=2
[INFO] [1784746766.702321070] [yolo_navigator]: [STATUS] mode=FTG front=10.00 L=2.24 R=1.64 gap=-0.24 v=+0.10 w=+0.19 personLvl=2
[INFO] [1784746768.852301766] [yolo_navigator]: [PERSON] level=0 h=0px
[INFO] [1784746771.753159997] [yolo_navigator]: [STATUS] mode=FTG front=10.00 L=2.21 R=2.21 gap=+0.25 v=+0.28 w=-0.13 personLvl=0
[INFO] [1784746776.801222970] [yolo_navigator]: [STATUS] mode=FTG front=10.00 L=2.28 R=1.82 gap=+0.32 v=+0.25 w=+0.02 personLvl=0
[INFO] [1784746781.802619967] [yolo_navigator]: [STATUS] mode=FTG front=10.00 L=2.35 R=1.19 gap=+0.31 v=+0.25 w=+0.02 personLvl=0
[INFO] [1784746786.851954121] [yolo_navigator]: [STATUS] mode=FTG front=10.00 L=2.40 R=0.77 gap=+0.32 v=+0.24 w=+0.01 personLvl=0
[INFO] [1784746791.901996705] [yolo_navigator]: [STATUS] mode=FTG front=10.00 L=2.43 R=2.75 gap=+0.30 v=+0.25 w=+0.48 personLvl=0
[INFO] [1784746796.952133469] [yolo_navigator]: [STATUS] mode=FTG front=10.00 L=2.16 R=2.16 gap=-0.10 v=+0.35 w=-0.01 personLvl=0
[INFO] [1784746801.977933460] [yolo_navigator]: [STATUS] mode=FTG front=10.00 L=1.88 R=1.28 gap=+0.22 v=+0.30 w=+0.56 personLvl=0
[INFO] [1784746803.301185475] [yolo_navigator]: [WEDGE] open=-0.51
[INFO] [1784746803.350671818] [yolo_navigator]: [FTG] gap=-0.63 W=1.97
[INFO] [1784746803.551993869] [yolo_navigator]: [WEDGE] open=-0.54
[INFO] [1784746803.751855177] [yolo_navigator]: [FTG] gap=-0.69 W=2.06
[INFO] [1784746804.000493929] [yolo_navigator]: [WEDGE] open=-0.49
[INFO] [1784746804.102102974] [yolo_navigator]: [FTG] gap=-0.60 W=2.14
[INFO] [1784746807.010698487] [yolo_navigator]: [STATUS] mode=FTG front=10.00 L=1.37 R=0.85 gap=-0.40 v=+0.21 w=-0.15 personLvl=0
[INFO] [1784746812.087453877] [yolo_navigator]: [STATUS] mode=FTG front=10.00 L=0.93 R=1.30 gap=-0.99 v=+0.10 w=-1.15 personLvl=0
[INFO] [1784746817.121121559] [yolo_navigator]: [STATUS] mode=FTG front=10.00 L=0.66 R=1.25 gap=+0.37 v=+0.22 w=-0.09 personLvl=0
[INFO] [1784746822.162933378] [yolo_navigator]: [STATUS] mode=FTG front=10.00 L=0.46 R=3.52 gap=-1.47 v=+0.10 w=-1.47 personLvl=0
[INFO] [1784746827.202057531] [yolo_navigator]: [STATUS] mode=FTG front=10.00 L=1.06 R=1.31 gap=-0.41 v=+0.20 w=-0.14 personLvl=0
[INFO] [1784746832.210286422] [yolo_navigator]: [STATUS] mode=FTG front=10.00 L=1.78 R=1.90 gap=-0.24 v=+0.28 w=+0.02 personLvl=0
[INFO] [1784746837.251443675] [yolo_navigator]: [STATUS] mode=FTG front=10.00 L=1.89 R=3.03 gap=-0.70 v=+0.10 w=-0.42 personLvl=0
[INFO] [1784746842.300666714] [yolo_navigator]: [STATUS] mode=FTG front=10.00 L=1.43 R=3.08 gap=-0.38 v=+0.22 w=-0.13 personLvl=0
[INFO] [1784746847.313938736] [yolo_navigator]: [STATUS] mode=FTG front=10.00 L=1.06 R=2.76 gap=+0.08 v=+0.36 w=+0.37 personLvl=0
[INFO] [1784746852.323240820] [yolo_navigator]: [STATUS] mode=FTG front=0.72 L=0.62 R=1.73 gap=-0.58 v=+0.12 w=-0.31 personLvl=0
[INFO] [1784746857.351815764] [yolo_navigator]: [STATUS] mode=FTG front=0.54 L=0.42 R=1.96 gap=-0.35 v=+0.13 w=-0.01 personLvl=0
[INFO] [1784746860.102029835] [yolo_navigator]: [ROTATE_OPEN] front=0.40 open=-1.45
[INFO] [1784746860.851575994] [yolo_navigator]: [FTG] gap=-0.34 W=2.81
[INFO] [1784746862.380295217] [yolo_navigator]: [STATUS] mode=FTG front=10.00 L=0.40 R=1.74 gap=+0.03 v=+0.39 w=-0.90 personLvl=0
[INFO] [1784746867.376535232] [yolo_navigator]: [STATUS] mode=FTG front=10.00 L=0.65 R=1.04 gap=+0.34 v=+0.24 w=+0.00 personLvl=0
[INFO] [1784746872.401196347] [yolo_navigator]: [STATUS] mode=FTG front=10.00 L=0.82 R=0.54 gap=+0.64 v=+0.10 w=+0.25 personLvl=0
[INFO] [1784746877.401314602] [yolo_navigator]: [STATUS] mode=FTG front=10.00 L=0.95 R=0.37 gap=-0.43 v=+0.19 w=-0.03 personLvl=0
[INFO] [1784746882.428144612] [yolo_navigator]: [STATUS] mode=FTG front=10.00 L=1.15 R=1.56 gap=-0.43 v=+0.19 w=-0.05 personLvl=0
[INFO] [1784746887.450852475] [yolo_navigator]: [STATUS] mode=FTG front=0.94 L=0.95 R=3.09 gap=-0.56 v=+0.13 w=-0.28 personLvl=0
[INFO] [1784746892.452352737] [yolo_navigator]: [STATUS] mode=FTG front=0.53 L=0.55 R=2.62 gap=-0.35 v=+0.12 w=-0.02 personLvl=0
[INFO] [1784746894.951958794] [yolo_navigator]: [ROTATE_OPEN] front=0.40 open=-0.47
[INFO] [1784746895.951733752] [yolo_navigator]: [FTG] gap=-0.23 W=12.91
[INFO] [1784746897.500586765] [yolo_navigator]: [STATUS] mode=FTG front=10.00 L=0.39 R=3.11 gap=-0.09 v=+0.36 w=-0.39 personLvl=0
[INFO] [1784746902.501479084] [yolo_navigator]: [STATUS] mode=FTG front=10.00 L=1.62 R=2.65 gap=-0.13 v=+0.34 w=+0.29 personLvl=0
[INFO] [1784746907.508835368] [yolo_navigator]: [STATUS] mode=FTG front=10.00 L=1.45 R=2.26 gap=+0.36 v=+0.23 w=+0.00 personLvl=0
[INFO] [1784746912.551508230] [yolo_navigator]: [STATUS] mode=FTG front=10.00 L=1.34 R=1.95 gap=-0.03 v=+0.39 w=+0.34 personLvl=0
[INFO] [1784746917.600816398] [yolo_navigator]: [STATUS] mode=FTG front=10.00 L=1.47 R=1.16 gap=+0.09 v=+0.36 w=-0.34 personLvl=0
[INFO] [1784746922.562856273] [yolo_navigator]: [STATUS] mode=FTG front=10.00 L=4.83 R=0.64 gap=-0.12 v=+0.34 w=+0.22 personLvl=0
[INFO] [1784746927.601529835] [yolo_navigator]: [STATUS] mode=FTG front=10.00 L=4.68 R=0.73 gap=-0.10 v=+0.35 w=+0.25 personLvl=0
[INFO] [1784746932.601615061] [yolo_navigator]: [STATUS] mode=FTG front=10.00 L=4.53 R=3.36 gap=+0.18 v=+0.31 w=-0.22 personLvl=0
[INFO] [1784746937.821470349] [yolo_navigator]: [STATUS] mode=FTG front=10.00 L=3.44 R=2.89 gap=+0.34 v=+0.24 w=-0.02 personLvl=0
[INFO] [1784746942.700648354] [yolo_navigator]: [STATUS] mode=FTG front=10.00 L=2.75 R=2.55 gap=-0.31 v=+0.25 w=+0.00 personLvl=0
[INFO] [1784746947.701961344] [yolo_navigator]: [STATUS] mode=FTG front=10.00 L=4.14 R=2.33 gap=-0.43 v=+0.19 w=-0.04 personLvl=0
[INFO] [1784746952.759087344] [yolo_navigator]: [STATUS] mode=FTG front=10.00 L=1.64 R=1.96 gap=-0.41 v=+0.20 w=-0.05 personLvl=0
[INFO] [1784746957.787736540] [yolo_navigator]: [STATUS] mode=FTG front=10.00 L=1.28 R=2.07 gap=-0.39 v=+0.21 w=-0.07 personLvl=0
[INFO] [1784746962.801236195] [yolo_navigator]: [STATUS] mode=FTG front=10.00 L=0.85 R=1.74 gap=-0.22 v=+0.29 w=+0.16 personLvl=0
[INFO] [1784746967.858536536] [yolo_navigator]: [STATUS] mode=FTG front=10.00 L=0.35 R=2.31 gap=+0.29 v=+0.26 w=+0.18 personLvl=0
[INFO] [1784746972.869623043] [yolo_navigator]: [STATUS] mode=FTG front=10.00 L=0.58 R=2.41 gap=-0.18 v=+0.31 w=+0.02 personLvl=0
[INFO] [1784746978.014505195] [yolo_navigator]: [STATUS] mode=FTG front=10.00 L=0.81 R=1.75 gap=+1.25 v=+0.10 w=+1.12 personLvl=0
[INFO] [1784746983.001415479] [yolo_navigator]: [STATUS] mode=FTG front=10.00 L=2.11 R=1.62 gap=+1.02 v=+0.10 w=+1.47 personLvl=0
[INFO] [1784746988.001334871] [yolo_navigator]: [STATUS] mode=FTG front=10.00 L=0.54 R=1.55 gap=+0.10 v=+0.35 w=+0.32 personLvl=0
[INFO] [1784746993.050934373] [yolo_navigator]: [STATUS] mode=FTG front=10.00 L=1.21 R=1.11 gap=-0.08 v=+0.36 w=-0.50 personLvl=0
[INFO] [1784746998.051628365] [yolo_navigator]: [STATUS] mode=FTG front=10.00 L=2.02 R=1.15 gap=+0.15 v=+0.33 w=+0.02 personLvl=0
[INFO] [1784747003.051335050] [yolo_navigator]: [STATUS] mode=FTG front=10.00 L=1.22 R=1.61 gap=+0.25 v=+0.28 w=+0.00 personLvl=0
[INFO] [1784747008.058671964] [yolo_navigator]: [STATUS] mode=FTG front=0.56 L=0.65 R=0.67 gap=+0.30 v=+0.16 w=+0.01 personLvl=0
[INFO] [1784747010.051199342] [yolo_navigator]: [ROTATE_OPEN] front=0.39 open=+0.14
[INFO] [1784747010.401980560] [yolo_navigator]: [FTG] gap=-0.00 W=1.73
[INFO] [1784747013.000894351] [yolo_navigator]: [TRAP] L=0.35 R=0.32
[INFO] [1784747013.102000364] [yolo_navigator]: [STATUS] mode=TRAP front=0.47 L=0.35 R=0.32 gap=-0.21 v=-0.25 w=+1.20 personLvl=0
[INFO] [1784747016.000781185] [yolo_navigator]: [FTG] gap=-0.01 W=13.63
[INFO] [1784747018.153891965] [yolo_navigator]: [STATUS] mode=FTG front=10.00 L=1.58 R=1.07 gap=+0.34 v=+0.24 w=+0.01 personLvl=0
[INFO] [1784747023.224463642] [yolo_navigator]: [STATUS] mode=FTG front=10.00 L=1.37 R=2.07 gap=+0.32 v=+0.24 w=+0.04 personLvl=0
[INFO] [1784747028.272107730] [yolo_navigator]: [STATUS] mode=FTG front=10.00 L=1.32 R=1.66 gap=+0.32 v=+0.25 w=+0.01 personLvl=0
[INFO] [1784747033.319893461] [yolo_navigator]: [STATUS] mode=FTG front=10.00 L=1.62 R=1.10 gap=+0.33 v=+0.24 w=+0.69 personLvl=0
[INFO] [1784747038.360750828] [yolo_navigator]: [STATUS] mode=FTG front=10.00 L=1.48 R=0.72 gap=-0.21 v=+0.30 w=-0.01 personLvl=0
[INFO] [1784747043.401445359] [yolo_navigator]: [STATUS] mode=FTG front=10.00 L=1.68 R=0.93 gap=+0.11 v=+0.35 w=-0.17 personLvl=0
[INFO] [1784747048.451240162] [yolo_navigator]: [STATUS] mode=FTG front=10.00 L=1.30 R=2.99 gap=+0.19 v=+0.31 w=+0.03 personLvl=0
[INFO] [1784747053.460595778] [yolo_navigator]: [STATUS] mode=FTG front=10.00 L=1.05 R=2.36 gap=-0.02 v=+0.39 w=+0.15 personLvl=0
[INFO] [1784747058.523125747] [yolo_navigator]: [STATUS] mode=FTG front=10.00 L=0.82 R=1.78 gap=-0.18 v=+0.31 w=-0.05 personLvl=0
[INFO] [1784747063.552004431] [yolo_navigator]: [STATUS] mode=FTG front=10.00 L=2.98 R=1.20 gap=-0.24 v=+0.28 w=-0.10 personLvl=0
[INFO] [1784747067.654270188] [yolo_navigator]: [PERSON] level=2 h=255px
[INFO] [1784747068.052513825] [yolo_navigator]: [PERSON] level=0 h=0px
[INFO] [1784747068.601473573] [yolo_navigator]: [STATUS] mode=FTG front=10.00 L=2.63 R=0.96 gap=-0.49 v=+0.17 w=-0.49 personLvl=0
[INFO] [1784747073.657083695] [yolo_navigator]: [STATUS] mode=FTG front=10.00 L=2.33 R=0.77 gap=-1.02 v=+0.10 w=-0.83 personLvl=0
[INFO] [1784747075.851540467] [yolo_navigator]: [WEDGE] open=-0.45
[INFO] [1784747075.900597145] [yolo_navigator]: [FTG] gap=-0.56 W=6.87
[INFO] [1784747076.102623755] [yolo_navigator]: [WEDGE] open=-0.44
[INFO] [1784747076.501772463] [yolo_navigator]: [FTG] gap=+1.34 W=1.94
[INFO] [1784747078.701746361] [yolo_navigator]: [STATUS] mode=FTG front=10.00 L=2.28 R=0.59 gap=-0.53 v=+0.14 w=-0.18 personLvl=0
[INFO] [1784747083.702321850] [yolo_navigator]: [STATUS] mode=FTG front=10.00 L=3.05 R=0.60 gap=-0.43 v=+0.19 w=-0.05 personLvl=0
[INFO] [1784747088.719159851] [yolo_navigator]: [STATUS] mode=FTG front=10.00 L=2.69 R=0.62 gap=-0.47 v=+0.17 w=-0.22 personLvl=0
[INFO] [1784747093.719126910] [yolo_navigator]: [STATUS] mode=FTG front=10.00 L=2.28 R=0.68 gap=-0.63 v=+0.10 w=-0.41 personLvl=0
[INFO] [1784747098.751781300] [yolo_navigator]: [STATUS] mode=FTG front=10.00 L=1.91 R=4.24 gap=+0.01 v=+0.40 w=+0.27 personLvl=0
[INFO] [1784747103.752059386] [yolo_navigator]: [STATUS] mode=FTG front=10.00 L=1.47 R=3.95 gap=-0.34 v=+0.24 w=-0.08 personLvl=0
[INFO] [1784747108.752472120] [yolo_navigator]: [STATUS] mode=FTG front=10.00 L=1.09 R=3.67 gap=-0.32 v=+0.25 w=-0.03 personLvl=0
[INFO] [1784747113.802316251] [yolo_navigator]: [STATUS] mode=FTG front=0.81 L=0.67 R=1.89 gap=-0.58 v=+0.12 w=-0.31 personLvl=0
[INFO] [1784747118.801952459] [yolo_navigator]: [STATUS] mode=FTG front=0.63 L=0.46 R=3.37 gap=-0.35 v=+0.19 w=-0.01 personLvl=0
[INFO] [1784747122.200951201] [yolo_navigator]: [ROTATE_OPEN] front=0.40 open=-1.29
[INFO] [1784747122.954143527] [yolo_navigator]: [FTG] gap=-0.32 W=2.33
[INFO] [1784747123.855251323] [yolo_navigator]: [STATUS] mode=FTG front=10.00 L=0.39 R=3.28 gap=-0.00 v=+0.40 w=-0.71 personLvl=0
[INFO] [1784747128.802842060] [yolo_navigator]: [STATUS] mode=FTG front=10.00 L=0.86 R=2.58 gap=+0.21 v=+0.30 w=-0.15 personLvl=0
[INFO] [1784747133.852132633] [yolo_navigator]: [STATUS] mode=FTG front=10.00 L=1.13 R=2.12 gap=+0.36 v=+0.23 w=+0.17 personLvl=0
[INFO] [1784747138.852599447] [yolo_navigator]: [STATUS] mode=FTG front=10.00 L=1.26 R=1.90 gap=+0.26 v=+0.28 w=+0.02 personLvl=0
[INFO] [1784747143.865214696] [yolo_navigator]: [STATUS] mode=FTG front=10.00 L=1.42 R=2.40 gap=+0.11 v=+0.35 w=+0.20 personLvl=0
[INFO] [1784747148.901525088] [yolo_navigator]: [STATUS] mode=FTG front=10.00 L=1.33 R=1.25 gap=-0.05 v=+0.37 w=-0.01 personLvl=0
[INFO] [1784747153.925908298] [yolo_navigator]: [STATUS] mode=FTG front=10.00 L=1.30 R=0.64 gap=-0.15 v=+0.33 w=-0.01 personLvl=0
[INFO] [1784747158.951914338] [yolo_navigator]: [STATUS] mode=FTG front=10.00 L=1.49 R=0.50 gap=-0.20 v=+0.31 w=-0.13 personLvl=0
[INFO] [1784747164.001267959] [yolo_navigator]: [STATUS] mode=FTG front=10.00 L=2.05 R=1.45 gap=-0.16 v=+0.32 w=+0.02 personLvl=0
[INFO] [1784747169.002430680] [yolo_navigator]: [STATUS] mode=FTG front=10.00 L=2.39 R=2.32 gap=-0.17 v=+0.32 w=+0.03 personLvl=0
[INFO] [1784747174.053066409] [yolo_navigator]: [STATUS] mode=FTG front=10.00 L=1.94 R=2.27 gap=+0.02 v=+0.39 w=+0.29 personLvl=0
[INFO] [1784747179.101758666] [yolo_navigator]: [STATUS] mode=FTG front=10.00 L=1.49 R=2.43 gap=-0.08 v=+0.36 w=+0.19 personLvl=0
[INFO] [1784747184.153397644] [yolo_navigator]: [STATUS] mode=FTG front=10.00 L=1.07 R=1.89 gap=+0.08 v=+0.36 w=+0.37 personLvl=0
[INFO] [1784747189.168538991] [yolo_navigator]: [STATUS] mode=FTG front=0.78 L=0.63 R=1.49 gap=-0.54 v=+0.14 w=-0.27 personLvl=0
[INFO] [1784747194.202563593] [yolo_navigator]: [STATUS] mode=FTG front=0.51 L=0.41 R=1.22 gap=-0.35 v=+0.12 w=-0.01 personLvl=0
[INFO] [1784747196.400862824] [yolo_navigator]: [ROTATE_OPEN] front=0.39 open=-1.06
[INFO] [1784747197.250722819] [yolo_navigator]: [FTG] gap=-0.28 W=2.60
[INFO] [1784747199.252033603] [yolo_navigator]: [STATUS] mode=FTG front=10.00 L=0.45 R=0.96 gap=+0.28 v=+0.27 w=-0.14 personLvl=0
[INFO] [1784747204.301697956] [yolo_navigator]: [STATUS] mode=FTG front=10.00 L=0.68 R=0.60 gap=-0.40 v=+0.21 w=-0.00 personLvl=0
[INFO] [1784747209.393729239] [yolo_navigator]: [STATUS] mode=FTG front=10.00 L=0.92 R=1.79 gap=-0.41 v=+0.20 w=-0.03 personLvl=0
[INFO] [1784747214.442842878] [yolo_navigator]: [STATUS] mode=FTG front=1.12 L=1.10 R=3.28 gap=-0.48 v=+0.17 w=-0.17 personLvl=0
[INFO] [1784747219.462856688] [yolo_navigator]: [STATUS] mode=FTG front=0.61 L=0.63 R=2.73 gap=-0.36 v=+0.18 w=-0.02 personLvl=0
[INFO] [1784747222.551106861] [yolo_navigator]: [ROTATE_OPEN] front=0.40 open=-0.45
[INFO] [1784747223.555660410] [yolo_navigator]: [FTG] gap=-0.22 W=12.77
[INFO] [1784747224.715787554] [yolo_navigator]: [STATUS] mode=FTG front=10.00 L=0.47 R=3.17 gap=-0.01 v=+0.39 w=-0.43 personLvl=0
[INFO] [1784747229.552065491] [yolo_navigator]: [STATUS] mode=FTG front=10.00 L=1.68 R=2.66 gap=-0.13 v=+0.34 w=+0.29 personLvl=0
[INFO] [1784747234.616181285] [yolo_navigator]: [STATUS] mode=FTG front=10.00 L=1.39 R=2.27 gap=+0.36 v=+0.23 w=+0.00 personLvl=0
[INFO] [1784747239.652256329] [yolo_navigator]: [STATUS] mode=FTG front=10.00 L=1.84 R=2.00 gap=-0.40 v=+0.21 w=-0.01 personLvl=0
[INFO] [1784747244.731599252] [yolo_navigator]: [STATUS] mode=FTG front=10.00 L=1.65 R=1.85 gap=-0.40 v=+0.21 w=-0.03 personLvl=0
[INFO] [1784747249.768312622] [yolo_navigator]: [STATUS] mode=FTG front=0.98 L=2.33 R=1.02 gap=+0.46 v=+0.18 w=+0.14 personLvl=0
[INFO] [1784747254.753290253] [yolo_navigator]: [STATUS] mode=FTG front=0.56 L=2.33 R=0.59 gap=+0.35 v=+0.14 w=+0.00 personLvl=0
[INFO] [1784747257.951453651] [yolo_navigator]: [ROTATE_OPEN] front=0.40 open=+0.40
[INFO] [1784747258.951771822] [yolo_navigator]: [FTG] gap=+0.22 W=6.61
[INFO] [1784747259.812470248] [yolo_navigator]: [STATUS] mode=FTG front=10.00 L=2.16 R=0.47 gap=-0.00 v=+0.40 w=+0.18 personLvl=0
[INFO] [1784747260.952010279] [yolo_navigator]: [ROTATE_OPEN] front=0.36 open=+0.03
[INFO] [1784747261.305998749] [yolo_navigator]: [REVERSE] front=0.31 dir=+1
[INFO] [1784747262.066778571] [yolo_navigator]: [FTG] gap=-0.05 W=6.39
[INFO] [1784747264.802873855] [yolo_navigator]: [STATUS] mode=FTG front=10.00 L=1.87 R=0.79 gap=-0.46 v=+0.18 w=-0.14 personLvl=0
[INFO] [1784747269.851597883] [yolo_navigator]: [STATUS] mode=FTG front=10.00 L=1.46 R=4.90 gap=-0.25 v=+0.28 w=+0.13 personLvl=0
[INFO] [1784747274.867756668] [yolo_navigator]: [STATUS] mode=FTG front=10.00 L=1.21 R=4.61 gap=+0.03 v=+0.38 w=+0.38 personLvl=0
[INFO] [1784747279.901377665] [yolo_navigator]: [STATUS] mode=FTG front=10.00 L=1.73 R=5.05 gap=+0.40 v=+0.21 w=+0.07 personLvl=0
[INFO] [1784747284.901753343] [yolo_navigator]: [STATUS] mode=FTG front=10.00 L=3.00 R=4.26 gap=+0.38 v=+0.22 w=+0.02 personLvl=0
[INFO] [1784747289.909532007] [yolo_navigator]: [STATUS] mode=FTG front=10.00 L=2.62 R=4.51 gap=-0.00 v=+0.40 w=+0.38 personLvl=0
[INFO] [1784747294.951494778] [yolo_navigator]: [STATUS] mode=FTG front=10.00 L=2.14 R=4.07 gap=-0.56 v=+0.13 w=-0.24 personLvl=0
[INFO] [1784747299.951790262] [yolo_navigator]: [STATUS] mode=FTG front=10.00 L=1.76 R=3.44 gap=-0.50 v=+0.16 w=-0.15 personLvl=0
[INFO] [1784747304.951818430] [yolo_navigator]: [STATUS] mode=FTG front=10.00 L=1.52 R=3.03 gap=+0.36 v=+0.23 w=-0.07 personLvl=0
[INFO] [1784747310.001830788] [yolo_navigator]: [STATUS] mode=FTG front=10.00 L=1.15 R=2.66 gap=-0.14 v=+0.33 w=+0.21 personLvl=0
[INFO] [1784747315.001980647] [yolo_navigator]: [STATUS] mode=FTG front=10.00 L=0.82 R=2.50 gap=-0.33 v=+0.24 w=+0.00 personLvl=0
[INFO] [1784747320.002422170] [yolo_navigator]: [STATUS] mode=FTG front=0.76 L=0.62 R=2.49 gap=-0.37 v=+0.22 w=-0.03 personLvl=0
[INFO] [1784747324.814295289] [yolo_navigator]: [ROTATE_OPEN] front=0.40 open=-1.20
[INFO] [1784747325.119252700] [yolo_navigator]: [STATUS] mode=ROTATE_OPEN front=0.39 L=0.36 R=2.48 gap=-0.35 v=+0.00 w=-1.00 personLvl=0
[INFO] [1784747325.601221559] [yolo_navigator]: [FTG] gap=-0.32 W=3.25
[INFO] [1784747330.161816136] [yolo_navigator]: [STATUS] mode=FTG front=10.00 L=0.64 R=1.86 gap=+0.17 v=+0.32 w=-0.03 personLvl=0
[INFO] [1784747335.181280981] [yolo_navigator]: [STATUS] mode=FTG front=10.00 L=0.87 R=1.46 gap=+0.19 v=+0.31 w=+0.01 personLvl=0
[INFO] [1784747340.201889498] [yolo_navigator]: [STATUS] mode=FTG front=10.00 L=0.97 R=2.13 gap=-0.08 v=+0.36 w=-0.03 personLvl=0
[INFO] [1784747345.251256001] [yolo_navigator]: [STATUS] mode=FTG front=10.00 L=1.14 R=1.29 gap=-0.16 v=+0.32 w=-0.06 personLvl=0
[INFO] [1784747350.252434252] [yolo_navigator]: [STATUS] mode=FTG front=10.00 L=1.40 R=0.75 gap=-0.17 v=+0.32 w=-0.08 personLvl=0
[INFO] [1784747355.287983896] [yolo_navigator]: [STATUS] mode=FTG front=10.00 L=1.99 R=0.78 gap=-0.30 v=+0.25 w=-0.09 personLvl=0
[INFO] [1784747360.301971527] [yolo_navigator]: [STATUS] mode=FTG front=10.00 L=1.95 R=0.75 gap=-0.53 v=+0.15 w=-0.17 personLvl=0
[INFO] [1784747365.351350247] [yolo_navigator]: [STATUS] mode=FTG front=10.00 L=1.49 R=0.77 gap=-0.09 v=+0.36 w=+0.17 personLvl=0
[INFO] [1784747370.351989190] [yolo_navigator]: [STATUS] mode=FTG front=10.00 L=1.10 R=3.23 gap=-0.32 v=+0.25 w=-0.03 personLvl=0
[INFO] [1784747375.402484348] [yolo_navigator]: [STATUS] mode=FTG front=0.90 L=0.73 R=2.06 gap=-0.58 v=+0.12 w=-0.31 personLvl=0
[INFO] [1784747380.451757501] [yolo_navigator]: [STATUS] mode=FTG front=0.68 L=0.48 R=3.01 gap=-0.35 v=+0.22 w=-0.01 personLvl=0
[INFO] [1784747385.300389378] [yolo_navigator]: [ROTATE_OPEN] front=0.39 open=-1.24
[INFO] [1784747385.453067666] [yolo_navigator]: [STATUS] mode=ROTATE_OPEN front=0.39 L=0.36 R=3.04 gap=-0.35 v=+0.00 w=-1.00 personLvl=0
[INFO] [1784747386.150894614] [yolo_navigator]: [FTG] gap=-0.30 W=1.99
[INFO] [1784747390.501597867] [yolo_navigator]: [STATUS] mode=FTG front=10.00 L=0.59 R=2.59 gap=+0.31 v=+0.25 w=+0.02 personLvl=0
[INFO] [1784747395.552247307] [yolo_navigator]: [STATUS] mode=FTG front=10.00 L=0.89 R=2.20 gap=+0.37 v=+0.22 w=+0.03 personLvl=0
[INFO] [1784747400.551861078] [yolo_navigator]: [STATUS] mode=FTG front=10.00 L=0.92 R=1.35 gap=+0.58 v=+0.12 w=+0.14 personLvl=0
[INFO] [1784747405.601941363] [yolo_navigator]: [STATUS] mode=FTG front=0.92 L=0.70 R=1.01 gap=-0.21 v=+0.30 w=+0.08 personLvl=0
[INFO] [1784747410.651215051] [yolo_navigator]: [STATUS] mode=FTG front=0.63 L=0.46 R=1.02 gap=-0.29 v=+0.21 w=+0.05 personLvl=0
[INFO] [1784747414.501531442] [yolo_navigator]: [ROTATE_OPEN] front=0.40 open=-0.66
[INFO] [1784747415.301115239] [yolo_navigator]: [FTG] gap=-0.32 W=1.55
[INFO] [1784747415.652448189] [yolo_navigator]: [STATUS] mode=FTG front=0.60 L=0.37 R=1.02 gap=-0.15 v=+0.24 w=-0.02 personLvl=0
[INFO] [1784747418.501838505] [yolo_navigator]: [ROTATE_OPEN] front=0.40 open=-0.58
[INFO] [1784747419.501191051] [yolo_navigator]: [FTG] gap=-0.06 W=1.22
[INFO] [1784747420.701753378] [yolo_navigator]: [STATUS] mode=FTG front=10.00 L=0.36 R=0.87 gap=+0.09 v=+0.36 w=-0.01 personLvl=0
[INFO] [1784747425.703568659] [yolo_navigator]: [STATUS] mode=FTG front=10.00 L=0.45 R=0.45 gap=-0.60 v=+0.11 w=-0.63 personLvl=0
[INFO] [1784747430.822528409] [yolo_navigator]: [STATUS] mode=FTG front=10.00 L=0.88 R=0.56 gap=-0.35 v=+0.23 w=-0.13 personLvl=0
[INFO] [1784747435.850633630] [yolo_navigator]: [STATUS] mode=FTG front=10.00 L=1.65 R=0.94 gap=-0.28 v=+0.27 w=-0.03 personLvl=0
[INFO] [1784747440.859995744] [yolo_navigator]: [STATUS] mode=FTG front=10.00 L=1.66 R=1.93 gap=-0.01 v=+0.40 w=+0.27 personLvl=0
[INFO] [1784747445.868544188] [yolo_navigator]: [STATUS] mode=FTG front=10.00 L=1.21 R=1.40 gap=-0.31 v=+0.25 w=-0.03 personLvl=0
[INFO] [1784747450.911765725] [yolo_navigator]: [STATUS] mode=FTG front=10.00 L=0.84 R=1.08 gap=-0.05 v=+0.38 w=+0.25 personLvl=0
[INFO] [1784747455.950941506] [yolo_navigator]: [STATUS] mode=FTG front=0.66 L=0.47 R=1.03 gap=-0.35 v=+0.21 w=-0.01 personLvl=0
[INFO] [1784747460.051854229] [yolo_navigator]: [ROTATE_OPEN] front=0.40 open=-0.86
[INFO] [1784747460.750192039] [yolo_navigator]: [FTG] gap=-0.30 W=2.04
[INFO] [1784747460.951902717] [yolo_navigator]: [STATUS] mode=FTG front=0.54 L=0.37 R=4.17 gap=-0.23 v=+0.17 w=-1.35 personLvl=0
[INFO] [1784747466.001835121] [yolo_navigator]: [STATUS] mode=FTG front=10.00 L=0.47 R=3.54 gap=+0.05 v=+0.38 w=-0.22 personLvl=0
[INFO] [1784747467.307405944] [yolo_navigator]: [PERSON] level=1 h=123px
[INFO] [1784747471.006437944] [yolo_navigator]: [STATUS] mode=FTG front=10.00 L=0.76 R=2.93 gap=-0.12 v=+0.19 w=+0.27 personLvl=1
[INFO] [1784747476.051711098] [yolo_navigator]: [STATUS] mode=FTG front=10.00 L=0.91 R=2.49 gap=+0.09 v=+0.21 w=-0.27 personLvl=1
[INFO] [1784747481.103051948] [yolo_navigator]: [STATUS] mode=FTG front=10.00 L=1.09 R=2.09 gap=+0.10 v=+0.20 w=-0.19 personLvl=1
[INFO] [1784747486.151141460] [yolo_navigator]: [STATUS] mode=FTG front=10.00 L=1.31 R=1.70 gap=-0.10 v=+0.20 w=+0.32 personLvl=1
[INFO] [1784747491.152024764] [yolo_navigator]: [STATUS] mode=FTG front=10.00 L=1.46 R=1.35 gap=-0.14 v=+0.18 w=+0.27 personLvl=1
[INFO] [1784747495.302614116] [yolo_navigator]: [PERSON] level=2 h=203px
[INFO] [1784747496.202124210] [yolo_navigator]: [STATUS] mode=FTG front=10.00 L=1.56 R=1.14 gap=+0.16 v=+0.10 w=-0.19 personLvl=2
[INFO] [1784747501.252008666] [yolo_navigator]: [STATUS] mode=FTG front=10.00 L=1.64 R=1.07 gap=+0.15 v=+0.10 w=-0.19 personLvl=2
[INFO] [1784747506.253185597] [yolo_navigator]: [STATUS] mode=FTG front=10.00 L=1.78 R=1.14 gap=-0.18 v=+0.10 w=+0.23 personLvl=2
[INFO] [1784747511.251988083] [yolo_navigator]: [STATUS] mode=FTG front=10.00 L=1.86 R=1.30 gap=-0.18 v=+0.10 w=+0.23 personLvl=2
[INFO] [1784747516.253197961] [yolo_navigator]: [STATUS] mode=FTG front=10.00 L=1.89 R=1.49 gap=+0.21 v=+0.10 w=-0.13 personLvl=2
[INFO] [1784747521.301521439] [yolo_navigator]: [STATUS] mode=FTG front=10.00 L=2.04 R=1.58 gap=+0.24 v=+0.10 w=-0.03 personLvl=2
[INFO] [1784747526.301474181] [yolo_navigator]: [STATUS] mode=FTG front=10.00 L=2.08 R=1.81 gap=-0.30 v=+0.10 w=+0.13 personLvl=2
[INFO] [1784747526.852219521] [yolo_navigator]: [PERSON] level=0 h=0px
[INFO] [1784747531.308159285] [yolo_navigator]: [STATUS] mode=FTG front=10.00 L=2.10 R=2.42 gap=+0.34 v=+0.24 w=+0.08 personLvl=0
[INFO] [1784747536.352265865] [yolo_navigator]: [STATUS] mode=FTG front=10.00 L=2.21 R=1.81 gap=+0.35 v=+0.23 w=+0.07 personLvl=0
[INFO] [1784747541.364373262] [yolo_navigator]: [STATUS] mode=FTG front=10.00 L=2.27 R=1.30 gap=+0.32 v=+0.25 w=+0.02 personLvl=0
[INFO] [1784747546.401909038] [yolo_navigator]: [STATUS] mode=FTG front=10.00 L=2.32 R=0.89 gap=+0.32 v=+0.25 w=+0.01 personLvl=0
[INFO] [1784747551.401704615] [yolo_navigator]: [STATUS] mode=FTG front=10.00 L=2.36 R=2.83 gap=+0.33 v=+0.24 w=+0.01 personLvl=0
[INFO] [1784747556.402586428] [yolo_navigator]: [STATUS] mode=FTG front=10.00 L=2.12 R=2.16 gap=-0.06 v=+0.37 w=-0.03 personLvl=0
[INFO] [1784747561.451080444] [yolo_navigator]: [STATUS] mode=FTG front=10.00 L=1.73 R=1.31 gap=-0.47 v=+0.17 w=-0.23 personLvl=0
[INFO] [1784747566.452633456] [yolo_navigator]: [STATUS] mode=FTG front=10.00 L=1.30 R=0.96 gap=-0.39 v=+0.21 w=-0.13 personLvl=0
[INFO] [1784747571.501646278] [yolo_navigator]: [STATUS] mode=FTG front=1.08 L=0.88 R=1.47 gap=-1.05 v=+0.10 w=-1.25 personLvl=0
[INFO] [1784747576.551894695] [yolo_navigator]: [STATUS] mode=FTG front=0.67 L=0.56 R=1.97 gap=-0.46 v=+0.17 w=-0.17 personLvl=0
[INFO] [1784747581.602045250] [yolo_navigator]: [STATUS] mode=FTG front=0.41 L=0.38 R=2.77 gap=-0.33 v=+0.06 w=+0.01 personLvl=0
[INFO] [1784747582.103230972] [yolo_navigator]: [ROTATE_OPEN] front=0.38 open=-1.45
[INFO] [1784747582.585005499] [yolo_navigator]: [FTG] gap=-1.13 W=7.67
[INFO] [1784747586.609595720] [yolo_navigator]: [STATUS] mode=FTG front=10.00 L=0.73 R=1.35 gap=-0.23 v=+0.29 w=-0.06 personLvl=0
[INFO] [1784747591.612570842] [yolo_navigator]: [STATUS] mode=FTG front=10.00 L=1.39 R=1.41 gap=-0.29 v=+0.26 w=-0.01 personLvl=0
[INFO] [1784747596.652751497] [yolo_navigator]: [STATUS] mode=FTG front=10.00 L=2.07 R=2.30 gap=-0.21 v=+0.30 w=+0.03 personLvl=0
[INFO] [1784747601.702310988] [yolo_navigator]: [STATUS] mode=FTG front=10.00 L=1.82 R=2.38 gap=+0.02 v=+0.39 w=+0.30 personLvl=0
[INFO] [1784747606.750836457] [yolo_navigator]: [STATUS] mode=FTG front=10.00 L=1.29 R=3.05 gap=-0.39 v=+0.21 w=-0.14 personLvl=0
[INFO] [1784747611.762336266] [yolo_navigator]: [STATUS] mode=FTG front=1.11 L=0.88 R=2.36 gap=-0.58 v=+0.12 w=-0.32 personLvl=0
[INFO] [1784747616.801175175] [yolo_navigator]: [STATUS] mode=FTG front=0.72 L=0.51 R=2.11 gap=-0.37 v=+0.22 w=-0.04 personLvl=0
[INFO] [1784747621.654380838] [yolo_navigator]: [ROTATE_OPEN] front=0.40 open=-1.38
[INFO] [1784747621.801388882] [yolo_navigator]: [STATUS] mode=ROTATE_OPEN front=0.39 L=0.36 R=1.87 gap=-0.35 v=+0.00 w=-1.00 personLvl=0
[INFO] [1784747622.501339297] [yolo_navigator]: [FTG] gap=-0.30 W=2.87
[INFO] [1784747626.803397868] [yolo_navigator]: [STATUS] mode=FTG front=10.00 L=0.58 R=1.31 gap=+0.39 v=+0.21 w=+0.07 personLvl=0
[INFO] [1784747631.828999007] [yolo_navigator]: [STATUS] mode=FTG front=10.00 L=0.74 R=0.74 gap=+0.38 v=+0.22 w=-0.01 personLvl=0
[INFO] [1784747636.851142277] [yolo_navigator]: [STATUS] mode=FTG front=10.00 L=0.90 R=0.37 gap=-0.39 v=+0.21 w=+0.04 personLvl=0
[INFO] [1784747641.898070614] [yolo_navigator]: [STATUS] mode=FTG front=10.00 L=1.06 R=1.77 gap=-0.44 v=+0.19 w=-0.05 personLvl=0
[INFO] [1784747646.901668135] [yolo_navigator]: [STATUS] mode=FTG front=1.02 L=1.05 R=3.17 gap=-0.67 v=+0.10 w=-0.41 personLvl=0
[INFO] [1784747651.953077804] [yolo_navigator]: [STATUS] mode=FTG front=0.61 L=0.63 R=2.71 gap=-0.35 v=+0.18 w=-0.02 personLvl=0
[INFO] [1784747655.023008067] [yolo_navigator]: [ROTATE_OPEN] front=0.39 open=-0.47
[INFO] [1784747656.000432406] [yolo_navigator]: [FTG] gap=-0.21 W=12.91
[INFO] [1784747656.961654541] [yolo_navigator]: [STATUS] mode=FTG front=10.00 L=0.46 R=3.15 gap=-0.01 v=+0.39 w=-0.43 personLvl=0
[INFO] [1784747662.033289690] [yolo_navigator]: [STATUS] mode=FTG front=10.00 L=1.61 R=2.66 gap=+0.31 v=+0.25 w=-0.05 personLvl=0
[INFO] [1784747667.052523091] [yolo_navigator]: [STATUS] mode=FTG front=10.00 L=1.40 R=2.28 gap=+0.36 v=+0.23 w=+0.00 personLvl=0
[INFO] [1784747672.101546314] [yolo_navigator]: [STATUS] mode=FTG front=10.00 L=1.26 R=2.00 gap=+0.08 v=+0.36 w=-0.36 personLvl=0
[INFO] [1784747677.145504420] [yolo_navigator]: [STATUS] mode=FTG front=10.00 L=1.49 R=1.07 gap=+0.06 v=+0.37 w=-0.38 personLvl=0
[INFO] [1784747682.172502803] [yolo_navigator]: [STATUS] mode=FTG front=10.00 L=4.79 R=0.60 gap=-0.10 v=+0.35 w=+0.24 personLvl=0
[INFO] [1784747687.222023462] [yolo_navigator]: [STATUS] mode=FTG front=10.00 L=4.64 R=3.74 gap=+0.16 v=+0.32 w=-0.25 personLvl=0
[INFO] [1784747692.251890009] [yolo_navigator]: [STATUS] mode=FTG front=10.00 L=4.13 R=3.24 gap=-0.12 v=+0.34 w=+0.23 personLvl=0
[INFO] [1784747697.301531971] [yolo_navigator]: [STATUS] mode=FTG front=10.00 L=3.33 R=2.83 gap=+0.37 v=+0.22 w=+0.02 personLvl=0
[INFO] [1784747702.319853715] [yolo_navigator]: [STATUS] mode=FTG front=10.00 L=2.67 R=2.50 gap=-0.31 v=+0.25 w=+0.14 personLvl=0
[INFO] [1784747707.302178026] [yolo_navigator]: [STATUS] mode=FTG front=10.00 L=2.10 R=2.30 gap=-0.42 v=+0.20 w=-0.02 personLvl=0
[INFO] [1784747712.303631390] [yolo_navigator]: [STATUS] mode=FTG front=10.00 L=1.48 R=1.80 gap=-0.82 v=+0.10 w=-0.63 personLvl=0
[INFO] [1784747717.306580094] [yolo_navigator]: [STATUS] mode=FTG front=10.00 L=1.11 R=1.97 gap=-0.34 v=+0.24 w=+0.00 personLvl=0
[INFO] [1784747722.351904067] [yolo_navigator]: [STATUS] mode=FTG front=10.00 L=0.62 R=1.78 gap=-0.33 v=+0.24 w=+0.03 personLvl=0
[INFO] [1784747727.401052698] [yolo_navigator]: [STATUS] mode=FTG front=10.00 L=0.61 R=2.16 gap=+0.42 v=+0.20 w=+0.81 personLvl=0
[INFO] [1784747732.408822221] [yolo_navigator]: [STATUS] mode=FTG front=10.00 L=0.63 R=2.22 gap=-0.23 v=+0.29 w=-0.04 personLvl=0
[INFO] [1784747737.467106974] [yolo_navigator]: [STATUS] mode=FTG front=10.00 L=0.69 R=1.76 gap=+0.49 v=+0.17 w=+0.85 personLvl=0
[INFO] [1784747739.801412369] [yolo_navigator]: [REVERSE] front=0.28 dir=-1
[INFO] [1784747740.351230477] [yolo_navigator]: [FTG] gap=-0.01 W=2.90
[INFO] [1784747742.500777111] [yolo_navigator]: [STATUS] mode=FTG front=10.00 L=0.45 R=1.63 gap=+0.15 v=+0.33 w=+0.37 personLvl=0
[INFO] [1784747747.501577029] [yolo_navigator]: [STATUS] mode=FTG front=10.00 L=0.86 R=1.27 gap=-0.29 v=+0.26 w=+0.17 personLvl=0
[INFO] [1784747752.550996201] [yolo_navigator]: [STATUS] mode=FTG front=10.00 L=2.42 R=2.34 gap=-0.43 v=+0.19 w=-0.04 personLvl=0
[INFO] [1784747757.552021234] [yolo_navigator]: [STATUS] mode=FTG front=10.00 L=1.88 R=1.80 gap=+1.33 v=+0.10 w=+1.31 personLvl=0
[INFO] [1784747762.569585500] [yolo_navigator]: [STATUS] mode=FTG front=10.00 L=1.20 R=1.43 gap=-0.32 v=+0.25 w=-0.63 personLvl=0
[INFO] [1784747767.602555260] [yolo_navigator]: [STATUS] mode=FTG front=10.00 L=2.24 R=1.10 gap=+0.50 v=+0.16 w=+0.33 personLvl=0
[INFO] [1784747772.653159113] [yolo_navigator]: [STATUS] mode=FTG front=0.91 L=2.51 R=0.72 gap=+0.56 v=+0.13 w=+0.29 personLvl=0
[INFO] [1784747777.700706399] [yolo_navigator]: [STATUS] mode=FTG front=0.69 L=4.01 R=0.49 gap=+0.35 v=+0.23 w=+0.01 personLvl=0
[INFO] [1784747780.652133741] [yolo_navigator]: [ROTATE_OPEN] front=0.39 open=+1.08
[INFO] [1784747781.500473711] [yolo_navigator]: [FTG] gap=+0.22 W=2.42
[INFO] [1784747782.716083694] [yolo_navigator]: [STATUS] mode=FTG front=10.00 L=2.38 R=0.42 gap=-0.04 v=+0.38 w=-0.27 personLvl=0
[INFO] [1784747787.752285614] [yolo_navigator]: [STATUS] mode=FTG front=10.00 L=5.29 R=0.99 gap=-0.10 v=+0.35 w=+0.28 personLvl=0
[INFO] [1784747792.768908236] [yolo_navigator]: [STATUS] mode=FTG front=10.00 L=5.08 R=1.37 gap=+0.04 v=+0.38 w=-0.39 personLvl=0
[INFO] [1784747797.782045356] [yolo_navigator]: [STATUS] mode=FTG front=10.00 L=4.40 R=1.62 gap=-0.15 v=+0.33 w=+0.22 personLvl=0
[INFO] [1784747802.802316235] [yolo_navigator]: [STATUS] mode=FTG front=10.00 L=3.72 R=2.15 gap=+0.33 v=+0.24 w=+0.53 personLvl=0
[INFO] [1784747803.160099073] [yolo_navigator]: [PERSON] level=1 h=125px
[INFO] [1784747804.952054583] [yolo_navigator]: [PERSON] level=0 h=0px
[INFO] [1784747807.803082743] [yolo_navigator]: [STATUS] mode=FTG front=10.00 L=2.88 R=1.89 gap=-0.09 v=+0.36 w=+0.00 personLvl=0
[INFO] [1784747812.860867714] [yolo_navigator]: [STATUS] mode=FTG front=10.00 L=2.06 R=1.05 gap=-0.10 v=+0.35 w=-0.02 personLvl=0
[INFO] [1784747817.901165520] [yolo_navigator]: [STATUS] mode=FTG front=10.00 L=1.42 R=0.98 gap=-0.11 v=+0.35 w=-0.01 personLvl=0
[INFO] [1784747822.901337968] [yolo_navigator]: [STATUS] mode=FTG front=10.00 L=1.19 R=1.43 gap=-0.11 v=+0.35 w=+0.00 personLvl=0
[INFO] [1784747827.952110696] [yolo_navigator]: [STATUS] mode=FTG front=10.00 L=2.09 R=2.90 gap=+0.27 v=+0.27 w=+0.04 personLvl=0
[INFO] [1784747832.967260844] [yolo_navigator]: [STATUS] mode=FTG front=10.00 L=1.62 R=2.51 gap=+0.18 v=+0.32 w=+0.06 personLvl=0
[INFO] [1784747838.000930303] [yolo_navigator]: [STATUS] mode=FTG front=10.00 L=0.95 R=1.71 gap=+0.20 v=+0.30 w=+0.11 personLvl=0
[INFO] [1784747843.002501639] [yolo_navigator]: [STATUS] mode=FTG front=10.00 L=0.78 R=1.49 gap=+0.13 v=+0.34 w=+0.01 personLvl=0
[INFO] [1784747848.013155878] [yolo_navigator]: [STATUS] mode=FTG front=10.00 L=1.25 R=2.50 gap=+0.26 v=+0.27 w=+0.13 personLvl=0
[INFO] [1784747853.052336038] [yolo_navigator]: [STATUS] mode=FTG front=10.00 L=1.32 R=2.34 gap=+0.27 v=+0.27 w=+0.13 personLvl=0
[INFO] [1784747858.062718541] [yolo_navigator]: [STATUS] mode=FTG front=10.00 L=1.28 R=2.45 gap=+0.32 v=+0.25 w=+0.18 personLvl=0
[INFO] [1784747863.102445261] [yolo_navigator]: [STATUS] mode=FTG front=10.00 L=1.08 R=2.19 gap=+0.58 v=+0.12 w=+0.16 personLvl=0
[INFO] [1784747868.109612220] [yolo_navigator]: [STATUS] mode=FTG front=10.00 L=0.63 R=1.77 gap=+0.56 v=+0.13 w=+0.31 personLvl=0
[INFO] [1784747873.104058261] [yolo_navigator]: [STATUS] mode=FTG front=10.00 L=0.84 R=1.32 gap=+0.37 v=+0.22 w=+0.11 personLvl=0
[INFO] [1784747878.149693829] [yolo_navigator]: [STATUS] mode=FTG front=1.12 L=2.38 R=0.89 gap=+0.60 v=+0.11 w=+0.34 personLvl=0
[INFO] [1784747883.152005526] [yolo_navigator]: [STATUS] mode=FTG front=0.84 L=3.59 R=0.57 gap=+0.39 v=+0.21 w=+0.06 personLvl=0
[INFO] [1784747888.201711747] [yolo_navigator]: [STATUS] mode=FTG front=0.43 L=3.46 R=0.37 gap=+0.35 v=+0.06 w=+0.01 personLvl=0
[INFO] [1784747888.951122862] [yolo_navigator]: [ROTATE_OPEN] front=0.40 open=+1.36
[INFO] [1784747889.754876325] [yolo_navigator]: [FTG] gap=+0.30 W=2.01
[INFO] [1784747893.251208007] [yolo_navigator]: [STATUS] mode=FTG front=10.00 L=2.49 R=0.73 gap=+0.25 v=+0.28 w=-0.13 personLvl=0
[INFO] [1784747898.252241124] [yolo_navigator]: [STATUS] mode=FTG front=10.00 L=2.75 R=1.02 gap=+0.36 v=+0.23 w=+0.03 personLvl=0
[INFO] [1784747903.279658981] [yolo_navigator]: [STATUS] mode=FTG front=10.00 L=2.28 R=1.39 gap=+0.36 v=+0.23 w=+0.05 personLvl=0
[INFO] [1784747908.301328525] [yolo_navigator]: [STATUS] mode=FTG front=10.00 L=1.77 R=1.90 gap=+0.36 v=+0.23 w=+0.04 personLvl=0
[INFO] [1784747913.351900461] [yolo_navigator]: [STATUS] mode=FTG front=10.00 L=1.26 R=2.49 gap=+0.35 v=+0.23 w=+0.01 personLvl=0
[INFO] [1784747918.401068087] [yolo_navigator]: [STATUS] mode=FTG front=10.00 L=0.88 R=3.10 gap=+0.35 v=+0.23 w=+0.01 personLvl=0
[INFO] [1784747923.403764966] [yolo_navigator]: [STATUS] mode=FTG front=10.00 L=0.79 R=2.62 gap=+0.28 v=+0.27 w=-0.05 personLvl=0
[INFO] [1784747928.452429320] [yolo_navigator]: [STATUS] mode=FTG front=10.00 L=2.64 R=1.97 gap=+0.31 v=+0.25 w=+0.02 personLvl=0
[INFO] [1784747933.556448534] [yolo_navigator]: [STATUS] mode=FTG front=1.19 L=2.47 R=1.20 gap=+0.37 v=+0.22 w=+0.04 personLvl=0
[INFO] [1784747938.552917242] [yolo_navigator]: [STATUS] mode=FTG front=0.58 L=2.47 R=0.62 gap=+0.36 v=+0.16 w=+0.03 personLvl=0
[INFO] [1784747941.501187175] [yolo_navigator]: [ROTATE_OPEN] front=0.39 open=+0.38
[INFO] [1784747943.001160111] [yolo_navigator]: [FTG] gap=+0.03 W=7.39
[INFO] [1784747943.601690686] [yolo_navigator]: [STATUS] mode=FTG front=10.00 L=2.38 R=0.46 gap=-0.18 v=+0.31 w=+0.19 personLvl=0
[INFO] [1784747948.647755149] [yolo_navigator]: [STATUS] mode=FTG front=10.00 L=1.85 R=4.10 gap=-0.09 v=+0.35 w=+0.18 personLvl=0
[INFO] [1784747953.617270329] [yolo_navigator]: [STATUS] mode=FTG front=10.00 L=1.23 R=4.36 gap=-0.25 v=+0.28 w=-0.00 personLvl=0
[INFO] [1784747958.652059103] [yolo_navigator]: [STATUS] mode=FTG front=10.00 L=0.88 R=5.53 gap=-0.25 v=+0.28 w=+0.01 personLvl=0
[INFO] [1784747963.652037557] [yolo_navigator]: [STATUS] mode=FTG front=10.00 L=1.12 R=4.81 gap=-0.17 v=+0.32 w=-0.02 personLvl=0
[INFO] [1784747968.700951410] [yolo_navigator]: [STATUS] mode=FTG front=10.00 L=1.02 R=2.40 gap=+0.35 v=+0.23 w=+0.04 personLvl=0
[INFO] [1784747973.700930322] [yolo_navigator]: [STATUS] mode=FTG front=10.00 L=1.32 R=1.50 gap=+0.53 v=+0.15 w=+0.54 personLvl=0
[INFO] [1784747978.701798133] [yolo_navigator]: [STATUS] mode=FTG front=10.00 L=1.30 R=1.15 gap=+0.13 v=+0.34 w=+0.02 personLvl=0
[INFO] [1784747983.701278837] [yolo_navigator]: [STATUS] mode=FTG front=10.00 L=3.18 R=0.91 gap=+0.14 v=+0.33 w=+0.01 personLvl=0
[INFO] [1784747988.724044308] [yolo_navigator]: [STATUS] mode=FTG front=10.00 L=2.85 R=0.75 gap=-0.11 v=+0.35 w=+0.03 personLvl=0
[INFO] [1784747993.752151196] [yolo_navigator]: [STATUS] mode=FTG front=10.00 L=2.45 R=1.92 gap=+0.20 v=+0.30 w=+0.10 personLvl=0
[INFO] [1784747998.753141579] [yolo_navigator]: [STATUS] mode=FTG front=10.00 L=1.74 R=1.80 gap=+0.17 v=+0.32 w=+0.06 personLvl=0
[INFO] [1784748003.803207832] [yolo_navigator]: [STATUS] mode=FTG front=10.00 L=1.10 R=1.27 gap=+0.00 v=+0.40 w=-0.06 personLvl=0
[INFO] [1784748008.851723702] [yolo_navigator]: [STATUS] mode=FTG front=10.00 L=1.60 R=2.40 gap=-0.01 v=+0.39 w=-0.08 personLvl=0
[INFO] [1784748013.904716031] [yolo_navigator]: [STATUS] mode=FTG front=10.00 L=1.41 R=2.23 gap=+0.25 v=+0.28 w=+0.08 personLvl=0
[INFO] [1784748018.952284824] [yolo_navigator]: [STATUS] mode=FTG front=10.00 L=1.44 R=2.19 gap=+0.23 v=+0.29 w=+0.06 personLvl=0
[INFO] [1784748023.953444458] [yolo_navigator]: [STATUS] mode=FTG front=10.00 L=1.39 R=2.36 gap=+0.24 v=+0.29 w=+0.08 personLvl=0
[INFO] [1784748029.002599724] [yolo_navigator]: [STATUS] mode=FTG front=10.00 L=1.20 R=2.21 gap=+0.77 v=+0.10 w=+0.43 personLvl=0
[INFO] [1784748034.001334989] [yolo_navigator]: [STATUS] mode=FTG front=10.00 L=0.86 R=1.92 gap=-0.03 v=+0.39 w=-0.30 personLvl=0
[INFO] [1784748039.001992522] [yolo_navigator]: [STATUS] mode=FTG front=10.00 L=0.69 R=1.44 gap=+0.43 v=+0.19 w=+0.19 personLvl=0
[INFO] [1784748044.002482641] [yolo_navigator]: [STATUS] mode=FTG front=10.00 L=1.06 R=1.12 gap=+0.32 v=+0.25 w=+0.03 personLvl=0
[INFO] [1784748049.052047543] [yolo_navigator]: [STATUS] mode=FTG front=0.76 L=1.68 R=0.67 gap=+0.63 v=+0.10 w=+0.38 personLvl=0
[INFO] [1784748054.062541696] [yolo_navigator]: [STATUS] mode=FTG front=0.66 L=3.92 R=0.47 gap=+0.35 v=+0.20 w=+0.01 personLvl=0
[INFO] [1784748057.709042004] [yolo_navigator]: [ROTATE_OPEN] front=0.39 open=+1.36
[INFO] [1784748058.501910703] [yolo_navigator]: [FTG] gap=+0.34 W=2.98
[INFO] [1784748059.101987943] [yolo_navigator]: [STATUS] mode=FTG front=1.01 L=3.80 R=0.38 gap=+0.09 v=+0.36 w=+1.04 personLvl=0
[INFO] [1784748064.102568070] [yolo_navigator]: [STATUS] mode=FTG front=10.00 L=3.04 R=0.86 gap=+0.34 v=+0.23 w=-0.06 personLvl=0
[INFO] [1784748069.151778143] [yolo_navigator]: [STATUS] mode=FTG front=10.00 L=2.55 R=1.17 gap=+0.35 v=+0.23 w=+0.03 personLvl=0
[INFO] [1784748074.201211581] [yolo_navigator]: [STATUS] mode=FTG front=10.00 L=2.02 R=1.64 gap=+0.34 v=+0.24 w=+0.02 personLvl=0
[INFO] [1784748079.202457425] [yolo_navigator]: [STATUS] mode=FTG front=10.00 L=1.52 R=2.18 gap=+0.34 v=+0.23 w=+0.01 personLvl=0
[INFO] [1784748084.252120349] [yolo_navigator]: [STATUS] mode=FTG front=10.00 L=1.06 R=2.76 gap=+0.35 v=+0.23 w=+0.01 personLvl=0
[INFO] [1784748089.302110417] [yolo_navigator]: [STATUS] mode=FTG front=10.00 L=0.77 R=2.89 gap=+0.49 v=+0.17 w=+0.25 personLvl=0
[INFO] [1784748094.350598308] [yolo_navigator]: [STATUS] mode=FTG front=10.00 L=2.72 R=2.21 gap=+0.33 v=+0.24 w=+0.04 personLvl=0
[INFO] [1784748099.350912242] [yolo_navigator]: [STATUS] mode=FTG front=10.00 L=2.52 R=1.52 gap=+0.28 v=+0.26 w=+0.04 personLvl=0
[INFO] [1784748104.351320866] [yolo_navigator]: [STATUS] mode=FTG front=0.89 L=2.44 R=0.91 gap=+0.34 v=+0.24 w=+0.01 personLvl=0
[INFO] [1784748109.401740060] [yolo_navigator]: [STATUS] mode=FTG front=0.41 L=2.55 R=0.46 gap=+0.36 v=+0.05 w=+0.03 personLvl=0
[INFO] [1784748109.951720531] [yolo_navigator]: [ROTATE_OPEN] front=0.39 open=+0.38
[INFO] [1784748111.401584885] [yolo_navigator]: [FTG] gap=+0.03 W=7.14
[INFO] [1784748114.402224718] [yolo_navigator]: [STATUS] mode=FTG front=10.00 L=2.18 R=0.38 gap=+0.13 v=+0.34 w=+0.43 personLvl=0
[INFO] [1784748119.479005231] [yolo_navigator]: [STATUS] mode=FTG front=10.00 L=1.43 R=4.30 gap=-0.19 v=+0.31 w=-0.07 personLvl=0
[INFO] [1784748124.501758271] [yolo_navigator]: [STATUS] mode=FTG front=10.00 L=1.00 R=5.78 gap=-0.27 v=+0.27 w=-0.01 personLvl=0
[INFO] [1784748129.502338051] [yolo_navigator]: [STATUS] mode=FTG front=10.00 L=0.87 R=5.13 gap=-0.18 v=+0.31 w=-0.05 personLvl=0
[INFO] [1784748134.551525034] [yolo_navigator]: [STATUS] mode=FTG front=10.00 L=2.37 R=4.50 gap=+1.00 v=+0.10 w=+0.49 personLvl=0
[INFO] [1784748139.552386556] [yolo_navigator]: [STATUS] mode=FTG front=10.00 L=1.07 R=2.03 gap=+0.33 v=+0.24 w=+0.02 personLvl=0
[INFO] [1784748144.552035941] [yolo_navigator]: [STATUS] mode=FTG front=10.00 L=1.12 R=1.43 gap=+0.23 v=+0.29 w=+0.15 personLvl=0
[INFO] [1784748149.601300286] [yolo_navigator]: [STATUS] mode=FTG front=10.00 L=1.63 R=1.08 gap=+0.12 v=+0.34 w=+0.00 personLvl=0
[INFO] [1784748154.602560400] [yolo_navigator]: [STATUS] mode=FTG front=10.00 L=3.06 R=0.82 gap=+0.14 v=+0.33 w=+0.02 personLvl=0
[INFO] [1784748159.602485134] [yolo_navigator]: [STATUS] mode=FTG front=10.00 L=2.77 R=2.28 gap=-0.14 v=+0.33 w=-0.03 personLvl=0
[INFO] [1784748162.203073118] [yolo_navigator]: [PERSON] level=2 h=259px
[INFO] [1784748163.601724660] [yolo_navigator]: [PERSON] level=0 h=0px
[INFO] [1784748164.653128364] [yolo_navigator]: [STATUS] mode=FTG front=10.00 L=2.55 R=1.96 gap=+0.20 v=+0.31 w=+0.09 personLvl=0
[INFO] [1784748169.702333483] [yolo_navigator]: [STATUS] mode=FTG front=10.00 L=1.94 R=2.00 gap=+0.16 v=+0.32 w=+0.04 personLvl=0
[INFO] [1784748174.751397682] [yolo_navigator]: [STATUS] mode=FTG front=10.00 L=1.27 R=1.40 gap=-0.02 v=+0.39 w=-0.07 personLvl=0
[INFO] [1784748179.752096639] [yolo_navigator]: [STATUS] mode=FTG front=10.00 L=1.32 R=1.16 gap=+0.01 v=+0.39 w=-0.06 personLvl=0
[INFO] [1784748184.752384050] [yolo_navigator]: [STATUS] mode=FTG front=10.00 L=1.41 R=2.24 gap=+0.27 v=+0.27 w=+0.10 personLvl=0
[INFO] [1784748189.753097071] [yolo_navigator]: [STATUS] mode=FTG front=10.00 L=1.44 R=2.19 gap=+0.23 v=+0.29 w=+0.06 personLvl=0
[INFO] [1784748194.812417723] [yolo_navigator]: [STATUS] mode=FTG front=10.00 L=1.40 R=2.33 gap=+0.28 v=+0.27 w=+0.12 personLvl=0
[INFO] [1784748199.845229358] [yolo_navigator]: [STATUS] mode=FTG front=10.00 L=1.19 R=2.20 gap=+0.77 v=+0.10 w=+0.43 personLvl=0
[INFO] [1784748204.897966262] [yolo_navigator]: [STATUS] mode=FTG front=10.00 L=0.86 R=1.92 gap=-0.02 v=+0.39 w=-0.30 personLvl=0
[INFO] [1784748209.902084730] [yolo_navigator]: [STATUS] mode=FTG front=10.00 L=0.79 R=1.40 gap=+0.45 v=+0.18 w=+0.22 personLvl=0
[INFO] [1784748214.951414816] [yolo_navigator]: [STATUS] mode=FTG front=10.00 L=3.04 R=0.97 gap=+0.53 v=+0.15 w=+0.25 personLvl=0
[INFO] [1784748219.970071621] [yolo_navigator]: [STATUS] mode=FTG front=0.74 L=2.10 R=0.59 gap=+0.51 v=+0.16 w=+0.22 personLvl=0
[INFO] [1784748225.002646171] [yolo_navigator]: [STATUS] mode=FTG front=0.46 L=3.51 R=0.39 gap=+0.35 v=+0.09 w=+0.01 personLvl=0
[INFO] [1784748226.751053963] [yolo_navigator]: [ROTATE_OPEN] front=0.40 open=+1.36
[INFO] [1784748227.552810813] [yolo_navigator]: [FTG] gap=+0.30 W=2.00
[INFO] [1784748230.007388902] [yolo_navigator]: [STATUS] mode=FTG front=10.00 L=2.16 R=0.62 gap=-0.25 v=+0.28 w=+0.09 personLvl=0
[INFO] [1784748235.052267162] [yolo_navigator]: [STATUS] mode=FTG front=10.00 L=2.85 R=0.96 gap=+0.39 v=+0.21 w=+0.08 personLvl=0
[INFO] [1784748240.101818530] [yolo_navigator]: [STATUS] mode=FTG front=10.00 L=2.29 R=1.40 gap=+0.36 v=+0.23 w=+0.05 personLvl=0
[INFO] [1784748245.306641652] [yolo_navigator]: [STATUS] mode=FTG front=10.00 L=1.64 R=2.05 gap=+0.34 v=+0.24 w=+0.01 personLvl=0
[INFO] [1784748250.201309261] [yolo_navigator]: [STATUS] mode=FTG front=10.00 L=1.12 R=2.66 gap=+0.35 v=+0.23 w=+0.01 personLvl=0
[INFO] [1784748255.212594054] [yolo_navigator]: [STATUS] mode=FTG front=10.00 L=0.81 R=3.14 gap=+0.36 v=+0.23 w=+0.02 personLvl=0
[INFO] [1784748260.243276071] [yolo_navigator]: [STATUS] mode=FTG front=10.00 L=0.91 R=2.47 gap=+0.40 v=+0.21 w=+0.13 personLvl=0
[INFO] [1784748265.252398013] [yolo_navigator]: [STATUS] mode=FTG front=10.00 L=2.59 R=1.83 gap=+0.30 v=+0.26 w=-0.01 personLvl=0
[INFO] [1784748270.301886928] [yolo_navigator]: [STATUS] mode=FTG front=1.16 L=2.46 R=1.17 gap=+0.39 v=+0.21 w=+0.07 personLvl=0
[INFO] [1784748275.318647612] [yolo_navigator]: [STATUS] mode=FTG front=0.57 L=2.47 R=0.61 gap=+0.34 v=+0.15 w=+0.01 personLvl=0
[INFO] [1784748277.700992730] [yolo_navigator]: [ROTATE_OPEN] front=0.39 open=+0.37
[INFO] [1784748278.950546475] [yolo_navigator]: [FTG] gap=+0.05 W=7.16
[INFO] [1784748280.350947140] [yolo_navigator]: [STATUS] mode=FTG front=10.00 L=2.33 R=0.45 gap=+0.13 v=+0.34 w=-0.28 personLvl=0
[INFO] [1784748285.352389264] [yolo_navigator]: [STATUS] mode=FTG front=10.00 L=1.74 R=4.15 gap=-0.18 v=+0.31 w=+0.07 personLvl=0
[INFO] [1784748290.402011675] [yolo_navigator]: [STATUS] mode=FTG front=10.00 L=1.20 R=4.36 gap=-0.25 v=+0.28 w=-0.00 personLvl=0
[INFO] [1784748295.452554045] [yolo_navigator]: [STATUS] mode=FTG front=10.00 L=0.89 R=5.50 gap=-0.29 v=+0.26 w=-0.01 personLvl=0
[INFO] [1784748300.452586452] [yolo_navigator]: [STATUS] mode=FTG front=10.00 L=0.99 R=4.93 gap=+0.23 v=+0.29 w=-0.19 personLvl=0
[INFO] [1784748305.501923006] [yolo_navigator]: [STATUS] mode=FTG front=10.00 L=1.10 R=4.46 gap=+0.52 v=+0.15 w=+0.27 personLvl=0
[INFO] [1784748310.551927677] [yolo_navigator]: [STATUS] mode=FTG front=10.00 L=1.19 R=1.66 gap=+0.34 v=+0.24 w=+0.02 personLvl=0
[INFO] [1784748315.667984653] [yolo_navigator]: [STATUS] mode=FTG front=10.00 L=1.14 R=1.24 gap=+0.12 v=+0.34 w=-0.01 personLvl=0
[INFO] [1784748320.682387671] [yolo_navigator]: [STATUS] mode=FTG front=10.00 L=3.32 R=0.96 gap=+0.13 v=+0.34 w=+0.01 personLvl=0
[INFO] [1784748325.701716539] [yolo_navigator]: [STATUS] mode=FTG front=10.00 L=2.98 R=0.75 gap=+0.06 v=+0.37 w=+0.24 personLvl=0
[INFO] [1784748330.702940282] [yolo_navigator]: [STATUS] mode=FTG front=10.00 L=2.69 R=2.01 gap=+0.69 v=+0.10 w=+0.72 personLvl=0
[INFO] [1784748331.154466535] [yolo_navigator]: [PERSON] level=2 h=259px
[INFO] [1784748331.852671541] [yolo_navigator]: [PERSON] level=0 h=0px
[INFO] [1784748335.702693285] [yolo_navigator]: [STATUS] mode=FTG front=10.00 L=2.21 R=1.84 gap=+0.14 v=+0.33 w=+0.02 personLvl=0
[INFO] [1784748340.751790479] [yolo_navigator]: [STATUS] mode=FTG front=10.00 L=1.41 R=1.52 gap=+0.01 v=+0.39 w=-0.03 personLvl=0
[INFO] [1784748345.819264136] [yolo_navigator]: [STATUS] mode=FTG front=10.00 L=1.06 R=1.11 gap=+0.01 v=+0.39 w=-0.05 personLvl=0
[INFO] [1784748350.801604692] [yolo_navigator]: [STATUS] mode=FTG front=10.00 L=1.35 R=2.32 gap=+0.27 v=+0.27 w=+0.11 personLvl=0
[INFO] [1784748355.801696668] [yolo_navigator]: [STATUS] mode=FTG front=10.00 L=1.42 R=2.21 gap=+0.23 v=+0.29 w=+0.06 personLvl=0
[INFO] [1784748360.852309883] [yolo_navigator]: [STATUS] mode=FTG front=10.00 L=1.42 R=2.26 gap=+0.28 v=+0.27 w=+0.12 personLvl=0
[INFO] [1784748365.903628162] [yolo_navigator]: [STATUS] mode=FTG front=10.00 L=1.28 R=2.38 gap=+0.35 v=+0.23 w=+0.20 personLvl=0
[INFO] [1784748369.800482345] [yolo_navigator]: [WEDGE] open=+0.40
[INFO] [1784748369.901798008] [yolo_navigator]: [FTG] gap=+0.54 W=5.87
[INFO] [1784748370.951345239] [yolo_navigator]: [STATUS] mode=FTG front=10.00 L=0.94 R=2.02 gap=+0.58 v=+0.12 w=+0.20 personLvl=0
[INFO] [1784748375.972095369] [yolo_navigator]: [STATUS] mode=FTG front=10.00 L=0.55 R=1.64 gap=+0.05 v=+0.37 w=-0.21 personLvl=0
[INFO] [1784748380.952745713] [yolo_navigator]: [STATUS] mode=FTG front=10.00 L=0.90 R=1.24 gap=+0.32 v=+0.24 w=+0.04 personLvl=0
[INFO] [1784748385.989776499] [yolo_navigator]: [STATUS] mode=FTG front=10.00 L=3.78 R=0.90 gap=+0.01 v=+0.40 w=-0.30 personLvl=0
[INFO] [1784748391.011993088] [yolo_navigator]: [STATUS] mode=FTG front=0.87 L=3.96 R=0.57 gap=+0.35 v=+0.23 w=+0.02 personLvl=0
[INFO] [1784748396.051796239] [yolo_navigator]: [STATUS] mode=FTG front=0.42 L=3.51 R=0.37 gap=+0.35 v=+0.06 w=+0.01 personLvl=0
[INFO] [1784748396.801103570] [yolo_navigator]: [ROTATE_OPEN] front=0.40 open=+1.36
[INFO] [1784748397.551197240] [yolo_navigator]: [FTG] gap=+0.34 W=2.94
[INFO] [1784748401.052651375] [yolo_navigator]: [STATUS] mode=FTG front=10.00 L=3.24 R=0.66 gap=-0.23 v=+0.29 w=+0.12 personLvl=0
[INFO] [1784748406.052716532] [yolo_navigator]: [STATUS] mode=FTG front=10.00 L=2.66 R=1.08 gap=+0.35 v=+0.23 w=+0.03 personLvl=0
[INFO] [1784748411.092626497] [yolo_navigator]: [STATUS] mode=FTG front=10.00 L=2.16 R=1.50 gap=+0.34 v=+0.24 w=+0.03 personLvl=0
[INFO] [1784748416.102071715] [yolo_navigator]: [STATUS] mode=FTG front=10.00 L=1.66 R=2.03 gap=+0.34 v=+0.24 w=+0.01 personLvl=0
[INFO] [1784748421.102067631] [yolo_navigator]: [STATUS] mode=FTG front=10.00 L=1.20 R=2.57 gap=+0.35 v=+0.23 w=+0.01 personLvl=0
[INFO] [1784748426.151556988] [yolo_navigator]: [STATUS] mode=FTG front=10.00 L=0.86 R=3.17 gap=+0.35 v=+0.23 w=+0.01 personLvl=0
[INFO] [1784748431.151786433] [yolo_navigator]: [STATUS] mode=FTG front=10.00 L=0.77 R=2.59 gap=+0.36 v=+0.22 w=+0.09 personLvl=0
[INFO] [1784748436.151622022] [yolo_navigator]: [STATUS] mode=FTG front=10.00 L=2.61 R=1.87 gap=+0.31 v=+0.25 w=+0.02 personLvl=0
[INFO] [1784748441.152129590] [yolo_navigator]: [STATUS] mode=FTG front=10.00 L=2.48 R=1.25 gap=+0.41 v=+0.21 w=+0.10 personLvl=0
[INFO] [1784748446.234884530] [yolo_navigator]: [STATUS] mode=FTG front=0.67 L=2.45 R=0.70 gap=+0.34 v=+0.21 w=+0.00 personLvl=0
[INFO] [1784748450.251132517] [yolo_navigator]: [ROTATE_OPEN] front=0.39 open=+0.38
[INFO] [1784748451.251751394] [yolo_navigator]: [STATUS] mode=ROTATE_OPEN front=0.38 L=2.44 R=0.44 gap=+0.26 v=+0.00 w=+1.00 personLvl=0
[INFO] [1784748451.701924268] [yolo_navigator]: [FTG] gap=+0.05 W=7.27
[INFO] [1784748456.335008944] [yolo_navigator]: [STATUS] mode=FTG front=10.00 L=2.04 R=1.29 gap=-0.00 v=+0.40 w=+0.44 personLvl=0
[INFO] [1784748461.350771319] [yolo_navigator]: [STATUS] mode=FTG front=10.00 L=1.40 R=4.30 gap=-0.23 v=+0.29 w=+0.01 personLvl=0
[INFO] [1784748466.351845131] [yolo_navigator]: [STATUS] mode=FTG front=10.00 L=0.93 R=5.64 gap=-0.29 v=+0.26 w=-0.01 personLvl=0
[INFO] [1784748471.352226979] [yolo_navigator]: [STATUS] mode=FTG front=10.00 L=0.89 R=5.08 gap=-0.18 v=+0.31 w=-0.04 personLvl=0
[INFO] [1784748476.353611593] [yolo_navigator]: [STATUS] mode=FTG front=10.00 L=2.34 R=4.46 gap=+1.00 v=+0.10 w=+0.88 personLvl=0
[INFO] [1784748481.403339335] [yolo_navigator]: [STATUS] mode=FTG front=10.00 L=1.11 R=2.15 gap=+0.35 v=+0.23 w=+0.04 personLvl=0
[INFO] [1784748486.451150132] [yolo_navigator]: [STATUS] mode=FTG front=10.00 L=1.27 R=1.41 gap=+0.40 v=+0.21 w=+0.38 personLvl=0
[INFO] [1784748491.453296522] [yolo_navigator]: [STATUS] mode=FTG front=10.00 L=1.57 R=1.04 gap=+0.13 v=+0.34 w=+0.01 personLvl=0
[INFO] [1784748496.510079811] [yolo_navigator]: [STATUS] mode=FTG front=10.00 L=3.15 R=0.81 gap=+0.14 v=+0.33 w=-0.00 personLvl=0
[INFO] [1784748501.551722483] [yolo_navigator]: [STATUS] mode=FTG front=10.00 L=2.74 R=2.07 gap=+0.74 v=+0.10 w=+0.68 personLvl=0
[INFO] [1784748502.864979312] [yolo_navigator]: [PERSON] level=2 h=258px
[INFO] [1784748503.583051192] [yolo_navigator]: [PERSON] level=0 h=0px
[INFO] [1784748506.601255290] [yolo_navigator]: [STATUS] mode=FTG front=10.00 L=2.28 R=1.83 gap=+0.15 v=+0.33 w=+0.03 personLvl=0
[INFO] [1784748511.610369344] [yolo_navigator]: [STATUS] mode=FTG front=10.00 L=1.55 R=1.61 gap=+0.17 v=+0.32 w=+0.05 personLvl=0
[INFO] [1784748516.605623714] [yolo_navigator]: [STATUS] mode=FTG front=10.00 L=1.01 R=1.15 gap=+0.02 v=+0.39 w=-0.04 personLvl=0
[INFO] [1784748521.652352309] [yolo_navigator]: [STATUS] mode=FTG front=10.00 L=1.47 R=2.35 gap=+0.45 v=+0.18 w=+0.33 personLvl=0
[INFO] [1784748526.652208085] [yolo_navigator]: [STATUS] mode=FTG front=10.00 L=1.42 R=2.22 gap=+0.27 v=+0.27 w=+0.10 personLvl=0
[INFO] [1784748531.721300990] [yolo_navigator]: [STATUS] mode=FTG front=10.00 L=1.43 R=2.22 gap=+0.26 v=+0.28 w=+0.10 personLvl=0
[INFO] [1784748536.752836782] [yolo_navigator]: [STATUS] mode=FTG front=10.00 L=1.32 R=2.49 gap=+0.30 v=+0.26 w=+0.15 personLvl=0
[INFO] [1784748541.803069115] [yolo_navigator]: [STATUS] mode=FTG front=10.00 L=1.13 R=2.18 gap=+0.56 v=+0.13 w=+0.13 personLvl=0
[INFO] [1784748542.102077317] [yolo_navigator]: [WEDGE] open=+0.40
[INFO] [1784748542.252490544] [yolo_navigator]: [FTG] gap=-0.04 W=7.84
[INFO] [1784748546.803358247] [yolo_navigator]: [STATUS] mode=FTG front=10.00 L=0.73 R=1.83 gap=+0.00 v=+0.40 w=-0.26 personLvl=0
[INFO] [1784748551.852707152] [yolo_navigator]: [STATUS] mode=FTG front=10.00 L=0.71 R=1.39 gap=+0.35 v=+0.23 w=+0.08 personLvl=0
[INFO] [1784748556.911911882] [yolo_navigator]: [STATUS] mode=FTG front=10.00 L=3.82 R=1.04 gap=-0.07 v=+0.37 w=-0.37 personLvl=0
[INFO] [1784748561.951385400] [yolo_navigator]: [STATUS] mode=FTG front=0.86 L=2.92 R=0.62 gap=+0.44 v=+0.19 w=+0.13 personLvl=0
[INFO] [1784748566.952075491] [yolo_navigator]: [STATUS] mode=FTG front=0.46 L=3.51 R=0.39 gap=+0.35 v=+0.09 w=+0.01 personLvl=0
[INFO] [1784748568.551302296] [yolo_navigator]: [ROTATE_OPEN] front=0.40 open=+1.36
[INFO] [1784748569.351350808] [yolo_navigator]: [FTG] gap=+0.30 W=2.00
[INFO] [1784748572.002069014] [yolo_navigator]: [STATUS] mode=FTG front=10.00 L=2.62 R=0.63 gap=-0.23 v=+0.29 w=+0.12 personLvl=0
[INFO] [1784748577.051060767] [yolo_navigator]: [STATUS] mode=FTG front=10.00 L=2.82 R=0.96 gap=+0.39 v=+0.21 w=+0.08 personLvl=0
[INFO] [1784748582.052278727] [yolo_navigator]: [STATUS] mode=FTG front=10.00 L=2.28 R=1.41 gap=+0.35 v=+0.23 w=+0.03 personLvl=0
[INFO] [1784748587.101510819] [yolo_navigator]: [STATUS] mode=FTG front=10.00 L=1.74 R=1.95 gap=+0.36 v=+0.23 w=+0.03 personLvl=0
[INFO] [1784748592.150964483] [yolo_navigator]: [STATUS] mode=FTG front=10.00 L=1.18 R=2.59 gap=+0.35 v=+0.23 w=+0.01 personLvl=0
[INFO] [1784748597.297038681] [yolo_navigator]: [STATUS] mode=FTG front=10.00 L=0.84 R=3.21 gap=+0.35 v=+0.23 w=+0.01 personLvl=0
[INFO] [1784748602.251239732] [yolo_navigator]: [STATUS] mode=FTG front=10.00 L=0.87 R=2.48 gap=+0.40 v=+0.21 w=+0.13 personLvl=0
[INFO] [1784748607.252205488] [yolo_navigator]: [STATUS] mode=FTG front=10.00 L=2.60 R=1.84 gap=+0.31 v=+0.25 w=+0.02 personLvl=0
[INFO] [1784748612.302857119] [yolo_navigator]: [STATUS] mode=FTG front=1.16 L=2.47 R=1.17 gap=+0.39 v=+0.21 w=+0.07 personLvl=0
[INFO] [1784748617.351949002] [yolo_navigator]: [STATUS] mode=FTG front=0.54 L=2.48 R=0.58 gap=+0.34 v=+0.13 w=+0.00 personLvl=0
[INFO] [1784748619.800413560] [yolo_navigator]: [ROTATE_OPEN] front=0.39 open=+0.37
[INFO] [1784748621.200439378] [yolo_navigator]: [FTG] gap=+0.05 W=7.15
[INFO] [1784748622.352288802] [yolo_navigator]: [STATUS] mode=FTG front=10.00 L=2.36 R=0.46 gap=+0.20 v=+0.31 w=-0.19 personLvl=0
[INFO] [1784748627.422097316] [yolo_navigator]: [STATUS] mode=FTG front=10.00 L=1.61 R=4.28 gap=-0.23 v=+0.29 w=+0.01 personLvl=0
[INFO] [1784748632.450751722] [yolo_navigator]: [STATUS] mode=FTG front=10.00 L=1.07 R=4.42 gap=-0.25 v=+0.28 w=+0.00 personLvl=0
[INFO] [1784748637.452287573] [yolo_navigator]: [STATUS] mode=FTG front=10.00 L=0.82 R=5.33 gap=-0.29 v=+0.26 w=-0.01 personLvl=0
[INFO] [1784748642.500901241] [yolo_navigator]: [STATUS] mode=FTG front=10.00 L=2.44 R=4.60 gap=-0.46 v=+0.18 w=-0.35 personLvl=0
[INFO] [1784748647.502255212] [yolo_navigator]: [STATUS] mode=FTG front=10.00 L=1.07 R=2.13 gap=+0.34 v=+0.24 w=+0.02 personLvl=0
[INFO] [1784748652.551208688] [yolo_navigator]: [STATUS] mode=FTG front=10.00 L=1.12 R=1.41 gap=+0.21 v=+0.30 w=+0.13 personLvl=0
[INFO] [1784748657.550951923] [yolo_navigator]: [STATUS] mode=FTG front=10.00 L=3.39 R=1.01 gap=+0.13 v=+0.34 w=+0.02 personLvl=0
[INFO] [1784748662.551696530] [yolo_navigator]: [STATUS] mode=FTG front=10.00 L=3.00 R=0.77 gap=+0.10 v=+0.35 w=+0.29 personLvl=0
[INFO] [1784748667.602086682] [yolo_navigator]: [STATUS] mode=FTG front=10.00 L=2.68 R=2.01 gap=+0.66 v=+0.10 w=+0.70 personLvl=0
[INFO] [1784748667.901746524] [yolo_navigator]: [PERSON] level=2 h=260px
[INFO] [1784748668.959739572] [yolo_navigator]: [PERSON] level=0 h=0px
[INFO] [1784748672.650916520] [yolo_navigator]: [STATUS] mode=FTG front=10.00 L=2.12 R=1.84 gap=+0.14 v=+0.33 w=+0.02 personLvl=0
[INFO] [1784748677.651670187] [yolo_navigator]: [STATUS] mode=FTG front=10.00 L=1.37 R=1.49 gap=+0.16 v=+0.32 w=+0.04 personLvl=0
[INFO] [1784748682.669193221] [yolo_navigator]: [STATUS] mode=FTG front=10.00 L=1.17 R=1.12 gap=+0.02 v=+0.39 w=-0.05 personLvl=0
[INFO] [1784748687.713605047] [yolo_navigator]: [STATUS] mode=FTG front=10.00 L=1.39 R=2.26 gap=+0.26 v=+0.27 w=+0.10 personLvl=0
[INFO] [1784748692.752044122] [yolo_navigator]: [STATUS] mode=FTG front=10.00 L=1.44 R=2.19 gap=+0.23 v=+0.29 w=+0.06 personLvl=0
[INFO] [1784748697.828407452] [yolo_navigator]: [STATUS] mode=FTG front=10.00 L=1.38 R=2.39 gap=+0.27 v=+0.27 w=+0.11 personLvl=0
[INFO] [1784748702.852550642] [yolo_navigator]: [STATUS] mode=FTG front=10.00 L=1.15 R=2.19 gap=+0.61 v=+0.11 w=+0.20 personLvl=0
[INFO] [1784748707.859644766] [yolo_navigator]: [STATUS] mode=FTG front=10.00 L=0.74 R=1.83 gap=+0.00 v=+0.40 w=-0.26 personLvl=0
[INFO] [1784748712.901765394] [yolo_navigator]: [STATUS] mode=FTG front=10.00 L=0.79 R=1.35 gap=+0.37 v=+0.22 w=+0.11 personLvl=0
[INFO] [1784748717.951247157] [yolo_navigator]: [STATUS] mode=FTG front=1.17 L=2.38 R=0.92 gap=+0.60 v=+0.11 w=+0.34 personLvl=0
[INFO] [1784748722.952002651] [yolo_navigator]: [STATUS] mode=FTG front=0.80 L=3.03 R=0.58 gap=+0.42 v=+0.20 w=+0.10 personLvl=0
[INFO] [1784748728.001710017] [yolo_navigator]: [STATUS] mode=FTG front=0.43 L=3.50 R=0.37 gap=+0.35 v=+0.06 w=+0.01 personLvl=0
[INFO] [1784748728.751470947] [yolo_navigator]: [ROTATE_OPEN] front=0.40 open=+1.36
[INFO] [1784748729.601291367] [yolo_navigator]: [FTG] gap=+0.28 W=2.59
[INFO] [1784748733.001346903] [yolo_navigator]: [STATUS] mode=FTG front=10.00 L=2.93 R=0.87 gap=+0.27 v=+0.27 w=-0.11 personLvl=0
[INFO] [1784748738.011577861] [yolo_navigator]: [STATUS] mode=FTG front=10.00 L=2.55 R=1.20 gap=+0.36 v=+0.23 w=+0.03 personLvl=0
[INFO] [1784748743.051429872] [yolo_navigator]: [STATUS] mode=FTG front=10.00 L=1.97 R=1.70 gap=+0.34 v=+0.24 w=+0.02 personLvl=0
[INFO] [1784748748.052444531] [yolo_navigator]: [STATUS] mode=FTG front=10.00 L=1.43 R=2.29 gap=+0.34 v=+0.23 w=+0.01 personLvl=0
[INFO] [1784748753.101630857] [yolo_navigator]: [STATUS] mode=FTG front=10.00 L=0.96 R=2.90 gap=+0.35 v=+0.23 w=+0.01 personLvl=0
[INFO] [1784748758.102755711] [yolo_navigator]: [STATUS] mode=FTG front=10.00 L=0.74 R=2.88 gap=+0.35 v=+0.23 w=+0.04 personLvl=0
[INFO] [1784748763.111305281] [yolo_navigator]: [STATUS] mode=FTG front=10.00 L=2.69 R=2.15 gap=+0.38 v=+0.22 w=+0.11 personLvl=0
[INFO] [1784748768.151578952] [yolo_navigator]: [STATUS] mode=FTG front=10.00 L=2.50 R=1.35 gap=+0.41 v=+0.20 w=+0.10 personLvl=0
[INFO] [1784748773.163531996] [yolo_navigator]: [STATUS] mode=FTG front=0.71 L=2.44 R=0.74 gap=+0.34 v=+0.24 w=+0.00 personLvl=0
[INFO] [1784748776.750571364] [yolo_navigator]: [ROTATE_OPEN] front=0.40 open=+0.37
[INFO] [1784748778.101518682] [yolo_navigator]: [FTG] gap=+0.05 W=7.19
[INFO] [1784748778.200799280] [yolo_navigator]: [STATUS] mode=FTG front=0.41 L=2.40 R=0.45 gap=+0.01 v=+0.09 w=-0.05 personLvl=0
[INFO] [1784748783.202126340] [yolo_navigator]: [STATUS] mode=FTG front=10.00 L=1.88 R=4.07 gap=+0.04 v=+0.38 w=+0.36 personLvl=0
[INFO] [1784748788.282266335] [yolo_navigator]: [STATUS] mode=FTG front=10.00 L=1.24 R=4.34 gap=-0.24 v=+0.28 w=-0.01 personLvl=0
[INFO] [1784748793.302153711] [yolo_navigator]: [STATUS] mode=FTG front=10.00 L=0.90 R=5.45 gap=-0.27 v=+0.27 w=-0.01 personLvl=0
[INFO] [1784748798.301931823] [yolo_navigator]: [STATUS] mode=FTG front=10.00 L=2.58 R=4.68 gap=-0.25 v=+0.28 w=+0.05 personLvl=0
[INFO] [1784748803.321179506] [yolo_navigator]: [STATUS] mode=FTG front=10.00 L=1.12 R=2.35 gap=+0.34 v=+0.24 w=+0.02 personLvl=0
[INFO] [1784748808.396269875] [yolo_navigator]: [STATUS] mode=FTG front=10.00 L=1.41 R=1.42 gap=+0.53 v=+0.15 w=+0.54 personLvl=0
[INFO] [1784748813.400891966] [yolo_navigator]: [STATUS] mode=FTG front=10.00 L=1.48 R=1.04 gap=+0.13 v=+0.34 w=+0.01 personLvl=0
[INFO] [1784748818.491275896] [yolo_navigator]: [STATUS] mode=FTG front=10.00 L=3.18 R=0.81 gap=+0.14 v=+0.33 w=+0.00 personLvl=0
[INFO] [1784748823.452076032] [yolo_navigator]: [STATUS] mode=FTG front=10.00 L=2.82 R=0.70 gap=-0.15 v=+0.33 w=-0.04 personLvl=0
[INFO] [1784748825.802751748] [yolo_navigator]: [PERSON] level=2 h=260px
[INFO] [1784748826.552458162] [yolo_navigator]: [PERSON] level=0 h=0px
[INFO] [1784748828.577988987] [yolo_navigator]: [STATUS] mode=FTG front=10.00 L=2.38 R=1.85 gap=+0.17 v=+0.32 w=+0.07 personLvl=0
[INFO] [1784748833.601011081] [yolo_navigator]: [STATUS] mode=FTG front=10.00 L=1.60 R=1.65 gap=+0.16 v=+0.32 w=+0.04 personLvl=0
[INFO] [1784748838.612239395] [yolo_navigator]: [STATUS] mode=FTG front=10.00 L=1.00 R=1.15 gap=+0.02 v=+0.39 w=-0.04 personLvl=0
[INFO] [1784748843.651737850] [yolo_navigator]: [STATUS] mode=FTG front=10.00 L=1.57 R=2.26 gap=+0.49 v=+0.16 w=+0.37 personLvl=0
[INFO] [1784748848.701471177] [yolo_navigator]: [STATUS] mode=FTG front=10.00 L=1.45 R=2.17 gap=+0.25 v=+0.28 w=+0.08 personLvl=0
[INFO] [1784748853.703426611] [yolo_navigator]: [STATUS] mode=FTG front=10.00 L=1.44 R=2.24 gap=+0.26 v=+0.28 w=+0.10 personLvl=0
[INFO] [1784748858.752008930] [yolo_navigator]: [STATUS] mode=FTG front=10.00 L=1.24 R=2.25 gap=+0.85 v=+0.10 w=+0.54 personLvl=0
[INFO] [1784748863.801159841] [yolo_navigator]: [STATUS] mode=FTG front=10.00 L=0.91 R=1.96 gap=+0.62 v=+0.10 w=+0.27 personLvl=0
[INFO] [1784748868.803191217] [yolo_navigator]: [STATUS] mode=FTG front=10.00 L=0.52 R=1.53 gap=+0.56 v=+0.13 w=+0.31 personLvl=0
[INFO] [1784748873.830221040] [yolo_navigator]: [STATUS] mode=FTG front=10.00 L=1.04 R=1.13 gap=+0.32 v=+0.25 w=+0.03 personLvl=0
[INFO] [1784748878.850816036] [yolo_navigator]: [STATUS] mode=FTG front=0.76 L=1.71 R=0.66 gap=+0.61 v=+0.11 w=+0.36 personLvl=0
[INFO] [1784748883.851662155] [yolo_navigator]: [STATUS] mode=FTG front=0.59 L=3.87 R=0.44 gap=+0.35 v=+0.17 w=+0.01 personLvl=0
[INFO] [1784748886.951221664] [yolo_navigator]: [ROTATE_OPEN] front=0.39 open=+1.36
[INFO] [1784748887.800847284] [yolo_navigator]: [FTG] gap=+0.28 W=2.81
[INFO] [1784748888.851913679] [yolo_navigator]: [STATUS] mode=FTG front=10.00 L=3.73 R=0.43 gap=+0.00 v=+0.40 w=-0.18 personLvl=0
[INFO] [1784748893.901390099] [yolo_navigator]: [STATUS] mode=FTG front=10.00 L=2.87 R=0.95 gap=+0.38 v=+0.22 w=+0.05 personLvl=0
[INFO] [1784748898.901945649] [yolo_navigator]: [STATUS] mode=FTG front=10.00 L=2.31 R=1.38 gap=+0.35 v=+0.23 w=+0.03 personLvl=0
[INFO] [1784748903.901555948] [yolo_navigator]: [STATUS] mode=FTG front=10.00 L=1.75 R=1.93 gap=+0.36 v=+0.23 w=+0.04 personLvl=0
[INFO] [1784748908.951204861] [yolo_navigator]: [STATUS] mode=FTG front=10.00 L=1.22 R=2.54 gap=+0.35 v=+0.23 w=+0.01 personLvl=0
[INFO] [1784748913.951322468] [yolo_navigator]: [STATUS] mode=FTG front=10.00 L=0.84 R=3.18 gap=+0.35 v=+0.23 w=+0.01 personLvl=0
[INFO] [1784748919.058616237] [yolo_navigator]: [STATUS] mode=FTG front=10.00 L=0.97 R=2.53 gap=+0.45 v=+0.18 w=+0.20 personLvl=0
[INFO] [1784748924.076206540] [yolo_navigator]: [STATUS] mode=FTG front=10.00 L=2.57 R=1.72 gap=+0.28 v=+0.26 w=+0.04 personLvl=0
[INFO] [1784748929.101334170] [yolo_navigator]: [STATUS] mode=FTG front=1.02 L=2.45 R=1.03 gap=+0.36 v=+0.23 w=+0.03 personLvl=0
[INFO] [1784748934.102713761] [yolo_navigator]: [STATUS] mode=FTG front=0.46 L=2.51 R=0.51 gap=+0.34 v=+0.09 w=+0.00 personLvl=0
[INFO] [1784748935.550963171] [yolo_navigator]: [ROTATE_OPEN] front=0.39 open=+0.38
[INFO] [1784748937.052425792] [yolo_navigator]: [FTG] gap=+0.03 W=7.39
[INFO] [1784748939.150847486] [yolo_navigator]: [STATUS] mode=FTG front=10.00 L=2.22 R=0.34 gap=+0.23 v=+0.29 w=+0.61 personLvl=0
[INFO] [1784748944.151883087] [yolo_navigator]: [STATUS] mode=FTG front=10.00 L=1.80 R=1.76 gap=+0.30 v=+0.26 w=-0.06 personLvl=0
[INFO] [1784748949.151951568] [yolo_navigator]: [STATUS] mode=FTG front=10.00 L=2.29 R=3.44 gap=-0.21 v=+0.30 w=+0.18 personLvl=0
[INFO] [1784748954.201281467] [yolo_navigator]: [STATUS] mode=FTG front=10.00 L=2.32 R=3.18 gap=+0.26 v=+0.28 w=+0.61 personLvl=0
[INFO] [1784748959.251992618] [yolo_navigator]: [STATUS] mode=FTG front=10.00 L=2.00 R=4.12 gap=-0.23 v=+0.29 w=-0.02 personLvl=0
[INFO] [1784748964.251989270] [yolo_navigator]: [STATUS] mode=FTG front=10.00 L=2.41 R=3.55 gap=-0.43 v=+0.20 w=-0.09 personLvl=0
[INFO] [1784748969.300865133] [yolo_navigator]: [STATUS] mode=FTG front=10.00 L=2.06 R=3.07 gap=+1.07 v=+0.10 w=+0.42 personLvl=0
[INFO] [1784748974.306947846] [yolo_navigator]: [STATUS] mode=FTG front=10.00 L=1.55 R=2.72 gap=+0.28 v=+0.27 w=+0.26 personLvl=0
[INFO] [1784748979.360581884] [yolo_navigator]: [STATUS] mode=FTG front=10.00 L=0.84 R=2.39 gap=-0.16 v=+0.32 w=-0.46 personLvl=0
[INFO] [1784748980.101053964] [yolo_navigator]: [WEDGE] open=+0.14
[INFO] [1784748980.201866612] [yolo_navigator]: [FTG] gap=-0.00 W=7.61
[INFO] [1784748984.401809031] [yolo_navigator]: [STATUS] mode=FTG front=10.00 L=0.80 R=1.86 gap=+0.11 v=+0.35 w=-0.10 personLvl=0
[INFO] [1784748989.402392313] [yolo_navigator]: [STATUS] mode=FTG front=10.00 L=1.80 R=1.44 gap=+0.35 v=+0.23 w=+0.35 personLvl=0
[INFO] [1784748994.401709008] [yolo_navigator]: [STATUS] mode=FTG front=10.00 L=1.84 R=1.29 gap=+0.05 v=+0.38 w=+0.05 personLvl=0
[INFO] [1784748999.453486502] [yolo_navigator]: [STATUS] mode=FTG front=10.00 L=1.51 R=1.20 gap=-0.49 v=+0.16 w=-0.91 personLvl=0
[INFO] [1784749004.452122372] [yolo_navigator]: [STATUS] mode=FTG front=10.00 L=1.49 R=1.05 gap=+0.28 v=+0.27 w=+0.06 personLvl=0
[INFO] [1784749009.452375132] [yolo_navigator]: [STATUS] mode=FTG front=10.00 L=1.29 R=1.10 gap=+0.30 v=+0.25 w=+0.12 personLvl=0
[INFO] [1784749014.514872694] [yolo_navigator]: [STATUS] mode=FTG front=10.00 L=0.92 R=1.23 gap=+0.94 v=+0.10 w=+0.62 personLvl=0
[INFO] [1784749015.472354250] [yolo_navigator]: [WEDGE] open=+0.52
[INFO] [1784749015.551294137] [yolo_navigator]: [FTG] gap=+0.41 W=0.51
[INFO] [1784749015.701281146] [yolo_navigator]: [WEDGE] open=+0.47
[INFO] [1784749015.850463720] [yolo_navigator]: [FTG] gap=+0.36 W=0.53
[INFO] [1784749015.957485737] [yolo_navigator]: [WEDGE] open=+0.44
[INFO] [1784749016.051277734] [yolo_navigator]: [FTG] gap=+0.34 W=0.54
[INFO] [1784749019.572977366] [yolo_navigator]: [STATUS] mode=FTG front=1.07 L=0.37 R=0.81 gap=+0.16 v=+0.33 w=-0.30 personLvl=0
[INFO] [1784749024.579447384] [yolo_navigator]: [STATUS] mode=FTG front=0.75 L=0.45 R=0.52 gap=+0.37 v=+0.22 w=+0.03 personLvl=0
[INFO] [1784749029.001298384] [yolo_navigator]: [ROTATE_OPEN] front=0.40 open=+0.51
[INFO] [1784749029.602347288] [yolo_navigator]: [STATUS] mode=ROTATE_OPEN front=0.38 L=0.53 R=0.36 gap=+0.35 v=+0.00 w=+1.00 personLvl=0
[INFO] [1784749029.801186989] [yolo_navigator]: [FTG] gap=+0.30 W=2.08
[INFO] [1784749032.051452308] [yolo_navigator]: [ROTATE_OPEN] front=0.34 open=+0.49
[INFO] [1784749032.190736919] [yolo_navigator]: [REVERSE] front=0.30 dir=+1
[INFO] [1784749033.251079643] [yolo_navigator]: [FTG] gap=+0.14 W=2.65
[INFO] [1784749034.683210659] [yolo_navigator]: [STATUS] mode=FTG front=1.02 L=0.44 R=0.35 gap=+0.03 v=+0.39 w=-0.33 personLvl=0
[INFO] [1784749035.750401076] [yolo_navigator]: [ROTATE_OPEN] front=0.39 open=+0.47
[INFO] [1784749035.900933488] [yolo_navigator]: [REVERSE] front=0.27 dir=+1
[INFO] [1784749037.050634174] [yolo_navigator]: [FTG] gap=+0.09 W=2.39
[INFO] [1784749038.451535810] [yolo_navigator]: [PERSON] level=2 h=259px
[INFO] [1784749038.852062104] [yolo_navigator]: [PERSON] level=0 h=0px
[INFO] [1784749039.652643878] [yolo_navigator]: [STATUS] mode=FTG front=1.12 L=0.38 R=0.31 gap=-0.00 v=+0.40 w=-0.45 personLvl=0
[INFO] [1784749040.101191999] [yolo_navigator]: [ROTATE_OPEN] front=0.38 open=+0.47
[INFO] [1784749040.251891364] [yolo_navigator]: [REVERSE] front=0.28 dir=+1
[INFO] [1784749040.252433119] [yolo_navigator]: [COMMIT] Ταλάντωση σε περατό στενό (W=2.52) -> αποφασιστικό πέρασμα
[INFO] [1784749040.301167900] [yolo_navigator]: [COMMIT] steer=-0.40 front=0.25
[INFO] [1784749040.713899934] [yolo_navigator]: [COMMIT] Απέτυχε (front<0.15), αποτυχία #1
[INFO] [1784749040.716234577] [yolo_navigator]: [REVERSE] front=0.13 dir=+1
[INFO] [1784749042.101514856] [yolo_navigator]: [FTG] gap=+0.04 W=2.16
[INFO] [1784749043.001121124] [yolo_navigator]: [ROTATE_OPEN] front=0.39 open=+0.05
[INFO] [1784749043.323258134] [yolo_navigator]: [TRAP] L=0.35 R=0.33
[INFO] [1784749043.324146601] [yolo_navigator]: [WALL_FOLLOW] 5x REVERSE/TRAP σε 60s -> ακολουθώ τον δεξιό τοίχο για 25s (L=0.35 R=0.33)
[INFO] [1784749043.350885893] [yolo_navigator]: [WALL_FOLLOW] side=R d=0.33 front=0.38
[INFO] [1784749044.702587465] [yolo_navigator]: [STATUS] mode=WALL_FOLLOW front=0.22 L=0.31 R=0.45 gap=-0.50 v=+0.00 w=+1.00 personLvl=0
[INFO] [1784749049.751646064] [yolo_navigator]: [STATUS] mode=WALL_FOLLOW front=10.00 L=0.40 R=0.37 gap=+0.39 v=+0.22 w=+0.20 personLvl=0
[INFO] [1784749054.801651428] [yolo_navigator]: [STATUS] mode=WALL_FOLLOW front=10.00 L=0.40 R=0.52 gap=-0.49 v=+0.22 w=-0.04 personLvl=0
[INFO] [1784749059.895054460] [yolo_navigator]: [STATUS] mode=WALL_FOLLOW front=10.00 L=0.72 R=0.51 gap=-0.49 v=+0.22 w=-0.01 personLvl=0
[INFO] [1784749064.901336296] [yolo_navigator]: [STATUS] mode=WALL_FOLLOW front=10.00 L=1.63 R=0.69 gap=-0.18 v=+0.22 w=-0.29 personLvl=0
[INFO] [1784749068.363248226] [yolo_navigator]: [FTG] gap=+0.02 W=3.35
[INFO] [1784749069.909160468] [yolo_navigator]: [STATUS] mode=FTG front=10.00 L=1.90 R=0.62 gap=+0.22 v=+0.29 w=-0.16 personLvl=0
[INFO] [1784749074.955793934] [yolo_navigator]: [STATUS] mode=FTG front=10.00 L=2.34 R=0.47 gap=+0.37 v=+0.22 w=+0.02 personLvl=0
[INFO] [1784749079.989365753] [yolo_navigator]: [STATUS] mode=FTG front=10.00 L=2.53 R=1.13 gap=+0.44 v=+0.19 w=+0.23 personLvl=0
[INFO] [1784749085.001050468] [yolo_navigator]: [STATUS] mode=FTG front=10.00 L=2.32 R=0.73 gap=-0.00 v=+0.40 w=+0.42 personLvl=0
[INFO] [1784749090.001186753] [yolo_navigator]: [STATUS] mode=FTG front=10.00 L=1.81 R=1.01 gap=-0.29 v=+0.26 w=-0.02 personLvl=0
[INFO] [1784749095.001604575] [yolo_navigator]: [STATUS] mode=FTG front=10.00 L=1.36 R=4.35 gap=-0.27 v=+0.27 w=-0.01 personLvl=0
[INFO] [1784749100.002234493] [yolo_navigator]: [STATUS] mode=FTG front=10.00 L=0.99 R=4.92 gap=-0.39 v=+0.21 w=-0.07 personLvl=0
[INFO] [1784749105.052048530] [yolo_navigator]: [STATUS] mode=FTG front=0.76 L=0.58 R=2.51 gap=-0.43 v=+0.19 w=-0.13 personLvl=0
[INFO] [1784749109.001089227] [yolo_navigator]: [ROTATE_OPEN] front=0.40 open=-1.26
[INFO] [1784749109.752156184] [yolo_navigator]: [FTG] gap=-0.30 W=2.39
[INFO] [1784749110.101611435] [yolo_navigator]: [STATUS] mode=FTG front=10.00 L=0.42 R=5.16 gap=-0.01 v=+0.40 w=+0.40 personLvl=0
[INFO] [1784749115.152363615] [yolo_navigator]: [STATUS] mode=FTG front=10.00 L=0.77 R=4.69 gap=+0.23 v=+0.29 w=-0.11 personLvl=0
[INFO] [1784749120.201830180] [yolo_navigator]: [STATUS] mode=FTG front=10.00 L=1.23 R=4.46 gap=+0.33 v=+0.24 w=-0.00 personLvl=0
[INFO] [1784749125.251328583] [yolo_navigator]: [STATUS] mode=FTG front=10.00 L=1.58 R=4.36 gap=+0.35 v=+0.23 w=+0.02 personLvl=0
[INFO] [1784749130.251333011] [yolo_navigator]: [STATUS] mode=FTG front=10.00 L=1.88 R=4.91 gap=+0.35 v=+0.23 w=+0.02 personLvl=0
[INFO] [1784749135.347943684] [yolo_navigator]: [STATUS] mode=FTG front=10.00 L=2.45 R=3.32 gap=+0.36 v=+0.23 w=+0.02 personLvl=0
[INFO] [1784749140.352247872] [yolo_navigator]: [STATUS] mode=FTG front=10.00 L=2.27 R=1.65 gap=+0.24 v=+0.28 w=+0.01 personLvl=0
[INFO] [1784749145.382190501] [yolo_navigator]: [STATUS] mode=FTG front=10.00 L=2.14 R=0.93 gap=+0.25 v=+0.28 w=+0.02 personLvl=0
[INFO] [1784749150.382696021] [yolo_navigator]: [STATUS] mode=FTG front=0.75 L=2.18 R=0.54 gap=+0.26 v=+0.28 w=+0.00 personLvl=0
[INFO] [1784749153.550941762] [yolo_navigator]: [ROTATE_OPEN] front=0.40 open=+0.31
[INFO] [1784749154.400778097] [yolo_navigator]: [FTG] gap=+0.20 W=3.23
[INFO] [1784749155.401238854] [yolo_navigator]: [STATUS] mode=FTG front=10.00 L=2.11 R=0.41 gap=-0.22 v=+0.29 w=-0.62 personLvl=0
[INFO] [1784749160.401061780] [yolo_navigator]: [STATUS] mode=FTG front=10.00 L=1.82 R=2.37 gap=+0.32 v=+0.25 w=-0.03 personLvl=0
[INFO] [1784749165.454352811] [yolo_navigator]: [STATUS] mode=FTG front=10.00 L=1.76 R=1.75 gap=-0.70 v=+0.10 w=-0.89 personLvl=0
[INFO] [1784749170.507891099] [yolo_navigator]: [STATUS] mode=FTG front=10.00 L=1.25 R=1.13 gap=-0.00 v=+0.40 w=+0.02 personLvl=0
[INFO] [1784749175.551166257] [yolo_navigator]: [STATUS] mode=FTG front=10.00 L=0.45 R=2.07 gap=-0.02 v=+0.39 w=+0.03 personLvl=0
[INFO] [1784749180.551545133] [yolo_navigator]: [STATUS] mode=FTG front=10.00 L=0.45 R=1.54 gap=+0.10 v=+0.35 w=+0.18 personLvl=0
[INFO] [1784749185.601242580] [yolo_navigator]: [STATUS] mode=FTG front=10.00 L=2.65 R=1.30 gap=-0.33 v=+0.24 w=-0.04 personLvl=0
[INFO] [1784749188.851662347] [yolo_navigator]: [PERSON] level=1 h=166px
[INFO] [1784749190.616583230] [yolo_navigator]: [STATUS] mode=FTG front=10.00 L=2.38 R=0.63 gap=+0.03 v=+0.23 w=-0.23 personLvl=1
[INFO] [1784749191.086752852] [yolo_navigator]: [PERSON] level=0 h=0px
[INFO] [1784749192.050954386] [yolo_navigator]: [ROTATE_OPEN] front=0.38 open=-1.45
[INFO] [1784749192.211138893] [yolo_navigator]: [PERSON] level=1 h=181px
[INFO] [1784749192.402560047] [yolo_navigator]: [REVERSE] front=0.31 dir=+1
[INFO] [1784749193.751202435] [yolo_navigator]: [FTG] gap=+0.03 W=2.15
[INFO] [1784749194.101747202] [yolo_navigator]: [PERSON] level=0 h=0px
[INFO] [1784749195.657782821] [yolo_navigator]: [STATUS] mode=FTG front=10.00 L=1.91 R=0.36 gap=-0.24 v=+0.29 w=+0.04 personLvl=0
[INFO] [1784749196.402540377] [yolo_navigator]: [PERSON] level=1 h=200px
[INFO] [1784749197.051618187] [yolo_navigator]: [PERSON] level=0 h=0px
[INFO] [1784749198.902662418] [yolo_navigator]: [PERSON] level=2 h=217px
[INFO] [1784749200.710507697] [yolo_navigator]: [STATUS] mode=FTG front=10.00 L=1.19 R=0.55 gap=+0.23 v=+0.10 w=+0.05 personLvl=2
[INFO] [1784749205.751506725] [yolo_navigator]: [STATUS] mode=FTG front=10.00 L=0.92 R=0.65 gap=+0.20 v=+0.10 w=+0.03 personLvl=2
[INFO] [1784749210.051765617] [yolo_navigator]: [PERSON] level=0 h=0px
[INFO] [1784749210.402037410] [yolo_navigator]: [PERSON] level=2 h=256px
[INFO] [1784749210.752219814] [yolo_navigator]: [PERSON] level=0 h=0px
[INFO] [1784749210.752993162] [yolo_navigator]: [STATUS] mode=FTG front=10.00 L=0.68 R=0.77 gap=+0.20 v=+0.30 w=+0.05 personLvl=0
[INFO] [1784749211.068919136] [yolo_navigator]: [PERSON] level=2 h=257px
[INFO] [1784749211.464573396] [yolo_navigator]: [PERSON] level=0 h=0px
[INFO] [1784749214.752445301] [yolo_navigator]: [PERSON] level=2 h=260px
[INFO] [1784749215.454189497] [yolo_navigator]: [PERSON] level=0 h=0px
[INFO] [1784749215.841156921] [yolo_navigator]: [STATUS] mode=FTG front=10.00 L=0.89 R=1.24 gap=-0.22 v=+0.29 w=-0.03 personLvl=0
[INFO] [1784749220.851953157] [yolo_navigator]: [STATUS] mode=FTG front=10.00 L=2.03 R=2.59 gap=-0.20 v=+0.30 w=-0.00 personLvl=0
[INFO] [1784749225.859498065] [yolo_navigator]: [STATUS] mode=FTG front=10.00 L=1.34 R=2.11 gap=-0.20 v=+0.30 w=+0.00 personLvl=0
[INFO] [1784749230.890639609] [yolo_navigator]: [STATUS] mode=FTG front=10.00 L=0.91 R=2.00 gap=-0.19 v=+0.31 w=+0.01 personLvl=0
[INFO] [1784749235.914289875] [yolo_navigator]: [STATUS] mode=FTG front=10.00 L=1.93 R=2.00 gap=-0.54 v=+0.14 w=-0.29 personLvl=0
[INFO] [1784749240.951844831] [yolo_navigator]: [STATUS] mode=FTG front=10.00 L=1.48 R=2.00 gap=-0.05 v=+0.37 w=+0.23 personLvl=0
[INFO] [1784749246.000447901] [yolo_navigator]: [STATUS] mode=FTG front=10.00 L=1.03 R=3.74 gap=+0.08 v=+0.36 w=+0.37 personLvl=0
[INFO] [1784749251.002147341] [yolo_navigator]: [STATUS] mode=FTG front=0.74 L=0.60 R=1.98 gap=-0.53 v=+0.15 w=-0.24 personLvl=0
[INFO] [1784749256.003032566] [yolo_navigator]: [STATUS] mode=FTG front=0.47 L=0.39 R=3.55 gap=-0.35 v=+0.09 w=-0.01 personLvl=0
[INFO] [1784749257.550297107] [yolo_navigator]: [ROTATE_OPEN] front=0.40 open=-1.43
[INFO] [1784749258.251708510] [yolo_navigator]: [FTG] gap=-0.34 W=2.76
[INFO] [1784749261.050431895] [yolo_navigator]: [STATUS] mode=FTG front=10.00 L=0.63 R=2.06 gap=-0.09 v=+0.35 w=+0.01 personLvl=0
[INFO] [1784749266.052011036] [yolo_navigator]: [STATUS] mode=FTG front=10.00 L=0.99 R=2.38 gap=-0.21 v=+0.30 w=+0.15 personLvl=0
[INFO] [1784749271.052703948] [yolo_navigator]: [STATUS] mode=FTG front=10.00 L=1.40 R=2.63 gap=-0.22 v=+0.29 w=+0.15 personLvl=0
[INFO] [1784749276.101572253] [yolo_navigator]: [STATUS] mode=FTG front=10.00 L=1.72 R=1.97 gap=-0.25 v=+0.28 w=+0.11 personLvl=0
[INFO] [1784749281.102196375] [yolo_navigator]: [STATUS] mode=FTG front=10.00 L=1.97 R=1.41 gap=+0.49 v=+0.17 w=+0.27 personLvl=0
[INFO] [1784749286.152199625] [yolo_navigator]: [STATUS] mode=FTG front=10.00 L=2.05 R=1.13 gap=+0.41 v=+0.20 w=+0.14 personLvl=0
[INFO] [1784749291.168962566] [yolo_navigator]: [STATUS] mode=FTG front=10.00 L=1.98 R=2.57 gap=-0.00 v=+0.40 w=+0.07 personLvl=0
[INFO] [1784749296.168779090] [yolo_navigator]: [STATUS] mode=FTG front=10.00 L=1.73 R=1.50 gap=-0.08 v=+0.36 w=-0.05 personLvl=0
[INFO] [1784749301.218838132] [yolo_navigator]: [STATUS] mode=FTG front=10.00 L=1.46 R=0.61 gap=-0.28 v=+0.26 w=-0.05 personLvl=0
[INFO] [1784749306.275563318] [yolo_navigator]: [STATUS] mode=FTG front=10.00 L=1.37 R=0.55 gap=-0.25 v=+0.28 w=-0.17 personLvl=0
[INFO] [1784749311.302103105] [yolo_navigator]: [STATUS] mode=FTG front=10.00 L=1.78 R=0.62 gap=-0.28 v=+0.26 w=-0.09 personLvl=0
[INFO] [1784749316.311092109] [yolo_navigator]: [STATUS] mode=FTG front=10.00 L=2.28 R=2.40 gap=-0.13 v=+0.34 w=+0.01 personLvl=0
[INFO] [1784749321.351309103] [yolo_navigator]: [STATUS] mode=FTG front=10.00 L=2.20 R=2.07 gap=-0.46 v=+0.18 w=-0.12 personLvl=0
[INFO] [1784749326.351689399] [yolo_navigator]: [STATUS] mode=FTG front=10.00 L=1.79 R=2.47 gap=-0.04 v=+0.38 w=+0.23 personLvl=0
[INFO] [1784749331.351267760] [yolo_navigator]: [STATUS] mode=FTG front=10.00 L=1.26 R=2.14 gap=-0.34 v=+0.24 w=-0.06 personLvl=0
[INFO] [1784749336.351608019] [yolo_navigator]: [STATUS] mode=FTG front=10.00 L=0.89 R=1.70 gap=-0.02 v=+0.39 w=+0.28 personLvl=0
[INFO] [1784749341.402084069] [yolo_navigator]: [STATUS] mode=FTG front=0.81 L=0.54 R=1.36 gap=-0.35 v=+0.23 w=-0.01 personLvl=0
[INFO] [1784749346.200931876] [yolo_navigator]: [ROTATE_OPEN] front=0.40 open=-1.06
[INFO] [1784749346.402210422] [yolo_navigator]: [STATUS] mode=ROTATE_OPEN front=0.39 L=0.36 R=1.18 gap=-0.35 v=+0.00 w=-1.00 personLvl=0
[INFO] [1784749347.001445429] [yolo_navigator]: [FTG] gap=-0.30 W=2.10
[INFO] [1784749351.451281721] [yolo_navigator]: [STATUS] mode=FTG front=0.47 L=0.31 R=2.34 gap=-0.14 v=+0.13 w=-0.37 personLvl=0
[INFO] [1784749351.750998093] [yolo_navigator]: [ROTATE_OPEN] front=0.38 open=-1.45
[INFO] [1784749352.350907555] [yolo_navigator]: [FTG] gap=-0.09 W=2.10
[INFO] [1784749356.452027636] [yolo_navigator]: [STATUS] mode=FTG front=10.00 L=0.50 R=1.85 gap=+0.40 v=+0.21 w=+0.02 personLvl=0
[INFO] [1784749361.501632195] [yolo_navigator]: [STATUS] mode=FTG front=10.00 L=0.56 R=1.27 gap=+0.47 v=+0.17 w=+0.04 personLvl=0
[INFO] [1784749366.551017139] [yolo_navigator]: [STATUS] mode=FTG front=0.63 L=0.61 R=0.66 gap=+0.51 v=+0.13 w=+0.06 personLvl=0
[INFO] [1784749368.553634988] [yolo_navigator]: [WEDGE] open=-1.45
[INFO] [1784749368.752114818] [yolo_navigator]: [FTG] gap=+0.55 W=1.97
[INFO] [1784749369.001443015] [yolo_navigator]: [WEDGE] open=-1.45
[INFO] [1784749369.401050529] [yolo_navigator]: [FTG] gap=+0.63 W=1.75
[INFO] [1784749369.550252461] [yolo_navigator]: [WEDGE] open=-1.45
[INFO] [1784749369.751833361] [yolo_navigator]: [FTG] gap=-1.47 W=6.72
[INFO] [1784749371.551618543] [yolo_navigator]: [STATUS] mode=FTG front=0.47 L=0.48 R=1.12 gap=-0.54 v=+0.06 w=-0.33 personLvl=0
[INFO] [1784749375.701545140] [yolo_navigator]: [ROTATE_OPEN] front=0.40 open=-0.30
[INFO] [1784749376.452201705] [yolo_navigator]: [FTG] gap=-0.25 W=3.08
[INFO] [1784749376.551995127] [yolo_navigator]: [STATUS] mode=FTG front=0.43 L=0.38 R=1.60 gap=-0.22 v=+0.08 w=-0.42 personLvl=0
[INFO] [1784749381.561628721] [yolo_navigator]: [STATUS] mode=FTG front=10.00 L=0.45 R=1.31 gap=-0.10 v=+0.35 w=+0.34 personLvl=0
[INFO] [1784749386.601338285] [yolo_navigator]: [STATUS] mode=FTG front=10.00 L=1.79 R=2.56 gap=+0.23 v=+0.29 w=-0.16 personLvl=0
[INFO] [1784749391.608852185] [yolo_navigator]: [STATUS] mode=FTG front=10.00 L=1.49 R=2.15 gap=+0.33 v=+0.24 w=-0.04 personLvl=0
[INFO] [1784749396.651880677] [yolo_navigator]: [STATUS] mode=FTG front=10.00 L=2.08 R=1.87 gap=+0.40 v=+0.21 w=+0.03 personLvl=0
[INFO] [1784749401.651533283] [yolo_navigator]: [STATUS] mode=FTG front=10.00 L=1.97 R=1.51 gap=+0.37 v=+0.22 w=+0.03 personLvl=0
[INFO] [1784749406.702257503] [yolo_navigator]: [STATUS] mode=FTG front=0.90 L=2.17 R=0.90 gap=+0.35 v=+0.23 w=+0.00 personLvl=0
[INFO] [1784749411.741668211] [yolo_navigator]: [STATUS] mode=FTG front=0.41 L=2.31 R=0.47 gap=+0.37 v=+0.05 w=+0.03 personLvl=0
[INFO] [1784749412.201198031] [yolo_navigator]: [ROTATE_OPEN] front=0.39 open=+0.40
[INFO] [1784749413.151319034] [yolo_navigator]: [FTG] gap=+0.23 W=6.94
[INFO] [1784749416.771424295] [yolo_navigator]: [STATUS] mode=FTG front=10.00 L=1.96 R=0.38 gap=-0.02 v=+0.39 w=+1.06 personLvl=0
[INFO] [1784749421.802337816] [yolo_navigator]: [STATUS] mode=FTG front=10.00 L=1.36 R=5.20 gap=-0.34 v=+0.24 w=+0.02 personLvl=0
[INFO] [1784749426.855444013] [yolo_navigator]: [STATUS] mode=FTG front=10.00 L=1.44 R=5.16 gap=+0.34 v=+0.24 w=-0.02 personLvl=0
[INFO] [1784749431.901107409] [yolo_navigator]: [STATUS] mode=FTG front=10.00 L=3.07 R=4.38 gap=+0.37 v=+0.22 w=+0.02 personLvl=0
[INFO] [1784749436.952053113] [yolo_navigator]: [STATUS] mode=FTG front=10.00 L=2.62 R=4.54 gap=-0.62 v=+0.10 w=-0.26 personLvl=0
[INFO] [1784749441.952250251] [yolo_navigator]: [STATUS] mode=FTG front=10.00 L=2.07 R=4.15 gap=-0.21 v=+0.30 w=+0.18 personLvl=0
[INFO] [1784749446.969096510] [yolo_navigator]: [STATUS] mode=FTG front=10.00 L=1.53 R=3.56 gap=-0.32 v=+0.25 w=+0.06 personLvl=0
[INFO] [1784749452.001443910] [yolo_navigator]: [STATUS] mode=FTG front=10.00 L=1.11 R=2.99 gap=-0.69 v=+0.10 w=-0.52 personLvl=0
[INFO] [1784749457.051186121] [yolo_navigator]: [STATUS] mode=FTG front=0.78 L=0.67 R=2.38 gap=-0.61 v=+0.11 w=-0.36 personLvl=0
[INFO] [1784749462.058531829] [yolo_navigator]: [STATUS] mode=FTG front=0.53 L=0.42 R=3.24 gap=-0.35 v=+0.13 w=-0.01 personLvl=0
[INFO] [1784749463.550493198] [yolo_navigator]: [ROTATE_OPEN] front=0.39 open=-1.45
[INFO] [1784749464.351274920] [yolo_navigator]: [FTG] gap=-0.22 W=1.82
[INFO] [1784749467.102402041] [yolo_navigator]: [STATUS] mode=FTG front=10.00 L=0.50 R=2.97 gap=+0.09 v=+0.36 w=-0.13 personLvl=0
[INFO] [1784749472.167791326] [yolo_navigator]: [STATUS] mode=FTG front=10.00 L=0.77 R=2.35 gap=+0.18 v=+0.31 w=+0.00 personLvl=0
[INFO] [1784749477.201865375] [yolo_navigator]: [STATUS] mode=FTG front=10.00 L=0.94 R=1.76 gap=+0.19 v=+0.31 w=+0.03 personLvl=0
[INFO] [1784749482.305688354] [yolo_navigator]: [STATUS] mode=FTG front=10.00 L=1.13 R=1.25 gap=+0.21 v=+0.30 w=+0.00 personLvl=0
[INFO] [1784749487.300712675] [yolo_navigator]: [STATUS] mode=FTG front=10.00 L=1.19 R=2.35 gap=-0.06 v=+0.37 w=-0.01 personLvl=0
[INFO] [1784749492.301189947] [yolo_navigator]: [STATUS] mode=FTG front=10.00 L=1.37 R=1.43 gap=-0.19 v=+0.31 w=-0.09 personLvl=0
[INFO] [1784749497.324822162] [yolo_navigator]: [STATUS] mode=FTG front=10.00 L=1.39 R=0.76 gap=-0.15 v=+0.33 w=-0.07 personLvl=0
[INFO] [1784749502.351959712] [yolo_navigator]: [STATUS] mode=FTG front=10.00 L=1.86 R=0.73 gap=-0.31 v=+0.25 w=-0.10 personLvl=0
[INFO] [1784749507.412600340] [yolo_navigator]: [STATUS] mode=FTG front=10.00 L=1.97 R=0.72 gap=-0.61 v=+0.11 w=-0.25 personLvl=0
[INFO] [1784749512.617192705] [yolo_navigator]: [STATUS] mode=FTG front=10.00 L=1.55 R=0.71 gap=-0.61 v=+0.11 w=-0.25 personLvl=0
[INFO] [1784749517.551073673] [yolo_navigator]: [STATUS] mode=FTG front=10.00 L=1.14 R=3.18 gap=-0.32 v=+0.25 w=-0.03 personLvl=0
[INFO] [1784749522.601435902] [yolo_navigator]: [STATUS] mode=FTG front=0.85 L=0.64 R=2.50 gap=-0.47 v=+0.17 w=-0.17 personLvl=0
[INFO] [1784749527.601121683] [yolo_navigator]: [STATUS] mode=FTG front=0.49 L=0.40 R=2.98 gap=-0.35 v=+0.10 w=-0.01 personLvl=0
[INFO] [1784749529.551187729] [yolo_navigator]: [ROTATE_OPEN] front=0.40 open=-1.26
[INFO] [1784749530.353592432] [yolo_navigator]: [FTG] gap=-0.32 W=3.15
[INFO] [1784749532.601692762] [yolo_navigator]: [STATUS] mode=FTG front=10.00 L=0.56 R=2.68 gap=+0.40 v=+0.21 w=+0.19 personLvl=0
[INFO] [1784749537.602053312] [yolo_navigator]: [STATUS] mode=FTG front=10.00 L=0.80 R=2.29 gap=+0.32 v=+0.25 w=-0.02 personLvl=0
[INFO] [1784749542.602320100] [yolo_navigator]: [STATUS] mode=FTG front=10.00 L=0.94 R=1.56 gap=+0.65 v=+0.10 w=+0.24 personLvl=0
[INFO] [1784749547.651745129] [yolo_navigator]: [STATUS] mode=FTG front=0.70 L=0.61 R=1.09 gap=-0.85 v=+0.10 w=-0.55 personLvl=0
[INFO] [1784749552.664822830] [yolo_navigator]: [STATUS] mode=FTG front=0.45 L=0.39 R=1.05 gap=-0.35 v=+0.08 w=-0.02 personLvl=0
[INFO] [1784749554.000291129] [yolo_navigator]: [ROTATE_OPEN] front=0.39 open=-0.66
[INFO] [1784749554.850326399] [yolo_navigator]: [FTG] gap=-0.26 W=1.35
[INFO] [1784749557.701526920] [yolo_navigator]: [STATUS] mode=FTG front=10.00 L=0.42 R=0.85 gap=-0.01 v=+0.39 w=+0.11 personLvl=0
[INFO] [1784749562.753403906] [yolo_navigator]: [STATUS] mode=FTG front=1.12 L=0.38 R=0.57 gap=-0.54 v=+0.14 w=-0.58 personLvl=0
[INFO] [1784749567.801035111] [yolo_navigator]: [STATUS] mode=FTG front=10.00 L=0.76 R=0.62 gap=-0.52 v=+0.15 w=-0.31 personLvl=0
[INFO] [1784749572.802043697] [yolo_navigator]: [STATUS] mode=FTG front=10.00 L=1.53 R=0.90 gap=-0.28 v=+0.26 w=-0.02 personLvl=0
[INFO] [1784749577.863710599] [yolo_navigator]: [STATUS] mode=FTG front=10.00 L=1.65 R=1.99 gap=-0.66 v=+0.10 w=-0.45 personLvl=0
[INFO] [1784749582.871736829] [yolo_navigator]: [STATUS] mode=FTG front=10.00 L=1.18 R=1.44 gap=-0.32 v=+0.25 w=-0.03 personLvl=0
[INFO] [1784749587.902766013] [yolo_navigator]: [STATUS] mode=FTG front=0.87 L=0.73 R=1.09 gap=-0.60 v=+0.11 w=-0.33 personLvl=0
[INFO] [1784749592.955866785] [yolo_navigator]: [STATUS] mode=FTG front=0.68 L=0.48 R=1.02 gap=-0.35 v=+0.22 w=-0.01 personLvl=0
[INFO] [1784749596.801611377] [yolo_navigator]: [ROTATE_OPEN] front=0.40 open=-0.86
[INFO] [1784749597.550490790] [yolo_navigator]: [FTG] gap=-0.32 W=2.27
[INFO] [1784749597.964545324] [yolo_navigator]: [STATUS] mode=FTG front=0.70 L=0.37 R=1.08 gap=-0.16 v=+0.32 w=-0.04 personLvl=0
[INFO] [1784749603.002368003] [yolo_navigator]: [STATUS] mode=FTG front=10.00 L=0.69 R=0.97 gap=+0.03 v=+0.39 w=-0.41 personLvl=0
[INFO] [1784749608.002059880] [yolo_navigator]: [STATUS] mode=FTG front=10.00 L=1.78 R=3.79 gap=+0.37 v=+0.22 w=+0.02 personLvl=0
[INFO] [1784749613.051003305] [yolo_navigator]: [STATUS] mode=FTG front=10.00 L=2.06 R=2.25 gap=+0.31 v=+0.25 w=+0.71 personLvl=0
[INFO] [1784749614.252154076] [yolo_navigator]: [PERSON] level=1 h=146px
[INFO] [1784749618.052397848] [yolo_navigator]: [STATUS] mode=FTG front=10.00 L=1.69 R=1.67 gap=+0.08 v=+0.21 w=-0.29 personLvl=1
[INFO] [1784749623.075381669] [yolo_navigator]: [STATUS] mode=FTG front=10.00 L=1.88 R=1.28 gap=-0.15 v=+0.18 w=+0.23 personLvl=1
[INFO] [1784749628.104736790] [yolo_navigator]: [STATUS] mode=FTG front=10.00 L=2.00 R=0.91 gap=-0.17 v=+0.17 w=+0.21 personLvl=1
[INFO] [1784749631.056322890] [yolo_navigator]: [PERSON] level=2 h=202px
[INFO] [1784749633.151419977] [yolo_navigator]: [STATUS] mode=FTG front=10.00 L=2.05 R=0.66 gap=+0.15 v=+0.10 w=-0.20 personLvl=2
[INFO] [1784749638.168459755] [yolo_navigator]: [STATUS] mode=FTG front=10.00 L=2.18 R=0.57 gap=-0.16 v=+0.10 w=+0.23 personLvl=2
[INFO] [1784749643.202236201] [yolo_navigator]: [STATUS] mode=FTG front=10.00 L=2.18 R=0.73 gap=+0.17 v=+0.10 w=-0.18 personLvl=2
[INFO] [1784749648.202277668] [yolo_navigator]: [STATUS] mode=FTG front=10.00 L=2.35 R=0.89 gap=+0.25 v=+0.10 w=-0.04 personLvl=2
[INFO] [1784749653.251982637] [yolo_navigator]: [STATUS] mode=FTG front=10.00 L=2.47 R=1.05 gap=+0.33 v=+0.10 w=+0.02 personLvl=2
[INFO] [1784749658.253227954] [yolo_navigator]: [STATUS] mode=FTG front=10.00 L=2.53 R=1.22 gap=+0.33 v=+0.10 w=+0.02 personLvl=2
[INFO] [1784749663.302429239] [yolo_navigator]: [STATUS] mode=FTG front=10.00 L=2.46 R=1.62 gap=+0.35 v=+0.10 w=+0.08 personLvl=2
[INFO] [1784749664.701673293] [yolo_navigator]: [PERSON] level=0 h=0px
[INFO] [1784749668.352062926] [yolo_navigator]: [STATUS] mode=FTG front=10.00 L=2.47 R=2.26 gap=+0.30 v=+0.25 w=+0.01 personLvl=0
[INFO] [1784749673.422312544] [yolo_navigator]: [STATUS] mode=FTG front=10.00 L=2.54 R=1.62 gap=+0.31 v=+0.25 w=+0.00 personLvl=0
[INFO] [1784749678.451631152] [yolo_navigator]: [STATUS] mode=FTG front=10.00 L=2.59 R=0.95 gap=+0.33 v=+0.24 w=+0.02 personLvl=0
[INFO] [1784749683.451858493] [yolo_navigator]: [STATUS] mode=FTG front=10.00 L=2.62 R=0.54 gap=+0.32 v=+0.24 w=-0.01 personLvl=0
[INFO] [1784749688.502456386] [yolo_navigator]: [STATUS] mode=FTG front=10.00 L=2.63 R=2.54 gap=+0.33 v=+0.24 w=+0.59 personLvl=0
[INFO] [1784749693.503775312] [yolo_navigator]: [STATUS] mode=FTG front=10.00 L=2.33 R=2.46 gap=+0.21 v=+0.30 w=+0.53 personLvl=0
[INFO] [1784749698.552420646] [yolo_navigator]: [STATUS] mode=FTG front=10.00 L=1.86 R=1.87 gap=-0.58 v=+0.12 w=-0.71 personLvl=0
[INFO] [1784749703.609925452] [yolo_navigator]: [STATUS] mode=FTG front=10.00 L=1.49 R=1.38 gap=+0.02 v=+0.39 w=+0.33 personLvl=0
[INFO] [1784749708.653154534] [yolo_navigator]: [STATUS] mode=FTG front=10.00 L=0.99 R=1.25 gap=-0.38 v=+0.22 w=-0.10 personLvl=0
[INFO] [1784749713.702702973] [yolo_navigator]: [STATUS] mode=FTG front=0.75 L=0.61 R=2.13 gap=-0.46 v=+0.18 w=-0.17 personLvl=0
[INFO] [1784749718.751579470] [yolo_navigator]: [STATUS] mode=FTG front=0.48 L=0.41 R=2.75 gap=-0.35 v=+0.10 w=-0.02 personLvl=0
[INFO] [1784749721.051669045] [yolo_navigator]: [ROTATE_OPEN] front=0.39 open=-1.45
[INFO] [1784749721.851366229] [yolo_navigator]: [FTG] gap=-0.31 W=1.26
[INFO] [1784749723.752031485] [yolo_navigator]: [STATUS] mode=FTG front=10.00 L=0.41 R=1.49 gap=+0.14 v=+0.33 w=-0.33 personLvl=0
[INFO] [1784749728.758974334] [yolo_navigator]: [STATUS] mode=FTG front=10.00 L=0.72 R=1.31 gap=-0.25 v=+0.28 w=-0.08 personLvl=0
[INFO] [1784749733.802461504] [yolo_navigator]: [STATUS] mode=FTG front=10.00 L=1.32 R=1.33 gap=-0.36 v=+0.23 w=-0.09 personLvl=0
[INFO] [1784749738.859772764] [yolo_navigator]: [STATUS] mode=FTG front=10.00 L=1.96 R=1.97 gap=-0.23 v=+0.29 w=+0.03 personLvl=0
[INFO] [1784749743.883539011] [yolo_navigator]: [STATUS] mode=FTG front=10.00 L=1.90 R=2.79 gap=-0.63 v=+0.10 w=-0.33 personLvl=0
[INFO] [1784749748.913333243] [yolo_navigator]: [STATUS] mode=FTG front=10.00 L=1.58 R=2.73 gap=-0.05 v=+0.38 w=+0.23 personLvl=0
[INFO] [1784749753.923589045] [yolo_navigator]: [STATUS] mode=FTG front=10.00 L=1.18 R=2.79 gap=-0.32 v=+0.25 w=-0.03 personLvl=0
[INFO] [1784749758.933536781] [yolo_navigator]: [STATUS] mode=FTG front=1.13 L=0.82 R=2.35 gap=-0.07 v=+0.36 w=+0.22 personLvl=0
[INFO] [1784749763.952728270] [yolo_navigator]: [STATUS] mode=FTG front=0.85 L=0.56 R=2.02 gap=-0.35 v=+0.23 w=-0.01 personLvl=0
[INFO] [1784749769.002731678] [yolo_navigator]: [STATUS] mode=FTG front=0.43 L=0.38 R=1.76 gap=-0.35 v=+0.07 w=-0.01 personLvl=0
[INFO] [1784749770.151693828] [yolo_navigator]: [ROTATE_OPEN] front=0.40 open=-1.38
[INFO] [1784749770.901160549] [yolo_navigator]: [FTG] gap=-0.34 W=2.74
[INFO] [1784749774.011446214] [yolo_navigator]: [STATUS] mode=FTG front=10.00 L=0.36 R=1.30 gap=+0.01 v=+0.39 w=+0.09 personLvl=0
[INFO] [1784749777.501882270] [yolo_navigator]: [ROTATE_OPEN] front=0.38 open=-0.87
[INFO] [1784749778.101446830] [yolo_navigator]: [REVERSE] front=0.31 dir=-1
[INFO] [1784749778.501576733] [yolo_navigator]: [FTG] gap=-0.02 W=2.23
[INFO] [1784749779.050764974] [yolo_navigator]: [STATUS] mode=FTG front=10.00 L=0.30 R=0.98 gap=+0.10 v=+0.35 w=+0.22 personLvl=0
[INFO] [1784749784.052217925] [yolo_navigator]: [STATUS] mode=FTG front=10.00 L=0.52 R=0.76 gap=-0.50 v=+0.16 w=-0.14 personLvl=0
[INFO] [1784749789.053413589] [yolo_navigator]: [STATUS] mode=FTG front=10.00 L=0.83 R=0.75 gap=-0.27 v=+0.27 w=+0.13 personLvl=0
[INFO] [1784749794.102235823] [yolo_navigator]: [STATUS] mode=FTG front=10.00 L=1.24 R=3.26 gap=-0.38 v=+0.22 w=-0.02 personLvl=0
[INFO] [1784749799.151125290] [yolo_navigator]: [STATUS] mode=FTG front=0.84 L=0.81 R=2.98 gap=-0.34 v=+0.24 w=-0.00 personLvl=0
[INFO] [1784749804.205338068] [yolo_navigator]: [STATUS] mode=FTG front=0.41 L=0.46 R=2.57 gap=-0.35 v=+0.05 w=-0.01 personLvl=0
[INFO] [1784749804.677991681] [yolo_navigator]: [ROTATE_OPEN] front=0.40 open=-0.45
[INFO] [1784749805.701065523] [yolo_navigator]: [FTG] gap=-0.26 W=13.27
[INFO] [1784749807.251692125] [yolo_navigator]: [ROTATE_OPEN] front=0.39 open=-0.16
[INFO] [1784749807.640381144] [yolo_navigator]: [REVERSE] front=0.30 dir=-1
[INFO] [1784749808.651487046] [yolo_navigator]: [FTG] gap=-0.02 W=1.98
[INFO] [1784749809.206621370] [yolo_navigator]: [STATUS] mode=FTG front=10.00 L=0.34 R=3.14 gap=-0.08 v=+0.36 w=-0.86 personLvl=0
[INFO] [1784749810.394104173] [yolo_navigator]: [PERSON] level=1 h=130px
[INFO] [1784749814.251788323] [yolo_navigator]: [STATUS] mode=FTG front=10.00 L=2.00 R=1.33 gap=-0.01 v=+0.25 w=+0.33 personLvl=1
[INFO] [1784749819.278637791] [yolo_navigator]: [STATUS] mode=FTG front=10.00 L=1.96 R=2.08 gap=+0.04 v=+0.23 w=-0.41 personLvl=1
[INFO] [1784749824.301686345] [yolo_navigator]: [STATUS] mode=FTG front=10.00 L=2.86 R=1.66 gap=-0.09 v=+0.21 w=+0.19 personLvl=1
[INFO] [1784749829.352844049] [yolo_navigator]: [STATUS] mode=FTG front=10.00 L=2.47 R=1.33 gap=-0.14 v=+0.18 w=+0.08 personLvl=1
[INFO] [1784749833.901999643] [yolo_navigator]: [PERSON] level=2 h=202px
[INFO] [1784749834.401214513] [yolo_navigator]: [STATUS] mode=FTG front=10.00 L=2.11 R=1.00 gap=-0.18 v=+0.10 w=-0.02 personLvl=2
[INFO] [1784749839.401700454] [yolo_navigator]: [STATUS] mode=FTG front=10.00 L=1.97 R=0.85 gap=-0.18 v=+0.10 w=-0.04 personLvl=2
[INFO] [1784749839.802323778] [yolo_navigator]: [PERSON] level=0 h=0px
[INFO] [1784749844.402381814] [yolo_navigator]: [STATUS] mode=FTG front=10.00 L=1.67 R=0.41 gap=-0.22 v=+0.29 w=-0.16 personLvl=0
[INFO] [1784749849.489086863] [yolo_navigator]: [STATUS] mode=FTG front=10.00 L=1.61 R=0.56 gap=-0.15 v=+0.33 w=-0.08 personLvl=0
[INFO] [1784749854.451647451] [yolo_navigator]: [STATUS] mode=FTG front=10.00 L=2.37 R=1.01 gap=+0.16 v=+0.32 w=-0.01 personLvl=0
[INFO] [1784749859.474987084] [yolo_navigator]: [STATUS] mode=FTG front=10.00 L=1.88 R=1.46 gap=+0.78 v=+0.10 w=+0.47 personLvl=0
[INFO] [1784749864.501979270] [yolo_navigator]: [STATUS] mode=FTG front=10.00 L=1.59 R=3.05 gap=+0.60 v=+0.11 w=+0.22 personLvl=0
[INFO] [1784749869.505923437] [yolo_navigator]: [STATUS] mode=FTG front=10.00 L=1.30 R=2.73 gap=+0.57 v=+0.13 w=+0.21 personLvl=0
[INFO] [1784749874.552575801] [yolo_navigator]: [STATUS] mode=FTG front=10.00 L=1.17 R=2.46 gap=-0.09 v=+0.36 w=-0.36 personLvl=0
[INFO] [1784749879.603206917] [yolo_navigator]: [STATUS] mode=FTG front=10.00 L=4.03 R=2.05 gap=+0.61 v=+0.11 w=+0.38 personLvl=0
[INFO] [1784749884.651096121] [yolo_navigator]: [STATUS] mode=FTG front=10.00 L=3.89 R=1.69 gap=-0.00 v=+0.40 w=-0.28 personLvl=0
[INFO] [1784749889.651207529] [yolo_navigator]: [STATUS] mode=FTG front=10.00 L=3.73 R=1.28 gap=+0.30 v=+0.26 w=+0.01 personLvl=0
[INFO] [1784749894.652374800] [yolo_navigator]: [STATUS] mode=FTG front=1.11 L=2.40 R=0.87 gap=+0.58 v=+0.12 w=+0.31 personLvl=0
[INFO] [1784749899.677515353] [yolo_navigator]: [STATUS] mode=FTG front=0.75 L=3.14 R=0.54 gap=+0.41 v=+0.21 w=+0.08 personLvl=0
[INFO] [1784749904.701988287] [yolo_navigator]: [STATUS] mode=FTG front=0.43 L=3.19 R=0.38 gap=+0.35 v=+0.07 w=+0.01 personLvl=0
[INFO] [1784749905.800726747] [yolo_navigator]: [ROTATE_OPEN] front=0.40 open=+1.03
[INFO] [1784749906.551832145] [yolo_navigator]: [FTG] gap=+0.34 W=2.77
[INFO] [1784749908.052141133] [yolo_navigator]: [PERSON] level=1 h=163px
[INFO] [1784749909.751722646] [yolo_navigator]: [STATUS] mode=FTG front=10.00 L=2.87 R=0.51 gap=+0.04 v=+0.23 w=-0.36 personLvl=1
[INFO] [1784749914.831143313] [yolo_navigator]: [STATUS] mode=FTG front=10.00 L=2.53 R=0.54 gap=-0.09 v=+0.21 w=+0.22 personLvl=1
[INFO] [1784749918.869370925] [yolo_navigator]: [PERSON] level=2 h=202px
[INFO] [1784749919.827441601] [yolo_navigator]: [STATUS] mode=FTG front=10.00 L=2.22 R=0.62 gap=-0.10 v=+0.10 w=+0.20 personLvl=2
[INFO] [1784749924.886562937] [yolo_navigator]: [STATUS] mode=FTG front=10.00 L=2.09 R=0.67 gap=+0.11 v=+0.10 w=-0.28 personLvl=2
[INFO] [1784749929.902324187] [yolo_navigator]: [STATUS] mode=FTG front=10.00 L=1.98 R=0.70 gap=+0.13 v=+0.10 w=-0.26 personLvl=2
[INFO] [1784749934.902734315] [yolo_navigator]: [STATUS] mode=FTG front=10.00 L=1.90 R=0.72 gap=-0.13 v=+0.10 w=+0.18 personLvl=2
[INFO] [1784749939.962601790] [yolo_navigator]: [STATUS] mode=FTG front=10.00 L=1.85 R=0.75 gap=-0.12 v=+0.10 w=+0.17 personLvl=2
[INFO] [1784749945.002486732] [yolo_navigator]: [STATUS] mode=FTG front=10.00 L=1.83 R=0.80 gap=+0.15 v=+0.10 w=-0.24 personLvl=2
[INFO] [1784749950.003022586] [yolo_navigator]: [STATUS] mode=FTG front=10.00 L=1.98 R=0.83 gap=+0.17 v=+0.10 w=-0.22 personLvl=2
[INFO] [1784749955.067415567] [yolo_navigator]: [STATUS] mode=FTG front=10.00 L=2.21 R=0.85 gap=-0.14 v=+0.10 w=+0.17 personLvl=2
[INFO] [1784749958.712566929] [yolo_navigator]: [PERSON] level=0 h=0px
[INFO] [1784749960.102029099] [yolo_navigator]: [STATUS] mode=FTG front=10.00 L=2.48 R=0.81 gap=+0.11 v=+0.35 w=+0.01 personLvl=0
[INFO] [1784749965.111134227] [yolo_navigator]: [STATUS] mode=FTG front=10.00 L=1.62 R=0.77 gap=+0.10 v=+0.35 w=+0.05 personLvl=0
[INFO] [1784749970.151145066] [yolo_navigator]: [STATUS] mode=FTG front=10.00 L=0.83 R=0.81 gap=+0.13 v=+0.34 w=+0.08 personLvl=0
[INFO] [1784749975.151362529] [yolo_navigator]: [STATUS] mode=FTG front=10.00 L=0.53 R=0.99 gap=+0.02 v=+0.39 w=+0.01 personLvl=0
[INFO] [1784749980.166541696] [yolo_navigator]: [STATUS] mode=FTG front=10.00 L=1.91 R=1.11 gap=+0.31 v=+0.25 w=+0.08 personLvl=0
[INFO] [1784749985.212768219] [yolo_navigator]: [STATUS] mode=FTG front=10.00 L=1.50 R=1.36 gap=+0.21 v=+0.30 w=+0.01 personLvl=0
[INFO] [1784749989.551149934] [yolo_navigator]: [WEDGE] open=+0.73
[INFO] [1784749989.602086707] [yolo_navigator]: [FTG] gap=+0.91 W=2.55
[INFO] [1784749990.251533935] [yolo_navigator]: [STATUS] mode=FTG front=10.00 L=1.30 R=1.42 gap=+0.92 v=+0.10 w=+0.56 personLvl=0
[INFO] [1784749990.600516053] [yolo_navigator]: [WEDGE] open=+0.68
[INFO] [1784749990.951783502] [yolo_navigator]: [FTG] gap=+0.56 W=0.56
[INFO] [1784749991.051357186] [yolo_navigator]: [WEDGE] open=+1.45
[INFO] [1784749991.106147791] [yolo_navigator]: [FTG] gap=+0.53 W=0.58
[INFO] [1784749991.201256373] [yolo_navigator]: [WEDGE] open=+1.41
[INFO] [1784749991.451600845] [yolo_navigator]: [FTG] gap=+1.40 W=9.29
[INFO] [1784749993.250628491] [yolo_navigator]: [WEDGE] open=+1.45
[INFO] [1784749993.951625103] [yolo_navigator]: [FTG] gap=-0.15 W=3.83
[INFO] [1784749995.302021437] [yolo_navigator]: [STATUS] mode=FTG front=0.88 L=0.79 R=1.08 gap=-0.24 v=+0.28 w=-0.58 personLvl=0
[INFO] [1784749995.751823681] [yolo_navigator]: [WEDGE] open=+0.37
[INFO] [1784749996.401422856] [yolo_navigator]: [FTG] gap=+0.48 W=0.69
[INFO] [1784750000.351957287] [yolo_navigator]: [STATUS] mode=FTG front=0.79 L=0.40 R=0.62 gap=+0.51 v=+0.16 w=+0.22 personLvl=0
[INFO] [1784750005.433396687] [yolo_navigator]: [STATUS] mode=FTG front=0.51 L=0.71 R=0.40 gap=+0.35 v=+0.11 w=+0.01 personLvl=0
[INFO] [1784750007.668189832] [yolo_navigator]: [ROTATE_OPEN] front=0.40 open=+0.98
[INFO] [1784750008.356716627] [yolo_navigator]: [FTG] gap=+0.35 W=2.89
[INFO] [1784750010.453095803] [yolo_navigator]: [STATUS] mode=FTG front=0.56 L=0.81 R=0.34 gap=+0.16 v=+0.21 w=-0.05 personLvl=0
[INFO] [1784750010.901316246] [yolo_navigator]: [ROTATE_OPEN] front=0.39 open=+0.96
[INFO] [1784750011.350307087] [yolo_navigator]: [REVERSE] front=0.31 dir=+1
[INFO] [1784750011.901551405] [yolo_navigator]: [FTG] gap=+0.09 W=2.02
[INFO] [1784750015.502243492] [yolo_navigator]: [STATUS] mode=FTG front=10.00 L=0.73 R=0.51 gap=-0.17 v=+0.32 w=-0.05 personLvl=0
[INFO] [1784750020.502366373] [yolo_navigator]: [STATUS] mode=FTG front=10.00 L=2.68 R=0.73 gap=-0.19 v=+0.31 w=-0.00 personLvl=0
[INFO] [1784750025.505878591] [yolo_navigator]: [STATUS] mode=FTG front=10.00 L=2.12 R=0.95 gap=-0.20 v=+0.30 w=-0.01 personLvl=0
[INFO] [1784750030.566738251] [yolo_navigator]: [STATUS] mode=FTG front=10.00 L=2.16 R=1.03 gap=+0.07 v=+0.37 w=+0.00 personLvl=0
[INFO] [1784750035.613373393] [yolo_navigator]: [STATUS] mode=FTG front=10.00 L=1.51 R=1.07 gap=+0.14 v=+0.33 w=+0.02 personLvl=0
[INFO] [1784750040.651932316] [yolo_navigator]: [STATUS] mode=FTG front=10.00 L=1.01 R=1.16 gap=+0.25 v=+0.28 w=+0.03 personLvl=0
[INFO] [1784750045.711805361] [yolo_navigator]: [STATUS] mode=FTG front=10.00 L=0.75 R=1.20 gap=+0.53 v=+0.15 w=+0.28 personLvl=0
[INFO] [1784750050.753052404] [yolo_navigator]: [STATUS] mode=FTG front=10.00 L=0.98 R=1.43 gap=+0.35 v=+0.23 w=+0.05 personLvl=0
[INFO] [1784750055.855916578] [yolo_navigator]: [STATUS] mode=FTG front=10.00 L=2.06 R=1.63 gap=+0.15 v=+0.33 w=-0.03 personLvl=0
[INFO] [1784750060.852625741] [yolo_navigator]: [STATUS] mode=FTG front=10.00 L=1.36 R=1.32 gap=+0.34 v=+0.24 w=+0.06 personLvl=0
[INFO] [1784750065.871009250] [yolo_navigator]: [STATUS] mode=FTG front=10.00 L=3.88 R=0.99 gap=+0.40 v=+0.21 w=+0.09 personLvl=0
[INFO] [1784750070.910901684] [yolo_navigator]: [STATUS] mode=FTG front=0.76 L=2.22 R=0.60 gap=+0.49 v=+0.17 w=+0.19 personLvl=0
[INFO] [1784750075.951633677] [yolo_navigator]: [STATUS] mode=FTG front=0.87 L=2.71 R=0.36 gap=+0.35 v=+0.23 w=+0.01 personLvl=0
[INFO] [1784750080.952534005] [yolo_navigator]: [STATUS] mode=FTG front=0.44 L=1.97 R=0.53 gap=+0.37 v=+0.07 w=+0.03 personLvl=0
[INFO] [1784750082.450353676] [yolo_navigator]: [ROTATE_OPEN] front=0.39 open=+0.87
[INFO] [1784750084.300875354] [yolo_navigator]: [FTG] gap=+0.04 W=6.27
[INFO] [1784750086.045204891] [yolo_navigator]: [STATUS] mode=FTG front=10.00 L=1.95 R=0.58 gap=-0.02 v=+0.39 w=+0.43 personLvl=0
[INFO] [1784750091.039912420] [yolo_navigator]: [STATUS] mode=FTG front=10.00 L=1.76 R=2.06 gap=+0.22 v=+0.29 w=+0.56 personLvl=0
[INFO] [1784750096.051410080] [yolo_navigator]: [STATUS] mode=FTG front=10.00 L=1.24 R=1.62 gap=-0.22 v=+0.29 w=-0.02 personLvl=0
[INFO] [1784750101.073737990] [yolo_navigator]: [STATUS] mode=FTG front=10.00 L=0.79 R=1.34 gap=-0.23 v=+0.29 w=-0.03 personLvl=0
[INFO] [1784750106.102713344] [yolo_navigator]: [STATUS] mode=FTG front=10.00 L=1.35 R=1.05 gap=-0.23 v=+0.29 w=+0.00 personLvl=0
[INFO] [1784750111.151986113] [yolo_navigator]: [STATUS] mode=FTG front=10.00 L=1.48 R=0.97 gap=+0.19 v=+0.31 w=-0.07 personLvl=0
[INFO] [1784750116.160132463] [yolo_navigator]: [STATUS] mode=FTG front=10.00 L=1.18 R=1.68 gap=+0.27 v=+0.27 w=+0.05 personLvl=0
[INFO] [1784750121.201963473] [yolo_navigator]: [STATUS] mode=FTG front=10.00 L=1.01 R=2.78 gap=+0.18 v=+0.32 w=+0.00 personLvl=0
[INFO] [1784750126.251897554] [yolo_navigator]: [STATUS] mode=FTG front=10.00 L=0.73 R=2.21 gap=-0.16 v=+0.32 w=-0.02 personLvl=0
[INFO] [1784750131.254197996] [yolo_navigator]: [STATUS] mode=FTG front=10.00 L=2.58 R=1.68 gap=-0.19 v=+0.31 w=-0.06 personLvl=0
[INFO] [1784750136.322283680] [yolo_navigator]: [STATUS] mode=FTG front=10.00 L=2.84 R=1.17 gap=-0.28 v=+0.27 w=-0.25 personLvl=0
[INFO] [1784750141.352173421] [yolo_navigator]: [STATUS] mode=FTG front=10.00 L=2.41 R=0.79 gap=-0.16 v=+0.32 w=-0.05 personLvl=0
[INFO] [1784750144.302437999] [yolo_navigator]: [WEDGE] open=-0.44
[INFO] [1784750144.900420208] [yolo_navigator]: [FTG] gap=+1.34 W=1.93
[INFO] [1784750145.601157967] [yolo_navigator]: [WEDGE] open=-0.26
[INFO] [1784750145.855171756] [yolo_navigator]: [FTG] gap=+1.44 W=1.93
[INFO] [1784750146.401636505] [yolo_navigator]: [STATUS] mode=FTG front=10.00 L=2.26 R=0.62 gap=-0.64 v=+0.10 w=-0.32 personLvl=0
[INFO] [1784750151.452263687] [yolo_navigator]: [STATUS] mode=FTG front=10.00 L=3.11 R=0.62 gap=-0.43 v=+0.19 w=-0.05 personLvl=0
[INFO] [1784750156.501736320] [yolo_navigator]: [STATUS] mode=FTG front=10.00 L=2.77 R=0.64 gap=-0.52 v=+0.15 w=-0.28 personLvl=0
[INFO] [1784750161.502680685] [yolo_navigator]: [STATUS] mode=FTG front=10.00 L=2.47 R=0.65 gap=+0.13 v=+0.34 w=+0.40 personLvl=0
[INFO] [1784750166.551379092] [yolo_navigator]: [STATUS] mode=FTG front=10.00 L=2.07 R=4.37 gap=-0.63 v=+0.10 w=-0.41 personLvl=0
[INFO] [1784750171.552099611] [yolo_navigator]: [STATUS] mode=FTG front=10.00 L=1.73 R=4.14 gap=-0.00 v=+0.40 w=+0.28 personLvl=0
[INFO] [1784750176.552279613] [yolo_navigator]: [STATUS] mode=FTG front=10.00 L=1.30 R=3.60 gap=-0.37 v=+0.22 w=-0.11 personLvl=0
[INFO] [1784750181.603092123] [yolo_navigator]: [STATUS] mode=FTG front=10.00 L=0.90 R=2.83 gap=-0.08 v=+0.36 w=+0.10 personLvl=0
[INFO] [1784750186.652818957] [yolo_navigator]: [STATUS] mode=FTG front=0.91 L=0.61 R=3.52 gap=-0.39 v=+0.21 w=-0.06 personLvl=0
[INFO] [1784750191.666486581] [yolo_navigator]: [STATUS] mode=FTG front=0.49 L=0.40 R=3.39 gap=-0.35 v=+0.11 w=-0.01 personLvl=0
[INFO] [1784750194.051435301] [yolo_navigator]: [ROTATE_OPEN] front=0.40 open=-1.13
[INFO] [1784750194.851687722] [yolo_navigator]: [FTG] gap=-0.32 W=2.36
[INFO] [1784750196.704254288] [yolo_navigator]: [STATUS] mode=FTG front=10.00 L=0.44 R=3.22 gap=-0.05 v=+0.38 w=-0.52 personLvl=0
[INFO] [1784750201.759714794] [yolo_navigator]: [STATUS] mode=FTG front=10.00 L=0.87 R=2.59 gap=+0.40 v=+0.21 w=+0.22 personLvl=0
[INFO] [1784750206.751956564] [yolo_navigator]: [STATUS] mode=FTG front=10.00 L=1.10 R=2.19 gap=+0.18 v=+0.31 w=-0.22 personLvl=0
[INFO] [1784750211.752149979] [yolo_navigator]: [STATUS] mode=FTG front=10.00 L=1.25 R=1.92 gap=+0.30 v=+0.25 w=+0.06 personLvl=0
[INFO] [1784750216.751980542] [yolo_navigator]: [STATUS] mode=FTG front=10.00 L=1.62 R=1.81 gap=+0.53 v=+0.15 w=+0.35 personLvl=0
[INFO] [1784750221.806192811] [yolo_navigator]: [STATUS] mode=FTG front=10.00 L=1.42 R=1.95 gap=-0.05 v=+0.38 w=-0.03 personLvl=0
[INFO] [1784750226.851551679] [yolo_navigator]: [STATUS] mode=FTG front=10.00 L=1.35 R=1.11 gap=-0.06 v=+0.37 w=-0.04 personLvl=0
[INFO] [1784750231.875175984] [yolo_navigator]: [STATUS] mode=FTG front=10.00 L=1.32 R=0.63 gap=-0.15 v=+0.33 w=-0.01 personLvl=0
[INFO] [1784750236.901441228] [yolo_navigator]: [STATUS] mode=FTG front=10.00 L=1.45 R=0.51 gap=-0.40 v=+0.21 w=-0.29 personLvl=0
[INFO] [1784750241.923147660] [yolo_navigator]: [STATUS] mode=FTG front=10.00 L=1.99 R=1.20 gap=-0.18 v=+0.31 w=+0.01 personLvl=0
[INFO] [1784750246.951613867] [yolo_navigator]: [STATUS] mode=FTG front=10.00 L=2.44 R=2.26 gap=-0.22 v=+0.30 w=-0.01 personLvl=0
[INFO] [1784750251.952380043] [yolo_navigator]: [STATUS] mode=FTG front=10.00 L=2.08 R=2.12 gap=+0.03 v=+0.39 w=+0.29 personLvl=0
[INFO] [1784750257.053603326] [yolo_navigator]: [STATUS] mode=FTG front=10.00 L=1.62 R=2.58 gap=-0.52 v=+0.15 w=-0.17 personLvl=0
[INFO] [1784750262.054728979] [yolo_navigator]: [STATUS] mode=FTG front=10.00 L=1.23 R=2.10 gap=-0.32 v=+0.24 w=-0.04 personLvl=0
[INFO] [1784750267.068412819] [yolo_navigator]: [STATUS] mode=FTG front=10.00 L=0.88 R=1.69 gap=-0.05 v=+0.38 w=+0.25 personLvl=0
[INFO] [1784750272.105489615] [yolo_navigator]: [STATUS] mode=FTG front=0.85 L=0.57 R=1.39 gap=-0.37 v=+0.22 w=-0.04 personLvl=0
[INFO] [1784750277.151618903] [yolo_navigator]: [STATUS] mode=FTG front=0.41 L=0.37 R=1.19 gap=-0.35 v=+0.05 w=-0.01 personLvl=0
[INFO] [1784750277.661296750] [yolo_navigator]: [ROTATE_OPEN] front=0.40 open=-1.06
[INFO] [1784750278.464236507] [yolo_navigator]: [FTG] gap=-0.35 W=2.75
[INFO] [1784750282.151813789] [yolo_navigator]: [STATUS] mode=FTG front=10.00 L=0.37 R=1.06 gap=-0.02 v=+0.39 w=+0.15 personLvl=0
[INFO] [1784750282.851588934] [yolo_navigator]: [SENSOR_STALE] no /scan for 2.5s
