[INFO] [1784717560.756579081] [yolo_navigator]: v2: Φόρτωση YOLOv8 για αυτόνομη πλοήγηση...
[INFO] [1784717560.863137899] [yolo_navigator]: v2.8: Σύστημα Ενεργό! + STUCK_PHYSICAL detector (scan-change) + WIGGLE recovery.
[INFO] [1784717560.915206916] [yolo_navigator]: [FTG] gap=+0.00 W=0.00
[INFO] [1784717560.916117517] [yolo_navigator]: [STATUS] mode=FTG front=999.00 L=10.00 R=10.00 gap=+0.00 v=+0.40 w=+0.00 personLvl=0
[INFO] [1784717560.970973100] [yolo_navigator]: [REVERSE] front=0.10 dir=+1
Ultralytics 8.4.69 🚀 Python-3.12.3 torch-2.12.0+cu130 CUDA:0 (NVIDIA GeForce RTX 2080 Ti, 11264MiB)
YOLOv8n summary (fused): 72 layers, 3,151,904 parameters, 0 gradients, 8.7 GFLOPs
[INFO] [1784717561.914612285] [yolo_navigator]: [FTG] gap=+0.02 W=3.27
[INFO] [1784717565.964436580] [yolo_navigator]: [STATUS] mode=FTG front=10.00 L=3.95 R=3.16 gap=-0.01 v=+0.40 w=+0.45 personLvl=0
[INFO] [1784717571.014927543] [yolo_navigator]: [STATUS] mode=FTG front=10.00 L=3.11 R=2.38 gap=-0.01 v=+0.40 w=-0.43 personLvl=0
[INFO] [1784717576.014541197] [yolo_navigator]: [STATUS] mode=FTG front=10.00 L=2.41 R=1.80 gap=-0.20 v=+0.30 w=+0.12 personLvl=0
[INFO] [1784717581.015479601] [yolo_navigator]: [STATUS] mode=FTG front=10.00 L=2.04 R=1.63 gap=+0.04 v=+0.38 w=-0.15 personLvl=0
[INFO] [1784717586.064585153] [yolo_navigator]: [STATUS] mode=FTG front=10.00 L=1.98 R=1.29 gap=+0.34 v=+0.24 w=+0.02 personLvl=0
[INFO] [1784717591.133052777] [yolo_navigator]: [STATUS] mode=FTG front=10.00 L=1.83 R=1.00 gap=+0.35 v=+0.23 w=+0.02 personLvl=0
[INFO] [1784717596.164927582] [yolo_navigator]: [STATUS] mode=FTG front=10.00 L=1.95 R=0.79 gap=+0.14 v=+0.33 w=-0.22 personLvl=0
[INFO] [1784717601.214209036] [yolo_navigator]: [STATUS] mode=FTG front=10.00 L=2.35 R=1.29 gap=+0.14 v=+0.33 w=+0.42 personLvl=0
[INFO] [1784717606.214845942] [yolo_navigator]: [STATUS] mode=FTG front=10.00 L=2.62 R=0.55 gap=+0.14 v=+0.33 w=-0.16 personLvl=0
[INFO] [1784717607.914171174] [yolo_navigator]: [ROTATE_OPEN] front=0.39 open=+1.45
[INFO] [1784717608.485572469] [yolo_navigator]: [FTG] gap=+0.10 W=2.19
[INFO] [1784717611.214435069] [yolo_navigator]: [STATUS] mode=FTG front=10.00 L=2.08 R=0.32 gap=+0.00 v=+0.40 w=+0.38 personLvl=0
[INFO] [1784717616.215201720] [yolo_navigator]: [STATUS] mode=FTG front=10.00 L=2.50 R=1.53 gap=+0.18 v=+0.31 w=-0.01 personLvl=0
[INFO] [1784717621.264914890] [yolo_navigator]: [STATUS] mode=FTG front=10.00 L=2.13 R=0.99 gap=+0.30 v=+0.25 w=+0.12 personLvl=0
[INFO] [1784717626.315118675] [yolo_navigator]: [STATUS] mode=FTG front=10.00 L=1.78 R=0.75 gap=+0.23 v=+0.29 w=+0.02 personLvl=0
[INFO] [1784717631.364535681] [yolo_navigator]: [STATUS] mode=FTG front=10.00 L=1.94 R=2.18 gap=+0.28 v=+0.27 w=+0.05 personLvl=0
[INFO] [1784717636.427851641] [yolo_navigator]: [STATUS] mode=FTG front=10.00 L=1.98 R=1.92 gap=+0.46 v=+0.18 w=+0.15 personLvl=0
[INFO] [1784717641.414657746] [yolo_navigator]: [STATUS] mode=FTG front=10.00 L=4.33 R=1.87 gap=+0.36 v=+0.23 w=+0.02 personLvl=0
[INFO] [1784717646.414585563] [yolo_navigator]: [STATUS] mode=FTG front=10.00 L=2.35 R=1.66 gap=+0.59 v=+0.12 w=+0.45 personLvl=0
[INFO] [1784717651.415210923] [yolo_navigator]: [STATUS] mode=FTG front=10.00 L=3.38 R=1.04 gap=+0.27 v=+0.27 w=-0.00 personLvl=0
[INFO] [1784717656.415839565] [yolo_navigator]: [STATUS] mode=FTG front=10.00 L=2.64 R=0.67 gap=-0.00 v=+0.40 w=+0.37 personLvl=0
[INFO] [1784717660.414176945] [yolo_navigator]: [ROTATE_OPEN] front=0.39 open=+1.36
[INFO] [1784717661.014115563] [yolo_navigator]: [FTG] gap=+0.14 W=2.43
[INFO] [1784717661.471881920] [yolo_navigator]: [STATUS] mode=FTG front=0.75 L=1.87 R=0.40 gap=-0.05 v=+0.38 w=+0.18 personLvl=0
[INFO] [1784717666.514472225] [yolo_navigator]: [STATUS] mode=FTG front=10.00 L=0.99 R=1.64 gap=-0.11 v=+0.35 w=+0.22 personLvl=0
[INFO] [1784717671.514517912] [yolo_navigator]: [STATUS] mode=FTG front=10.00 L=0.81 R=1.65 gap=+0.33 v=+0.24 w=+0.48 personLvl=0
[INFO] [1784717674.082726301] [yolo_navigator]: [PERSON] level=1 h=167px
[INFO] [1784717676.166823356] [yolo_navigator]: [PERSON] level=0 h=0px
[INFO] [1784717676.565230379] [yolo_navigator]: [STATUS] mode=FTG front=10.00 L=0.73 R=1.23 gap=+0.04 v=+0.38 w=-0.16 personLvl=0
[INFO] [1784717681.565152544] [yolo_navigator]: [STATUS] mode=FTG front=10.00 L=0.68 R=1.24 gap=+0.02 v=+0.39 w=+0.07 personLvl=0
[INFO] [1784717686.619699308] [yolo_navigator]: [STATUS] mode=FTG front=10.00 L=2.70 R=0.48 gap=-0.03 v=+0.39 w=+0.00 personLvl=0
[INFO] [1784717691.615566088] [yolo_navigator]: [STATUS] mode=FTG front=10.00 L=2.59 R=0.57 gap=+0.24 v=+0.29 w=+0.00 personLvl=0
[INFO] [1784717696.664557603] [yolo_navigator]: [STATUS] mode=FTG front=10.00 L=2.03 R=0.61 gap=+0.25 v=+0.28 w=+0.02 personLvl=0
[INFO] [1784717701.665017140] [yolo_navigator]: [STATUS] mode=FTG front=10.00 L=1.53 R=0.66 gap=+0.24 v=+0.28 w=+0.00 personLvl=0
[INFO] [1784717706.714488557] [yolo_navigator]: [STATUS] mode=FTG front=10.00 L=1.27 R=1.05 gap=-0.07 v=+0.37 w=-0.37 personLvl=0
[INFO] [1784717711.764860054] [yolo_navigator]: [STATUS] mode=FTG front=0.73 L=1.76 R=0.62 gap=+0.58 v=+0.12 w=+0.31 personLvl=0
[INFO] [1784717716.814729113] [yolo_navigator]: [STATUS] mode=FTG front=0.51 L=2.57 R=0.41 gap=+0.35 v=+0.12 w=+0.01 personLvl=0
[INFO] [1784717719.241026654] [yolo_navigator]: [ROTATE_OPEN] front=0.40 open=+0.40
[INFO] [1784717720.014289249] [yolo_navigator]: [FTG] gap=+0.28 W=2.03
[INFO] [1784717721.814912255] [yolo_navigator]: [STATUS] mode=FTG front=10.00 L=1.31 R=0.42 gap=-0.01 v=+0.39 w=+0.34 personLvl=0
[INFO] [1784717726.874052784] [yolo_navigator]: [STATUS] mode=FTG front=10.00 L=1.39 R=0.58 gap=-0.02 v=+0.39 w=-0.05 personLvl=0
[INFO] [1784717731.914944674] [yolo_navigator]: [STATUS] mode=FTG front=10.00 L=0.71 R=0.73 gap=-0.01 v=+0.39 w=+0.02 personLvl=0
[INFO] [1784717736.965279328] [yolo_navigator]: [STATUS] mode=FTG front=10.00 L=0.56 R=0.77 gap=-0.47 v=+0.18 w=-0.01 personLvl=0
[INFO] [1784717742.014556021] [yolo_navigator]: [STATUS] mode=FTG front=10.00 L=0.64 R=0.80 gap=-0.45 v=+0.18 w=+0.01 personLvl=0
[INFO] [1784717747.015509075] [yolo_navigator]: [STATUS] mode=FTG front=10.00 L=0.71 R=0.92 gap=+0.35 v=+0.23 w=+0.05 personLvl=0
[INFO] [1784717752.050032031] [yolo_navigator]: [STATUS] mode=FTG front=10.00 L=0.93 R=1.26 gap=+0.34 v=+0.24 w=+0.05 personLvl=0
[INFO] [1784717757.064941111] [yolo_navigator]: [STATUS] mode=FTG front=1.13 L=1.29 R=1.16 gap=+0.50 v=+0.16 w=+0.16 personLvl=0
[INFO] [1784717762.071552725] [yolo_navigator]: [STATUS] mode=FTG front=0.71 L=1.33 R=0.74 gap=+0.64 v=+0.10 w=+0.36 personLvl=0
[INFO] [1784717767.097235809] [yolo_navigator]: [STATUS] mode=FTG front=0.43 L=1.24 R=0.46 gap=+0.38 v=+0.06 w=+0.02 personLvl=0
[INFO] [1784717768.014132973] [yolo_navigator]: [ROTATE_OPEN] front=0.39 open=+1.15
[INFO] [1784717768.915085778] [yolo_navigator]: [FTG] gap=+0.26 W=12.44
[INFO] [1784717772.114834847] [yolo_navigator]: [STATUS] mode=FTG front=10.00 L=1.26 R=0.33 gap=+0.17 v=+0.32 w=+0.14 personLvl=0
[INFO] [1784717777.130204647] [yolo_navigator]: [STATUS] mode=FTG front=10.00 L=2.49 R=2.92 gap=+0.37 v=+0.22 w=+0.02 personLvl=0
[INFO] [1784717782.164997773] [yolo_navigator]: [STATUS] mode=FTG front=10.00 L=2.16 R=2.63 gap=+0.42 v=+0.20 w=+0.09 personLvl=0
[INFO] [1784717787.164658089] [yolo_navigator]: [STATUS] mode=FTG front=10.00 L=1.87 R=2.51 gap=+0.36 v=+0.23 w=+0.00 personLvl=0
[INFO] [1784717792.215129682] [yolo_navigator]: [STATUS] mode=FTG front=10.00 L=1.71 R=2.18 gap=+0.36 v=+0.23 w=+0.00 personLvl=0
[INFO] [1784717797.264649284] [yolo_navigator]: [STATUS] mode=FTG front=1.18 L=1.66 R=1.24 gap=+0.37 v=+0.22 w=+0.03 personLvl=0
[INFO] [1784717802.271011321] [yolo_navigator]: [STATUS] mode=FTG front=10.00 L=1.58 R=0.48 gap=-0.22 v=+0.29 w=+0.16 personLvl=0
[INFO] [1784717807.318312883] [yolo_navigator]: [STATUS] mode=FTG front=10.00 L=1.78 R=0.96 gap=+0.32 v=+0.25 w=-0.03 personLvl=0
[INFO] [1784717812.314838361] [yolo_navigator]: [STATUS] mode=FTG front=10.00 L=6.26 R=0.59 gap=+0.35 v=+0.23 w=-0.00 personLvl=0
[INFO] [1784717817.397951997] [yolo_navigator]: [STATUS] mode=FTG front=10.00 L=3.66 R=3.81 gap=+0.37 v=+0.22 w=+0.02 personLvl=0
[INFO] [1784717822.364207537] [yolo_navigator]: [STATUS] mode=FTG front=10.00 L=2.94 R=2.84 gap=-0.39 v=+0.21 w=-0.00 personLvl=0
[INFO] [1784717827.368111184] [yolo_navigator]: [STATUS] mode=FTG front=10.00 L=5.76 R=1.97 gap=+0.36 v=+0.23 w=+0.05 personLvl=0
[INFO] [1784717832.424801553] [yolo_navigator]: [STATUS] mode=FTG front=10.00 L=5.58 R=1.27 gap=+0.35 v=+0.23 w=+0.03 personLvl=0
[INFO] [1784717837.465460806] [yolo_navigator]: [STATUS] mode=FTG front=0.70 L=5.24 R=0.72 gap=+0.51 v=+0.15 w=+0.21 personLvl=0
[INFO] [1784717842.522123416] [yolo_navigator]: [STATUS] mode=FTG front=0.41 L=4.91 R=0.44 gap=+0.36 v=+0.06 w=+0.02 personLvl=0
[INFO] [1784717843.114482679] [yolo_navigator]: [ROTATE_OPEN] front=0.40 open=+0.82
[INFO] [1784717843.964618164] [yolo_navigator]: [FTG] gap=+0.29 W=6.30
[INFO] [1784717845.827882400] [yolo_navigator]: [ROTATE_OPEN] front=0.40 open=+0.63
[INFO] [1784717845.964509173] [yolo_navigator]: [REVERSE] front=0.31 dir=+1
[INFO] [1784717846.564285280] [yolo_navigator]: [FTG] gap=+0.10 W=6.31
[INFO] [1784717847.565917157] [yolo_navigator]: [STATUS] mode=FTG front=10.00 L=3.64 R=0.44 gap=+0.02 v=+0.39 w=+0.44 personLvl=0
[INFO] [1784717852.581295954] [yolo_navigator]: [STATUS] mode=FTG front=10.00 L=3.33 R=4.01 gap=+0.34 v=+0.24 w=+0.01 personLvl=0
[INFO] [1784717857.614758529] [yolo_navigator]: [STATUS] mode=FTG front=10.00 L=3.40 R=3.68 gap=+0.35 v=+0.23 w=+0.03 personLvl=0
[INFO] [1784717862.615563586] [yolo_navigator]: [STATUS] mode=FTG front=10.00 L=3.48 R=3.47 gap=+0.34 v=+0.24 w=+0.01 personLvl=0
[INFO] [1784717867.664806792] [yolo_navigator]: [STATUS] mode=FTG front=10.00 L=3.36 R=2.11 gap=+0.13 v=+0.34 w=+0.33 personLvl=0
[INFO] [1784717872.667413111] [yolo_navigator]: [STATUS] mode=FTG front=10.00 L=2.51 R=1.29 gap=-0.08 v=+0.36 w=+0.23 personLvl=0
[INFO] [1784717877.677663683] [yolo_navigator]: [STATUS] mode=FTG front=10.00 L=1.73 R=0.94 gap=-0.09 v=+0.36 w=+0.34 personLvl=0
[INFO] [1784717882.714674120] [yolo_navigator]: [STATUS] mode=FTG front=10.00 L=1.03 R=1.19 gap=-0.46 v=+0.18 w=-0.12 personLvl=0
[INFO] [1784717887.765120767] [yolo_navigator]: [STATUS] mode=FTG front=10.00 L=0.51 R=2.65 gap=-0.36 v=+0.23 w=-0.83 personLvl=0
[INFO] [1784717892.937244034] [yolo_navigator]: [STATUS] mode=FTG front=10.00 L=0.39 R=2.02 gap=-0.32 v=+0.25 w=-0.03 personLvl=0
[INFO] [1784717897.866097341] [yolo_navigator]: [STATUS] mode=FTG front=10.00 L=0.44 R=1.45 gap=-0.32 v=+0.25 w=-0.02 personLvl=0
[INFO] [1784717902.866431189] [yolo_navigator]: [STATUS] mode=FTG front=10.00 L=2.92 R=0.96 gap=-0.36 v=+0.23 w=+0.05 personLvl=0
[INFO] [1784717907.915673662] [yolo_navigator]: [STATUS] mode=FTG front=10.00 L=2.63 R=0.88 gap=-0.42 v=+0.20 w=-0.05 personLvl=0
[INFO] [1784717912.966102984] [yolo_navigator]: [STATUS] mode=FTG front=10.00 L=1.91 R=0.89 gap=-0.38 v=+0.22 w=+0.06 personLvl=0
[INFO] [1784717917.966658633] [yolo_navigator]: [STATUS] mode=FTG front=1.16 L=1.19 R=0.72 gap=-0.24 v=+0.28 w=-0.01 personLvl=0
[INFO] [1784717923.014524405] [yolo_navigator]: [STATUS] mode=FTG front=0.48 L=0.52 R=2.19 gap=-0.35 v=+0.10 w=-0.03 personLvl=0
[INFO] [1784717924.664374667] [yolo_navigator]: [ROTATE_OPEN] front=0.40 open=-1.40
[INFO] [1784717926.214141482] [yolo_navigator]: [FTG] gap=+0.00 W=1.75
[INFO] [1784717928.014957911] [yolo_navigator]: [STATUS] mode=FTG front=10.00 L=0.53 R=0.74 gap=+0.15 v=+0.33 w=-0.04 personLvl=0
[INFO] [1784717933.064864031] [yolo_navigator]: [STATUS] mode=FTG front=10.00 L=1.05 R=1.09 gap=+0.19 v=+0.31 w=+0.04 personLvl=0
[INFO] [1784717938.064902206] [yolo_navigator]: [STATUS] mode=FTG front=10.00 L=0.63 R=1.23 gap=-0.36 v=+0.23 w=-0.16 personLvl=0
[INFO] [1784717943.064909307] [yolo_navigator]: [STATUS] mode=FTG front=10.00 L=1.34 R=1.17 gap=-0.43 v=+0.19 w=-0.07 personLvl=0
[INFO] [1784717948.114763370] [yolo_navigator]: [STATUS] mode=FTG front=10.00 L=1.32 R=1.11 gap=-0.38 v=+0.22 w=+0.00 personLvl=0
[INFO] [1784717953.115065101] [yolo_navigator]: [STATUS] mode=FTG front=0.66 L=0.70 R=4.35 gap=-0.40 v=+0.19 w=-0.03 personLvl=0
[INFO] [1784717957.264505670] [yolo_navigator]: [ROTATE_OPEN] front=0.40 open=-1.22
[INFO] [1784717958.220360214] [yolo_navigator]: [STATUS] mode=ROTATE_OPEN front=0.38 L=0.43 R=4.14 gap=-0.35 v=+0.00 w=-1.00 personLvl=0
[INFO] [1784717958.816861653] [yolo_navigator]: [FTG] gap=+0.05 W=5.16
[INFO] [1784717963.164597059] [yolo_navigator]: [STATUS] mode=FTG front=10.00 L=1.48 R=0.99 gap=-0.25 v=+0.28 w=+0.12 personLvl=0
[INFO] [1784717968.166052938] [yolo_navigator]: [STATUS] mode=FTG front=10.00 L=3.89 R=1.29 gap=-0.32 v=+0.25 w=+0.03 personLvl=0
[INFO] [1784717973.215292956] [yolo_navigator]: [STATUS] mode=FTG front=10.00 L=2.21 R=3.17 gap=-0.37 v=+0.22 w=-0.02 personLvl=0
[INFO] [1784717978.214981961] [yolo_navigator]: [STATUS] mode=FTG front=10.00 L=1.63 R=2.89 gap=-0.37 v=+0.22 w=-0.02 personLvl=0
[INFO] [1784717983.264080342] [yolo_navigator]: [STATUS] mode=FTG front=1.14 L=1.12 R=1.54 gap=-0.47 v=+0.18 w=-0.06 personLvl=0
[INFO] [1784717988.265138144] [yolo_navigator]: [STATUS] mode=FTG front=0.73 L=0.70 R=2.57 gap=-0.66 v=+0.10 w=-0.42 personLvl=0
[INFO] [1784717993.315020196] [yolo_navigator]: [STATUS] mode=FTG front=0.47 L=0.44 R=2.30 gap=-0.34 v=+0.09 w=+0.01 personLvl=0
[INFO] [1784717994.764475222] [yolo_navigator]: [ROTATE_OPEN] front=0.40 open=-0.44
[INFO] [1784717995.564709742] [yolo_navigator]: [FTG] gap=-0.31 W=4.48
[INFO] [1784717997.564189370] [yolo_navigator]: [ROTATE_OPEN] front=0.32 open=+0.31
[INFO] [1784717997.714276360] [yolo_navigator]: [REVERSE] front=0.29 dir=-1
[INFO] [1784717997.864637810] [yolo_navigator]: [FTG] gap=-0.15 W=4.44
[INFO] [1784717998.323070408] [yolo_navigator]: [STATUS] mode=FTG front=10.00 L=0.29 R=2.00 gap=-0.08 v=+0.36 w=-0.35 personLvl=0
[INFO] [1784718003.343293366] [yolo_navigator]: [STATUS] mode=FTG front=10.00 L=3.01 R=1.53 gap=+0.16 v=+0.32 w=-0.25 personLvl=0
[INFO] [1784718008.364865123] [yolo_navigator]: [STATUS] mode=FTG front=10.00 L=2.39 R=1.62 gap=+0.31 v=+0.25 w=-0.04 personLvl=0
[INFO] [1784718013.414703589] [yolo_navigator]: [STATUS] mode=FTG front=10.00 L=1.88 R=5.52 gap=+0.35 v=+0.23 w=+0.00 personLvl=0
[INFO] [1784718018.417530201] [yolo_navigator]: [STATUS] mode=FTG front=10.00 L=1.65 R=4.15 gap=-0.63 v=+0.10 w=-0.31 personLvl=0
[INFO] [1784718023.464165396] [yolo_navigator]: [STATUS] mode=FTG front=10.00 L=2.11 R=2.99 gap=+0.43 v=+0.19 w=+0.11 personLvl=0
[INFO] [1784718028.464435338] [yolo_navigator]: [STATUS] mode=FTG front=10.00 L=4.77 R=2.03 gap=+0.45 v=+0.18 w=+0.01 personLvl=0
[INFO] [1784718033.464692672] [yolo_navigator]: [STATUS] mode=FTG front=10.00 L=2.16 R=1.49 gap=+0.47 v=+0.17 w=+0.04 personLvl=0
[INFO] [1784718038.464805267] [yolo_navigator]: [STATUS] mode=FTG front=0.97 L=1.77 R=0.98 gap=+0.47 v=+0.18 w=+0.03 personLvl=0
[INFO] [1784718043.465009943] [yolo_navigator]: [STATUS] mode=FTG front=0.52 L=3.77 R=0.56 gap=+0.47 v=+0.09 w=+0.05 personLvl=0
[INFO] [1784718047.214728738] [yolo_navigator]: [ROTATE_OPEN] front=0.39 open=+0.31
[INFO] [1784718048.164762218] [yolo_navigator]: [FTG] gap=+0.33 W=4.94
[INFO] [1784718048.542477066] [yolo_navigator]: [STATUS] mode=FTG front=0.48 L=3.64 R=0.46 gap=+0.15 v=+0.14 w=+0.59 personLvl=0
[INFO] [1784718053.564324179] [yolo_navigator]: [STATUS] mode=FTG front=10.00 L=4.21 R=0.37 gap=-0.21 v=+0.30 w=+1.36 personLvl=0
[INFO] [1784718058.570406113] [yolo_navigator]: [STATUS] mode=FTG front=10.00 L=2.16 R=2.19 gap=-0.12 v=+0.34 w=-0.02 personLvl=0
[INFO] [1784718063.615537316] [yolo_navigator]: [STATUS] mode=FTG front=10.00 L=2.74 R=1.33 gap=-0.03 v=+0.39 w=-0.05 personLvl=0
[INFO] [1784718068.640813268] [yolo_navigator]: [STATUS] mode=FTG front=10.00 L=2.32 R=0.79 gap=+0.14 v=+0.33 w=+0.01 personLvl=0
[INFO] [1784718073.666363771] [yolo_navigator]: [STATUS] mode=FTG front=10.00 L=2.24 R=0.71 gap=-0.48 v=+0.17 w=-0.05 personLvl=0
[INFO] [1784718078.727942302] [yolo_navigator]: [STATUS] mode=FTG front=10.00 L=2.18 R=0.73 gap=-0.46 v=+0.18 w=-0.02 personLvl=0
[INFO] [1784718083.765213835] [yolo_navigator]: [STATUS] mode=FTG front=10.00 L=2.14 R=0.75 gap=-0.48 v=+0.17 w=-0.03 personLvl=0
[INFO] [1784718088.765232116] [yolo_navigator]: [STATUS] mode=FTG front=10.00 L=2.12 R=0.74 gap=-0.48 v=+0.17 w=-0.02 personLvl=0
[INFO] [1784718093.765269696] [yolo_navigator]: [STATUS] mode=FTG front=10.00 L=2.45 R=0.71 gap=-0.49 v=+0.16 w=-0.03 personLvl=0
[INFO] [1784718098.815801868] [yolo_navigator]: [STATUS] mode=FTG front=10.00 L=2.20 R=0.74 gap=-0.75 v=+0.10 w=-0.37 personLvl=0
[INFO] [1784718100.214519741] [yolo_navigator]: [WEDGE] open=+1.45
[INFO] [1784718100.514712475] [yolo_navigator]: [FTG] gap=+1.47 W=0.71
[INFO] [1784718103.414598309] [yolo_navigator]: [WEDGE] open=+1.45
[INFO] [1784718103.864928306] [yolo_navigator]: [STATUS] mode=WEDGE front=10.00 L=1.82 R=0.74 gap=+0.00 v=+0.40 w=+1.00 personLvl=0
[INFO] [1784718103.914481644] [yolo_navigator]: [FTG] gap=+1.47 W=0.68
[INFO] [1784718106.314480326] [yolo_navigator]: [WEDGE] open=+1.45
[INFO] [1784718107.064842676] [yolo_navigator]: [FTG] gap=+1.47 W=0.77
[INFO] [1784718108.874098760] [yolo_navigator]: [STATUS] mode=FTG front=10.00 L=2.18 R=1.39 gap=+0.56 v=+0.13 w=+0.35 personLvl=0
[INFO] [1784718113.914770399] [yolo_navigator]: [STATUS] mode=FTG front=10.00 L=1.91 R=1.10 gap=+0.32 v=+0.25 w=+0.03 personLvl=0
[INFO] [1784718118.915795400] [yolo_navigator]: [STATUS] mode=FTG front=0.81 L=1.87 R=0.68 gap=+0.60 v=+0.11 w=+0.33 personLvl=0
[INFO] [1784718123.965378638] [yolo_navigator]: [STATUS] mode=FTG front=0.70 L=1.83 R=0.49 gap=+0.35 v=+0.23 w=+0.01 personLvl=0
[INFO] [1784718128.464605139] [yolo_navigator]: [ROTATE_OPEN] front=0.40 open=+0.84
[INFO] [1784718128.965842598] [yolo_navigator]: [STATUS] mode=ROTATE_OPEN front=0.39 L=2.22 R=0.36 gap=+0.35 v=+0.00 w=+1.00 personLvl=0
[INFO] [1784718129.266665090] [yolo_navigator]: [FTG] gap=+0.30 W=2.10
[INFO] [1784718133.980497812] [yolo_navigator]: [STATUS] mode=FTG front=10.00 L=1.57 R=0.53 gap=+0.15 v=+0.33 w=-0.24 personLvl=0
[INFO] [1784718139.014779110] [yolo_navigator]: [STATUS] mode=FTG front=10.00 L=1.31 R=0.60 gap=+0.36 v=+0.23 w=+0.03 personLvl=0
[INFO] [1784718144.064550586] [yolo_navigator]: [STATUS] mode=FTG front=10.00 L=1.05 R=0.81 gap=-0.23 v=+0.29 w=+0.14 personLvl=0
[INFO] [1784718149.064698018] [yolo_navigator]: [STATUS] mode=FTG front=10.00 L=1.97 R=1.07 gap=-0.37 v=+0.22 w=-0.03 personLvl=0
[INFO] [1784718154.064628523] [yolo_navigator]: [STATUS] mode=FTG front=10.00 L=1.44 R=1.11 gap=-0.26 v=+0.28 w=+0.11 personLvl=0
[INFO] [1784718159.064943715] [yolo_navigator]: [STATUS] mode=FTG front=0.68 L=0.79 R=1.21 gap=-0.31 v=+0.24 w=+0.04 personLvl=0
[INFO] [1784718164.065419358] [yolo_navigator]: [STATUS] mode=FTG front=1.18 L=0.50 R=0.95 gap=+0.69 v=+0.10 w=+0.38 personLvl=0
[INFO] [1784718169.115160438] [yolo_navigator]: [STATUS] mode=FTG front=0.86 L=0.66 R=0.61 gap=+0.70 v=+0.10 w=+0.35 personLvl=0
[INFO] [1784718173.715192189] [yolo_navigator]: [WEDGE] open=+0.80
[INFO] [1784718174.115524628] [yolo_navigator]: [STATUS] mode=WEDGE front=0.46 L=0.71 R=0.39 gap=+0.00 v=+0.05 w=+1.00 personLvl=0
[INFO] [1784718174.264168402] [yolo_navigator]: [FTG] gap=+0.32 W=0.37
[INFO] [1784718175.065320401] [yolo_navigator]: [WEDGE] open=+0.52
[INFO] [1784718175.163983139] [yolo_navigator]: [FTG] gap=+0.04 W=0.34
[INFO] [1784718175.464481685] [yolo_navigator]: [WEDGE] open=+0.54
[INFO] [1784718175.614411695] [yolo_navigator]: [FTG] gap=+0.05 W=0.23
[INFO] [1784718175.814853749] [yolo_navigator]: [WEDGE] open=+0.59
[INFO] [1784718176.164778718] [yolo_navigator]: [FTG] gap=+0.08 W=0.56
[INFO] [1784718176.614615781] [yolo_navigator]: [WEDGE] open=+0.70
[INFO] [1784718177.063961292] [yolo_navigator]: [FTG] gap=-0.08 W=0.56
[INFO] [1784718177.164660353] [yolo_navigator]: [WEDGE] open=+0.63
[INFO] [1784718177.264978657] [yolo_navigator]: [FTG] gap=-0.06 W=0.48
[INFO] [1784718177.464409476] [yolo_navigator]: [WEDGE] open=+0.65
[INFO] [1784718177.701795812] [yolo_navigator]: [FTG] gap=-0.15 W=0.36
[INFO] [1784718177.713983361] [yolo_navigator]: [WEDGE] open=+0.59
[INFO] [1784718177.864148698] [yolo_navigator]: [FTG] gap=-0.20 W=0.37
[INFO] [1784718177.968480235] [yolo_navigator]: [WEDGE] open=+0.58
[INFO] [1784718178.864903468] [yolo_navigator]: [FTG] gap=+0.24 W=3.42
[INFO] [1784718179.127385033] [yolo_navigator]: [STATUS] mode=FTG front=10.00 L=0.43 R=0.50 gap=+0.20 v=+0.30 w=-0.13 personLvl=0
[INFO] [1784718179.314714803] [yolo_navigator]: [ROTATE_OPEN] front=0.34 open=+0.52
[INFO] [1784718179.514164091] [yolo_navigator]: [REVERSE] front=0.29 dir=-1
[INFO] [1784718180.665055446] [yolo_navigator]: [FTG] gap=+0.32 W=3.82
[INFO] [1784718183.764062009] [yolo_navigator]: [REVERSE] front=0.10 dir=-1
[INFO] [1784718184.265909325] [yolo_navigator]: [STATUS] mode=REVERSE front=0.11 L=0.22 R=0.82 gap=+0.37 v=+0.05 w=-1.20 personLvl=0
[INFO] [1784718184.514061459] [yolo_navigator]: [FTG] gap=+0.32 W=4.08
[INFO] [1784718189.214841650] [yolo_navigator]: [STATUS] mode=FTG front=10.00 L=0.41 R=1.38 gap=+0.25 v=+0.28 w=-0.02 personLvl=0
[INFO] [1784718194.265053168] [yolo_navigator]: [STATUS] mode=FTG front=10.00 L=2.33 R=1.41 gap=+0.29 v=+0.26 w=+0.01 personLvl=0
[INFO] [1784718199.265366409] [yolo_navigator]: [STATUS] mode=FTG front=10.00 L=1.84 R=1.02 gap=-0.07 v=+0.36 w=-0.37 personLvl=0
[INFO] [1784718204.315551655] [yolo_navigator]: [STATUS] mode=FTG front=0.77 L=1.47 R=0.61 gap=+0.49 v=+0.16 w=+0.20 personLvl=0
[INFO] [1784718209.364532771] [yolo_navigator]: [STATUS] mode=FTG front=0.47 L=1.18 R=0.39 gap=+0.35 v=+0.09 w=+0.01 personLvl=0
[INFO] [1784718210.914155105] [yolo_navigator]: [ROTATE_OPEN] front=0.40 open=+0.59
[INFO] [1784718211.764272587] [yolo_navigator]: [FTG] gap=+0.28 W=2.74
[INFO] [1784718214.364401666] [yolo_navigator]: [STATUS] mode=FTG front=0.87 L=0.87 R=0.35 gap=+0.09 v=+0.36 w=-0.13 personLvl=0
[INFO] [1784718215.313966410] [yolo_navigator]: [ROTATE_OPEN] front=0.39 open=+0.45
[INFO] [1784718215.764271296] [yolo_navigator]: [REVERSE] front=0.31 dir=+1
[INFO] [1784718216.216044342] [yolo_navigator]: [FTG] gap=+0.09 W=2.17
[INFO] [1784718218.964575632] [yolo_navigator]: [ROTATE_OPEN] front=0.37 open=-0.31
[INFO] [1784718219.314428187] [yolo_navigator]: [REVERSE] front=0.31 dir=-1
[INFO] [1784718219.364479073] [yolo_navigator]: [STATUS] mode=REVERSE front=0.30 L=0.37 R=0.67 gap=-0.30 v=+0.05 w=-1.20 personLvl=0
[INFO] [1784718220.314292150] [yolo_navigator]: [FTG] gap=-0.02 W=2.90
[INFO] [1784718223.114428985] [yolo_navigator]: [ROTATE_OPEN] front=0.39 open=+1.29
[INFO] [1784718224.020544823] [yolo_navigator]: [FTG] gap=+0.23 W=2.78
[INFO] [1784718224.364574662] [yolo_navigator]: [STATUS] mode=FTG front=1.03 L=0.57 R=0.36 gap=+0.07 v=+0.36 w=-0.27 personLvl=0
[INFO] [1784718227.124337050] [yolo_navigator]: [ROTATE_OPEN] front=0.37 open=+1.34
[INFO] [1784718227.864916611] [yolo_navigator]: [FTG] gap=+0.11 W=2.47
[INFO] [1784718229.364878610] [yolo_navigator]: [STATUS] mode=FTG front=10.00 L=1.04 R=0.36 gap=-0.02 v=+0.39 w=-0.07 personLvl=0
[INFO] [1784718234.422381664] [yolo_navigator]: [STATUS] mode=FTG front=10.00 L=0.92 R=0.41 gap=-0.08 v=+0.36 w=-0.53 personLvl=0
[INFO] [1784718239.416472963] [yolo_navigator]: [STATUS] mode=FTG front=0.43 L=1.09 R=0.30 gap=+0.13 v=+0.10 w=+0.03 personLvl=0
[INFO] [1784718240.514616330] [yolo_navigator]: [ROTATE_OPEN] front=0.40 open=+0.91
[INFO] [1784718241.367035150] [yolo_navigator]: [FTG] gap=+0.07 W=2.36
[INFO] [1784718244.471874653] [yolo_navigator]: [STATUS] mode=FTG front=10.00 L=0.93 R=0.43 gap=+0.10 v=+0.35 w=-0.19 personLvl=0
[INFO] [1784718249.514393782] [yolo_navigator]: [STATUS] mode=FTG front=10.00 L=3.43 R=0.54 gap=+0.06 v=+0.37 w=-0.36 personLvl=0
[INFO] [1784718254.525496200] [yolo_navigator]: [STATUS] mode=FTG front=10.00 L=3.25 R=0.58 gap=+0.31 v=+0.25 w=-0.04 personLvl=0
[INFO] [1784718259.539852059] [yolo_navigator]: [STATUS] mode=FTG front=10.00 L=3.17 R=0.64 gap=+0.38 v=+0.22 w=+0.04 personLvl=0
[INFO] [1784718264.565344946] [yolo_navigator]: [STATUS] mode=FTG front=10.00 L=1.85 R=0.68 gap=+0.23 v=+0.29 w=-0.05 personLvl=0
[INFO] [1784718269.615208188] [yolo_navigator]: [STATUS] mode=FTG front=0.80 L=0.85 R=0.77 gap=+0.42 v=+0.20 w=+0.14 personLvl=0
[INFO] [1784718274.665595451] [yolo_navigator]: [STATUS] mode=FTG front=0.43 L=1.55 R=0.56 gap=+0.34 v=+0.07 w=+0.06 personLvl=0
[INFO] [1784718275.964013534] [yolo_navigator]: [ROTATE_OPEN] front=0.40 open=+1.29
[INFO] [1784718278.064970970] [yolo_navigator]: [FTG] gap=-0.20 W=7.52
[INFO] [1784718279.715272102] [yolo_navigator]: [STATUS] mode=FTG front=10.00 L=3.11 R=0.36 gap=-0.08 v=+0.36 w=+1.45 personLvl=0
[INFO] [1784718284.765143274] [yolo_navigator]: [STATUS] mode=FTG front=10.00 L=3.50 R=3.41 gap=+0.31 v=+0.25 w=-0.12 personLvl=0
[INFO] [1784718289.764868910] [yolo_navigator]: [STATUS] mode=FTG front=10.00 L=2.05 R=3.23 gap=-0.35 v=+0.23 w=-0.01 personLvl=0
[INFO] [1784718294.772229596] [yolo_navigator]: [STATUS] mode=FTG front=0.93 L=1.13 R=3.13 gap=-0.42 v=+0.20 w=-0.67 personLvl=0
[INFO] [1784718299.837931093] [yolo_navigator]: [STATUS] mode=FTG front=10.00 L=0.68 R=2.65 gap=-0.13 v=+0.34 w=+0.29 personLvl=0
[INFO] [1784718304.864832671] [yolo_navigator]: [STATUS] mode=FTG front=10.00 L=1.01 R=2.18 gap=+0.46 v=+0.18 w=+0.16 personLvl=0
[INFO] [1784718309.915202804] [yolo_navigator]: [STATUS] mode=FTG front=10.00 L=1.96 R=1.94 gap=-0.32 v=+0.25 w=+0.00 personLvl=0
[INFO] [1784718314.914884805] [yolo_navigator]: [STATUS] mode=FTG front=10.00 L=1.38 R=1.71 gap=+0.06 v=+0.37 w=-0.38 personLvl=0
[INFO] [1784718319.970811599] [yolo_navigator]: [STATUS] mode=FTG front=10.00 L=0.81 R=1.60 gap=-0.13 v=+0.34 w=+0.29 personLvl=0
[INFO] [1784718325.026212378] [yolo_navigator]: [STATUS] mode=FTG front=10.00 L=0.50 R=1.60 gap=+0.40 v=+0.21 w=-0.04 personLvl=0
[INFO] [1784718330.065170512] [yolo_navigator]: [STATUS] mode=FTG front=10.00 L=0.57 R=1.60 gap=+0.43 v=+0.19 w=+0.06 personLvl=0
[INFO] [1784718335.065191936] [yolo_navigator]: [STATUS] mode=FTG front=10.00 L=1.70 R=1.66 gap=+0.79 v=+0.10 w=+0.57 personLvl=0
[INFO] [1784718340.169776965] [yolo_navigator]: [STATUS] mode=FTG front=1.19 L=4.14 R=1.21 gap=+0.53 v=+0.15 w=+0.30 personLvl=0
[INFO] [1784718345.165175891] [yolo_navigator]: [STATUS] mode=FTG front=10.00 L=6.06 R=0.67 gap=+0.31 v=+0.25 w=-0.01 personLvl=0
[INFO] [1784718350.165436014] [yolo_navigator]: [STATUS] mode=FTG front=10.00 L=5.76 R=0.34 gap=+0.34 v=+0.24 w=+0.00 personLvl=0
[INFO] [1784718355.215480951] [yolo_navigator]: [STATUS] mode=FTG front=10.00 L=3.13 R=0.90 gap=+0.36 v=+0.23 w=+0.02 personLvl=0
[INFO] [1784718360.215268374] [yolo_navigator]: [STATUS] mode=FTG front=10.00 L=1.97 R=0.94 gap=-0.36 v=+0.23 w=+0.08 personLvl=0
[INFO] [1784718365.264556368] [yolo_navigator]: [STATUS] mode=FTG front=10.00 L=1.19 R=2.27 gap=-0.42 v=+0.20 w=-0.02 personLvl=0
[INFO] [1784718370.271358006] [yolo_navigator]: [STATUS] mode=FTG front=0.84 L=0.72 R=1.82 gap=-0.66 v=+0.10 w=-0.40 personLvl=0
[INFO] [1784718375.314817486] [yolo_navigator]: [STATUS] mode=FTG front=0.53 L=0.53 R=1.14 gap=+1.12 v=+0.05 w=+1.15 personLvl=0
[INFO] [1784718380.340972240] [yolo_navigator]: [STATUS] mode=FTG front=0.41 L=5.00 R=0.45 gap=+0.47 v=+0.04 w=+0.05 personLvl=0
[INFO] [1784718380.814400839] [yolo_navigator]: [RECOVERY] WATCHDOG: no progress >2.5s
[INFO] [1784718383.314586471] [yolo_navigator]: [FTG] gap=-0.18 W=6.07
[INFO] [1784718385.368011976] [yolo_navigator]: [STATUS] mode=FTG front=10.00 L=3.52 R=0.63 gap=+0.00 v=+0.40 w=-0.45 personLvl=0
[INFO] [1784718390.415644014] [yolo_navigator]: [STATUS] mode=FTG front=10.00 L=3.40 R=0.93 gap=+0.21 v=+0.30 w=-0.18 personLvl=0
[INFO] [1784718395.465351726] [yolo_navigator]: [STATUS] mode=FTG front=10.00 L=4.31 R=3.39 gap=-0.27 v=+0.27 w=+0.10 personLvl=0
[INFO] [1784718400.515277351] [yolo_navigator]: [STATUS] mode=FTG front=10.00 L=5.44 R=3.21 gap=+0.35 v=+0.23 w=+0.05 personLvl=0
[INFO] [1784718405.565304058] [yolo_navigator]: [STATUS] mode=FTG front=10.00 L=4.97 R=2.48 gap=+0.30 v=+0.25 w=+0.58 personLvl=0
[INFO] [1784718410.564987628] [yolo_navigator]: [STATUS] mode=FTG front=10.00 L=3.66 R=1.73 gap=-0.16 v=+0.32 w=-0.04 personLvl=0
[INFO] [1784718415.564694276] [yolo_navigator]: [STATUS] mode=FTG front=10.00 L=3.55 R=0.98 gap=+0.14 v=+0.33 w=-0.07 personLvl=0
[INFO] [1784718420.565019791] [yolo_navigator]: [STATUS] mode=FTG front=0.49 L=3.12 R=0.41 gap=+0.21 v=+0.13 w=+0.02 personLvl=0
[INFO] [1784718425.565670491] [yolo_navigator]: [STATUS] mode=FTG front=10.00 L=2.54 R=0.54 gap=+0.31 v=+0.25 w=+0.01 personLvl=0
[INFO] [1784718430.628494438] [yolo_navigator]: [STATUS] mode=FTG front=10.00 L=2.05 R=1.35 gap=+0.33 v=+0.24 w=+0.02 personLvl=0
[INFO] [1784718435.664691017] [yolo_navigator]: [STATUS] mode=FTG front=10.00 L=1.62 R=2.77 gap=+0.33 v=+0.24 w=+0.02 personLvl=0
[INFO] [1784718440.665997563] [yolo_navigator]: [STATUS] mode=FTG front=10.00 L=1.35 R=2.40 gap=+0.39 v=+0.21 w=+0.05 personLvl=0
[INFO] [1784718445.714699009] [yolo_navigator]: [STATUS] mode=FTG front=10.00 L=1.48 R=2.21 gap=+0.37 v=+0.22 w=+0.03 personLvl=0
[INFO] [1784718450.764970644] [yolo_navigator]: [STATUS] mode=FTG front=10.00 L=1.73 R=2.32 gap=+0.35 v=+0.23 w=+0.01 personLvl=0
[INFO] [1784718455.764822191] [yolo_navigator]: [STATUS] mode=FTG front=1.01 L=1.92 R=1.34 gap=+0.37 v=+0.22 w=+0.03 personLvl=0
[INFO] [1784718460.768034433] [yolo_navigator]: [STATUS] mode=FTG front=0.47 L=1.78 R=0.55 gap=+0.38 v=+0.09 w=+0.04 personLvl=0
[INFO] [1784718462.714557241] [yolo_navigator]: [ROTATE_OPEN] front=0.40 open=+1.41
[INFO] [1784718464.165111907] [yolo_navigator]: [FTG] gap=+0.01 W=6.79
[INFO] [1784718465.815529404] [yolo_navigator]: [STATUS] mode=FTG front=10.00 L=1.78 R=0.36 gap=-0.37 v=+0.22 w=+0.02 personLvl=0
[INFO] [1784718470.815415081] [yolo_navigator]: [STATUS] mode=FTG front=10.00 L=1.59 R=1.03 gap=-0.21 v=+0.30 w=-0.18 personLvl=0
[INFO] [1784718474.779069073] [yolo_navigator]: [ROTATE_OPEN] front=0.38 open=+1.36
[INFO] [1784718474.965060173] [yolo_navigator]: [REVERSE] front=0.31 dir=+1
[INFO] [1784718475.865139149] [yolo_navigator]: [STATUS] mode=REVERSE front=0.33 L=1.24 R=0.32 gap=-0.05 v=+0.05 w=+1.20 personLvl=0
[INFO] [1784718475.964269592] [yolo_navigator]: [FTG] gap=+0.06 W=2.37
[INFO] [1784718480.865447656] [yolo_navigator]: [STATUS] mode=FTG front=10.00 L=0.69 R=2.64 gap=+0.06 v=+0.37 w=-0.15 personLvl=0
[INFO] [1784718485.865833250] [yolo_navigator]: [STATUS] mode=FTG front=10.00 L=0.77 R=1.80 gap=+0.67 v=+0.10 w=+0.86 personLvl=0
[INFO] [1784718489.264088729] [yolo_navigator]: [WEDGE] open=-0.24
[INFO] [1784718489.364462703] [yolo_navigator]: [FTG] gap=-0.06 W=3.54
[INFO] [1784718489.463965959] [yolo_navigator]: [WEDGE] open=-0.26
[INFO] [1784718489.564286868] [yolo_navigator]: [FTG] gap=-0.08 W=3.49
[INFO] [1784718489.614505083] [yolo_navigator]: [WEDGE] open=-0.28
[INFO] [1784718490.930037807] [yolo_navigator]: [STATUS] mode=WEDGE front=10.00 L=0.65 R=1.16 gap=+0.00 v=+0.40 w=-0.25 personLvl=0
[INFO] [1784718490.965147695] [yolo_navigator]: [FTG] gap=+1.06 W=2.21
[INFO] [1784718492.364009305] [yolo_navigator]: [WEDGE] open=-0.40
[INFO] [1784718493.014814921] [yolo_navigator]: [FTG] gap=-0.83 W=4.17
[INFO] [1784718493.714799400] [yolo_navigator]: [WEDGE] open=-0.58
[INFO] [1784718493.914872144] [yolo_navigator]: [FTG] gap=+0.98 W=3.27
[INFO] [1784718494.015006758] [yolo_navigator]: [WEDGE] open=-0.52
[INFO] [1784718494.264236705] [yolo_navigator]: [FTG] gap=+1.06 W=3.16
[INFO] [1784718495.965217957] [yolo_navigator]: [STATUS] mode=FTG front=10.00 L=0.70 R=0.99 gap=-0.85 v=+0.10 w=-0.55 personLvl=0
[INFO] [1784718501.014724171] [yolo_navigator]: [STATUS] mode=FTG front=10.00 L=0.90 R=1.00 gap=-0.79 v=+0.10 w=-0.45 personLvl=0
[INFO] [1784718506.014948697] [yolo_navigator]: [STATUS] mode=FTG front=10.00 L=1.52 R=0.87 gap=-0.48 v=+0.17 w=-0.05 personLvl=0
[INFO] [1784718511.065981207] [yolo_navigator]: [STATUS] mode=FTG front=10.00 L=1.38 R=0.80 gap=-0.49 v=+0.17 w=-0.05 personLvl=0
[INFO] [1784718516.115209403] [yolo_navigator]: [STATUS] mode=FTG front=10.00 L=1.32 R=0.76 gap=+1.18 v=+0.10 w=+0.96 personLvl=0
[INFO] [1784718521.178163037] [yolo_navigator]: [STATUS] mode=FTG front=10.00 L=1.20 R=0.89 gap=-1.17 v=+0.10 w=-0.98 personLvl=0
[INFO] [1784718523.814299348] [yolo_navigator]: [WEDGE] open=+1.45
[INFO] [1784718524.364172853] [yolo_navigator]: [FTG] gap=-1.35 W=1.86
[INFO] [1784718526.214970810] [yolo_navigator]: [STATUS] mode=FTG front=10.00 L=1.15 R=0.89 gap=+1.16 v=+0.10 w=+0.94 personLvl=0
[INFO] [1784718527.121500492] [yolo_navigator]: [WEDGE] open=-1.08
[INFO] [1784718528.915083135] [yolo_navigator]: [FTG] gap=+1.42 W=4.39
[INFO] [1784718529.465270343] [yolo_navigator]: [WEDGE] open=+1.20
[INFO] [1784718530.364846545] [yolo_navigator]: [FTG] gap=-0.85 W=2.34
[INFO] [1784718531.219766856] [yolo_navigator]: [STATUS] mode=FTG front=0.68 L=0.86 R=0.71 gap=-1.06 v=+0.09 w=-0.61 personLvl=0
[INFO] [1784718531.814239608] [yolo_navigator]: [WEDGE] open=+0.79
[INFO] [1784718533.514846926] [yolo_navigator]: [FTG] gap=-0.93 W=2.04
[INFO] [1784718535.064265511] [yolo_navigator]: [WEDGE] open=+0.77
[INFO] [1784718536.292795909] [yolo_navigator]: [STATUS] mode=WEDGE front=0.52 L=0.53 R=1.66 gap=+0.00 v=+0.05 w=-1.00 personLvl=0
[INFO] [1784718538.924045055] [yolo_navigator]: [REVERSE] front=0.30 dir=-1
[INFO] [1784718540.614308692] [yolo_navigator]: [WEDGE] open=+0.31
[INFO] [1784718541.315628281] [yolo_navigator]: [STATUS] mode=WEDGE front=10.00 L=0.36 R=1.33 gap=+0.00 v=+0.40 w=-0.32 personLvl=0
[INFO] [1784718541.514243538] [yolo_navigator]: [FTG] gap=-1.44 W=0.55
[INFO] [1784718541.664893401] [yolo_navigator]: [WEDGE] open=-1.45
[INFO] [1784718542.364359215] [yolo_navigator]: [FTG] gap=-1.43 W=0.55
[INFO] [1784718546.331163565] [yolo_navigator]: [STATUS] mode=FTG front=10.00 L=0.34 R=0.90 gap=+0.03 v=+0.39 w=-0.49 personLvl=0
[INFO] [1784718551.364810409] [yolo_navigator]: [STATUS] mode=FTG front=0.80 L=0.37 R=0.57 gap=+0.40 v=+0.21 w=+0.08 personLvl=0
[INFO] [1784718556.365756120] [yolo_navigator]: [STATUS] mode=FTG front=0.43 L=0.70 R=0.38 gap=+0.35 v=+0.07 w=+0.01 personLvl=0
[INFO] [1784718557.315226840] [yolo_navigator]: [ROTATE_OPEN] front=0.40 open=+1.33
[INFO] [1784718558.064670475] [yolo_navigator]: [FTG] gap=+0.34 W=2.77
[INFO] [1784718560.418930989] [yolo_navigator]: [ROTATE_OPEN] front=0.38 open=+1.34
[INFO] [1784718560.814373574] [yolo_navigator]: [REVERSE] front=0.31 dir=+1
[INFO] [1784718561.364820714] [yolo_navigator]: [FTG] gap=+0.11 W=2.03
[INFO] [1784718561.427286010] [yolo_navigator]: [STATUS] mode=FTG front=0.52 L=1.51 R=0.31 gap=+0.11 v=+0.18 w=+0.50 personLvl=0
[INFO] [1784718566.464631127] [yolo_navigator]: [STATUS] mode=FTG front=10.00 L=0.94 R=0.41 gap=-0.07 v=+0.37 w=-0.53 personLvl=0
[INFO] [1784718571.518164409] [yolo_navigator]: [STATUS] mode=FTG front=0.41 L=1.09 R=0.29 gap=+0.13 v=+0.08 w=+0.03 personLvl=0
[INFO] [1784718572.114707169] [yolo_navigator]: [ROTATE_OPEN] front=0.40 open=+0.89
[INFO] [1784718572.914630633] [yolo_navigator]: [FTG] gap=+0.09 W=2.33
[INFO] [1784718576.514748018] [yolo_navigator]: [STATUS] mode=FTG front=10.00 L=0.94 R=0.42 gap=+0.05 v=+0.38 w=-0.26 personLvl=0
[INFO] [1784718581.515556500] [yolo_navigator]: [STATUS] mode=FTG front=10.00 L=3.64 R=0.38 gap=-0.01 v=+0.39 w=+0.84 personLvl=0
[INFO] [1784718586.565686451] [yolo_navigator]: [STATUS] mode=FTG front=10.00 L=3.32 R=0.53 gap=+0.22 v=+0.29 w=-0.08 personLvl=0
[INFO] [1784718591.614828460] [yolo_navigator]: [STATUS] mode=FTG front=10.00 L=3.23 R=0.58 gap=+0.36 v=+0.23 w=+0.02 personLvl=0
[INFO] [1784718596.665792345] [yolo_navigator]: [STATUS] mode=FTG front=10.00 L=2.68 R=0.65 gap=+0.22 v=+0.29 w=-0.08 personLvl=0
[INFO] [1784718601.714709144] [yolo_navigator]: [STATUS] mode=FTG front=10.00 L=1.27 R=0.69 gap=+0.33 v=+0.24 w=+0.08 personLvl=0
[INFO] [1784718606.715945397] [yolo_navigator]: [STATUS] mode=FTG front=0.71 L=0.74 R=0.79 gap=+0.43 v=+0.20 w=+0.14 personLvl=0
[INFO] [1784718611.735691807] [yolo_navigator]: [STATUS] mode=FTG front=0.46 L=1.19 R=0.60 gap=+0.42 v=+0.07 w=+0.11 personLvl=0
[INFO] [1784718614.014976944] [yolo_navigator]: [ROTATE_OPEN] front=0.39 open=+1.29
[INFO] [1784718616.365131882] [yolo_navigator]: [FTG] gap=+0.19 W=15.14
[INFO] [1784718616.765007963] [yolo_navigator]: [STATUS] mode=FTG front=10.00 L=3.26 R=0.41 gap=+0.03 v=+0.39 w=-0.41 personLvl=0
[INFO] [1784718621.765127330] [yolo_navigator]: [STATUS] mode=FTG front=10.00 L=3.57 R=3.51 gap=+0.23 v=+0.29 w=-0.15 personLvl=0
[INFO] [1784718626.815716589] [yolo_navigator]: [STATUS] mode=FTG front=10.00 L=2.18 R=3.32 gap=-0.26 v=+0.28 w=+0.10 personLvl=0
[INFO] [1784718631.870404885] [yolo_navigator]: [STATUS] mode=FTG front=1.16 L=1.49 R=3.19 gap=-0.33 v=+0.24 w=+0.01 personLvl=0
[INFO] [1784718636.914911088] [yolo_navigator]: [STATUS] mode=FTG front=10.00 L=0.60 R=2.93 gap=+0.02 v=+0.39 w=-0.41 personLvl=0
[INFO] [1784718641.966322834] [yolo_navigator]: [STATUS] mode=FTG front=10.00 L=0.78 R=2.41 gap=+0.20 v=+0.30 w=-0.20 personLvl=0
[INFO] [1784718647.014716928] [yolo_navigator]: [STATUS] mode=FTG front=10.00 L=1.03 R=2.11 gap=+0.35 v=+0.23 w=+0.02 personLvl=0
[INFO] [1784718652.024342461] [yolo_navigator]: [STATUS] mode=FTG front=10.00 L=4.35 R=2.04 gap=+0.35 v=+0.23 w=+0.02 personLvl=0
[INFO] [1784718657.066007341] [yolo_navigator]: [STATUS] mode=FTG front=10.00 L=4.13 R=1.12 gap=+0.04 v=+0.38 w=-0.10 personLvl=0
[INFO] [1784718662.114594961] [yolo_navigator]: [STATUS] mode=FTG front=0.48 L=3.82 R=0.48 gap=+0.11 v=+0.15 w=+0.35 personLvl=0
[INFO] [1784718664.417235693] [yolo_navigator]: [ROTATE_OPEN] front=0.36 open=+0.75
[INFO] [1784718664.615214254] [yolo_navigator]: [REVERSE] front=0.31 dir=+1
[INFO] [1784718664.865361005] [yolo_navigator]: [FTG] gap=-0.04 W=2.70
[INFO] [1784718667.114977755] [yolo_navigator]: [STATUS] mode=FTG front=10.00 L=1.83 R=5.12 gap=+0.01 v=+0.40 w=+0.46 personLvl=0
[INFO] [1784718672.114706498] [yolo_navigator]: [STATUS] mode=FTG front=10.00 L=2.55 R=4.38 gap=+0.12 v=+0.34 w=-0.26 personLvl=0
[INFO] [1784718677.115581466] [yolo_navigator]: [STATUS] mode=FTG front=10.00 L=1.76 R=3.67 gap=+0.14 v=+0.33 w=-0.15 personLvl=0
[INFO] [1784718682.216906464] [yolo_navigator]: [STATUS] mode=FTG front=10.00 L=1.06 R=3.04 gap=-0.15 v=+0.33 w=+0.21 personLvl=0
[INFO] [1784718687.215159296] [yolo_navigator]: [STATUS] mode=FTG front=10.00 L=0.72 R=2.50 gap=+0.12 v=+0.34 w=-0.27 personLvl=0
[INFO] [1784718692.223860310] [yolo_navigator]: [STATUS] mode=FTG front=10.00 L=0.87 R=2.06 gap=-0.17 v=+0.32 w=+0.20 personLvl=0
[INFO] [1784718697.264546805] [yolo_navigator]: [STATUS] mode=FTG front=10.00 L=3.03 R=1.78 gap=-0.21 v=+0.30 w=+0.15 personLvl=0
[INFO] [1784718702.264779465] [yolo_navigator]: [STATUS] mode=FTG front=10.00 L=2.86 R=1.59 gap=-0.12 v=+0.34 w=-0.02 personLvl=0
[INFO] [1784718707.265630498] [yolo_navigator]: [STATUS] mode=FTG front=10.00 L=1.38 R=1.62 gap=-0.12 v=+0.34 w=-0.02 personLvl=0
[INFO] [1784718712.266987519] [yolo_navigator]: [STATUS] mode=FTG front=0.60 L=0.62 R=2.91 gap=-0.12 v=+0.25 w=-0.01 personLvl=0
[INFO] [1784718714.015618096] [yolo_navigator]: [ROTATE_OPEN] front=0.40 open=-0.65
[INFO] [1784718715.264159854] [yolo_navigator]: [FTG] gap=+0.13 W=1.42
[INFO] [1784718717.314722401] [yolo_navigator]: [STATUS] mode=FTG front=10.00 L=0.35 R=1.89 gap=-0.20 v=+0.31 w=-0.43 personLvl=0
[INFO] [1784718722.315549236] [yolo_navigator]: [STATUS] mode=FTG front=10.00 L=1.78 R=1.81 gap=-0.29 v=+0.26 w=-0.06 personLvl=0
[INFO] [1784718727.353729158] [yolo_navigator]: [STATUS] mode=FTG front=10.00 L=3.83 R=1.18 gap=-0.26 v=+0.28 w=-0.06 personLvl=0
[INFO] [1784718732.365103908] [yolo_navigator]: [STATUS] mode=FTG front=10.00 L=3.60 R=0.67 gap=-0.27 v=+0.27 w=+0.11 personLvl=0
[INFO] [1784718737.364640180] [yolo_navigator]: [STATUS] mode=FTG front=10.00 L=1.91 R=0.58 gap=+0.10 v=+0.35 w=+0.01 personLvl=0
[INFO] [1784718742.413250386] [yolo_navigator]: [STATUS] mode=FTG front=10.00 L=1.23 R=2.29 gap=-1.39 v=+0.10 w=-1.46 personLvl=0
[INFO] [1784718747.414743728] [yolo_navigator]: [STATUS] mode=FTG front=10.00 L=1.89 R=2.98 gap=-0.33 v=+0.24 w=+0.00 personLvl=0
[INFO] [1784718752.514423145] [yolo_navigator]: [STATUS] mode=FTG front=10.00 L=1.51 R=2.71 gap=-0.35 v=+0.23 w=-0.02 personLvl=0
[INFO] [1784718757.557299220] [yolo_navigator]: [STATUS] mode=FTG front=10.00 L=1.20 R=2.49 gap=-0.45 v=+0.18 w=-0.14 personLvl=0
[INFO] [1784718762.564502128] [yolo_navigator]: [STATUS] mode=FTG front=1.11 L=0.84 R=2.44 gap=-0.55 v=+0.14 w=-0.25 personLvl=0
[INFO] [1784718767.615157919] [yolo_navigator]: [STATUS] mode=FTG front=0.94 L=0.58 R=2.39 gap=-0.28 v=+0.27 w=+0.02 personLvl=0
[INFO] [1784718772.722649212] [yolo_navigator]: [STATUS] mode=FTG front=0.43 L=0.37 R=2.38 gap=-0.38 v=+0.06 w=-0.05 personLvl=0
[INFO] [1784718773.565018457] [yolo_navigator]: [ROTATE_OPEN] front=0.40 open=-0.94
[INFO] [1784718774.364259393] [yolo_navigator]: [FTG] gap=-0.27 W=5.85
[INFO] [1784718777.722757379] [yolo_navigator]: [STATUS] mode=FTG front=10.00 L=0.45 R=2.11 gap=+0.08 v=+0.36 w=+0.32 personLvl=0
[INFO] [1784718782.764646397] [yolo_navigator]: [STATUS] mode=FTG front=10.00 L=2.41 R=5.10 gap=-0.64 v=+0.10 w=-0.23 personLvl=0
[INFO] [1784718787.765713743] [yolo_navigator]: [STATUS] mode=FTG front=10.00 L=1.94 R=2.14 gap=-0.18 v=+0.31 w=+0.22 personLvl=0
[INFO] [1784718792.814333491] [yolo_navigator]: [STATUS] mode=FTG front=10.00 L=1.30 R=6.73 gap=+0.23 v=+0.29 w=-0.14 personLvl=0
[INFO] [1784718797.864441086] [yolo_navigator]: [STATUS] mode=FTG front=10.00 L=0.78 R=6.08 gap=+0.35 v=+0.23 w=+0.02 personLvl=0
[INFO] [1784718802.865658983] [yolo_navigator]: [STATUS] mode=FTG front=10.00 L=0.65 R=3.36 gap=+0.37 v=+0.22 w=+0.02 personLvl=0
[INFO] [1784718807.892264750] [yolo_navigator]: [STATUS] mode=FTG front=10.00 L=1.38 R=1.88 gap=+0.06 v=+0.37 w=-0.38 personLvl=0
[INFO] [1784718812.914770698] [yolo_navigator]: [STATUS] mode=FTG front=10.00 L=1.06 R=1.33 gap=-0.01 v=+0.40 w=-0.10 personLvl=0
[INFO] [1784718817.916450860] [yolo_navigator]: [STATUS] mode=FTG front=10.00 L=3.85 R=0.78 gap=+0.01 v=+0.39 w=-0.00 personLvl=0
[INFO] [1784718822.950875234] [yolo_navigator]: [STATUS] mode=FTG front=10.00 L=3.77 R=2.12 gap=-0.45 v=+0.18 w=-0.29 personLvl=0
[INFO] [1784718827.964618096] [yolo_navigator]: [STATUS] mode=FTG front=10.00 L=2.85 R=2.30 gap=-0.19 v=+0.31 w=-0.05 personLvl=0
[INFO] [1784718833.036430124] [yolo_navigator]: [STATUS] mode=FTG front=10.00 L=2.36 R=1.57 gap=+0.02 v=+0.39 w=-0.00 personLvl=0
[INFO] [1784718838.065089343] [yolo_navigator]: [STATUS] mode=FTG front=10.00 L=1.66 R=0.98 gap=+0.03 v=+0.38 w=+0.04 personLvl=0
[INFO] [1784718843.074469741] [yolo_navigator]: [STATUS] mode=FTG front=10.00 L=1.20 R=1.36 gap=+0.01 v=+0.39 w=+0.06 personLvl=0
[INFO] [1784718848.115217412] [yolo_navigator]: [STATUS] mode=FTG front=10.00 L=2.25 R=1.35 gap=-0.99 v=+0.10 w=-0.62 personLvl=0
[INFO] [1784718853.137736680] [yolo_navigator]: [STATUS] mode=FTG front=10.00 L=2.11 R=1.27 gap=+0.34 v=+0.23 w=+0.50 personLvl=0
[INFO] [1784718858.171757546] [yolo_navigator]: [STATUS] mode=FTG front=10.00 L=1.90 R=1.29 gap=-0.99 v=+0.10 w=-0.55 personLvl=0
[INFO] [1784718859.664644752] [yolo_navigator]: [WEDGE] open=+0.35
[INFO] [1784718859.764639915] [yolo_navigator]: [FTG] gap=-1.00 W=1.51
[INFO] [1784718861.064062087] [yolo_navigator]: [WEDGE] open=+0.33
[INFO] [1784718861.764596524] [yolo_navigator]: [FTG] gap=+0.34 W=3.33
[INFO] [1784718862.014258995] [yolo_navigator]: [WEDGE] open=+0.54
[INFO] [1784718863.183385601] [yolo_navigator]: [STATUS] mode=WEDGE front=10.00 L=1.69 R=1.26 gap=+0.00 v=+0.40 w=+0.38 personLvl=0
[INFO] [1784718863.914971464] [yolo_navigator]: [FTG] gap=-1.34 W=0.63
[INFO] [1784718864.564189938] [yolo_navigator]: [WEDGE] open=+0.09
[INFO] [1784718864.864896748] [yolo_navigator]: [FTG] gap=-1.43 W=0.48
[INFO] [1784718865.264530118] [yolo_navigator]: [WEDGE] open=+0.35
[INFO] [1784718865.565142330] [yolo_navigator]: [FTG] gap=-1.31 W=0.68
[INFO] [1784718865.729482862] [yolo_navigator]: [WEDGE] open=+0.40
[INFO] [1784718866.914202807] [yolo_navigator]: [FTG] gap=-1.32 W=0.66
[INFO] [1784718868.114125441] [yolo_navigator]: [WEDGE] open=-1.15
[INFO] [1784718868.294858334] [yolo_navigator]: [STATUS] mode=WEDGE front=0.98 L=1.10 R=1.02 gap=+0.00 v=+0.05 w=-1.00 personLvl=0
[INFO] [1784718870.814622726] [yolo_navigator]: [FTG] gap=-1.47 W=8.76
[INFO] [1784718873.352649836] [yolo_navigator]: [STATUS] mode=FTG front=1.11 L=0.92 R=2.14 gap=-0.54 v=+0.14 w=-0.25 personLvl=0
[INFO] [1784718878.380878920] [yolo_navigator]: [STATUS] mode=FTG front=0.81 L=0.65 R=2.06 gap=-0.43 v=+0.19 w=-0.09 personLvl=0
[INFO] [1784718883.414672133] [yolo_navigator]: [STATUS] mode=FTG front=0.49 L=0.43 R=2.62 gap=-0.35 v=+0.10 w=-0.03 personLvl=0
[INFO] [1784718888.182979766] [yolo_navigator]: [ROTATE_OPEN] front=0.40 open=-0.35
[INFO] [1784718888.415552118] [yolo_navigator]: [STATUS] mode=ROTATE_OPEN front=0.39 L=0.37 R=2.58 gap=-0.38 v=+0.00 w=-1.00 personLvl=0
[INFO] [1784718889.014485978] [yolo_navigator]: [FTG] gap=-0.33 W=6.41
[INFO] [1784718893.464665054] [yolo_navigator]: [STATUS] mode=FTG front=10.00 L=0.60 R=2.08 gap=+0.25 v=+0.28 w=-0.08 personLvl=0
[INFO] [1784718898.464874363] [yolo_navigator]: [STATUS] mode=FTG front=10.00 L=0.79 R=1.68 gap=+0.32 v=+0.25 w=+0.01 personLvl=0
[INFO] [1784718903.466069732] [yolo_navigator]: [STATUS] mode=FTG front=10.00 L=3.07 R=1.41 gap=+0.33 v=+0.24 w=+0.01 personLvl=0
[INFO] [1784718908.465172919] [yolo_navigator]: [STATUS] mode=FTG front=10.00 L=3.18 R=1.49 gap=+0.33 v=+0.24 w=+0.01 personLvl=0
[INFO] [1784718913.533570519] [yolo_navigator]: [STATUS] mode=FTG front=10.00 L=2.80 R=2.66 gap=+0.29 v=+0.26 w=-0.02 personLvl=0
[INFO] [1784718918.583293726] [yolo_navigator]: [STATUS] mode=FTG front=10.00 L=2.47 R=2.03 gap=+0.33 v=+0.24 w=+0.00 personLvl=0
[INFO] [1784718923.614549387] [yolo_navigator]: [STATUS] mode=FTG front=10.00 L=2.22 R=1.38 gap=+0.35 v=+0.23 w=+0.00 personLvl=0
[INFO] [1784718928.614660728] [yolo_navigator]: [STATUS] mode=FTG front=0.79 L=2.09 R=0.82 gap=+0.37 v=+0.22 w=-0.04 personLvl=0
[INFO] [1784718933.614922939] [yolo_navigator]: [STATUS] mode=FTG front=0.44 L=2.00 R=0.48 gap=+0.35 v=+0.07 w=+0.03 personLvl=0
[INFO] [1784718934.864529365] [yolo_navigator]: [ROTATE_OPEN] front=0.39 open=+0.45
[INFO] [1784718936.421683489] [yolo_navigator]: [FTG] gap=+0.05 W=2.82
[INFO] [1784718938.700268160] [yolo_navigator]: [STATUS] mode=FTG front=10.00 L=1.80 R=0.36 gap=-0.06 v=+0.37 w=+0.93 personLvl=0
[INFO] [1784718943.715136811] [yolo_navigator]: [STATUS] mode=FTG front=10.00 L=1.28 R=4.95 gap=-0.41 v=+0.20 w=-0.13 personLvl=0
[INFO] [1784718948.715718678] [yolo_navigator]: [STATUS] mode=FTG front=1.12 L=0.91 R=4.69 gap=-0.32 v=+0.25 w=-0.01 personLvl=0
[INFO] [1784718953.729360957] [yolo_navigator]: [STATUS] mode=FTG front=0.57 L=0.53 R=4.46 gap=-0.31 v=+0.16 w=-0.05 personLvl=0
[INFO] [1784718956.521484890] [yolo_navigator]: [ROTATE_OPEN] front=0.40 open=-0.37
[INFO] [1784718957.515193153] [yolo_navigator]: [FTG] gap=-0.28 W=1.97
[INFO] [1784718958.764789681] [yolo_navigator]: [STATUS] mode=FTG front=0.63 L=0.43 R=4.33 gap=+0.01 v=+0.32 w=+0.39 personLvl=0
[INFO] [1784718963.764635155] [yolo_navigator]: [STATUS] mode=FTG front=10.00 L=5.04 R=1.89 gap=+0.36 v=+0.23 w=+0.02 personLvl=0
[INFO] [1784718968.769213025] [yolo_navigator]: [STATUS] mode=FTG front=10.00 L=3.81 R=1.80 gap=+0.34 v=+0.24 w=-0.02 personLvl=0
[INFO] [1784718973.823401404] [yolo_navigator]: [STATUS] mode=FTG front=10.00 L=3.47 R=3.06 gap=+0.46 v=+0.18 w=+0.17 personLvl=0
[INFO] [1784718978.837744358] [yolo_navigator]: [STATUS] mode=FTG front=10.00 L=4.84 R=2.05 gap=+0.32 v=+0.24 w=+0.03 personLvl=0
[INFO] [1784718983.864837232] [yolo_navigator]: [STATUS] mode=FTG front=10.00 L=4.72 R=1.41 gap=+0.31 v=+0.25 w=-0.00 personLvl=0
[INFO] [1784718988.914243478] [yolo_navigator]: [STATUS] mode=FTG front=0.84 L=4.58 R=0.79 gap=+0.31 v=+0.25 w=-0.00 personLvl=0
[INFO] [1784718993.414591367] [yolo_navigator]: [ROTATE_OPEN] front=0.39 open=+1.27
[INFO] [1784718993.988423843] [yolo_navigator]: [STATUS] mode=ROTATE_OPEN front=0.38 L=4.23 R=0.43 gap=+0.32 v=+0.00 w=+1.00 personLvl=0
[INFO] [1784718994.365392768] [yolo_navigator]: [FTG] gap=+0.25 W=4.16
[INFO] [1784718996.164523478] [yolo_navigator]: [ROTATE_OPEN] front=0.38 open=+1.08
[INFO] [1784718996.313877786] [yolo_navigator]: [REVERSE] front=0.31 dir=+1
[INFO] [1784718997.014259785] [yolo_navigator]: [FTG] gap=+0.01 W=3.35
[INFO] [1784718999.002697502] [yolo_navigator]: [STATUS] mode=FTG front=10.00 L=3.85 R=3.73 gap=-0.06 v=+0.37 w=+0.33 personLvl=0
[INFO] [1784719004.016289599] [yolo_navigator]: [STATUS] mode=FTG front=10.00 L=3.77 R=3.30 gap=+0.33 v=+0.24 w=-0.01 personLvl=0
[INFO] [1784719009.098081630] [yolo_navigator]: [STATUS] mode=FTG front=10.00 L=3.82 R=3.09 gap=+0.35 v=+0.23 w=+0.02 personLvl=0
[INFO] [1784719014.114992531] [yolo_navigator]: [STATUS] mode=FTG front=10.00 L=2.11 R=3.09 gap=-0.19 v=+0.31 w=+0.00 personLvl=0
[INFO] [1784719019.164888277] [yolo_navigator]: [STATUS] mode=FTG front=10.00 L=1.24 R=3.51 gap=-0.21 v=+0.30 w=-0.01 personLvl=0
[INFO] [1784719024.224959740] [yolo_navigator]: [STATUS] mode=FTG front=0.48 L=0.52 R=2.89 gap=-0.24 v=+0.12 w=+0.00 personLvl=0
[INFO] [1784719025.390376560] [yolo_navigator]: [ROTATE_OPEN] front=0.39 open=-1.13
[INFO] [1784719026.365121101] [yolo_navigator]: [FTG] gap=-0.13 W=1.72
[INFO] [1784719029.264849080] [yolo_navigator]: [STATUS] mode=FTG front=10.00 L=0.45 R=3.23 gap=+0.23 v=+0.29 w=-0.16 personLvl=0
[INFO] [1784719034.271431042] [yolo_navigator]: [STATUS] mode=FTG front=10.00 L=1.75 R=2.66 gap=+0.11 v=+0.35 w=-0.25 personLvl=0
[INFO] [1784719039.321099272] [yolo_navigator]: [STATUS] mode=FTG front=10.00 L=1.32 R=2.23 gap=+0.32 v=+0.25 w=+0.02 personLvl=0
[INFO] [1784719044.403429705] [yolo_navigator]: [STATUS] mode=FTG front=10.00 L=1.03 R=1.84 gap=+0.20 v=+0.31 w=-0.19 personLvl=0
[INFO] [1784719049.431074095] [yolo_navigator]: [STATUS] mode=FTG front=10.00 L=1.92 R=1.46 gap=-0.53 v=+0.14 w=-0.14 personLvl=0
[INFO] [1784719054.464505835] [yolo_navigator]: [STATUS] mode=FTG front=10.00 L=2.20 R=1.23 gap=-0.44 v=+0.19 w=-0.03 personLvl=0
[INFO] [1784719059.464800030] [yolo_navigator]: [STATUS] mode=FTG front=10.00 L=1.50 R=1.07 gap=-0.45 v=+0.19 w=-0.06 personLvl=0
[INFO] [1784719064.464789935] [yolo_navigator]: [STATUS] mode=FTG front=0.91 L=0.94 R=1.40 gap=-0.44 v=+0.19 w=-0.04 personLvl=0
[INFO] [1784719069.465017670] [yolo_navigator]: [STATUS] mode=FTG front=0.52 L=0.56 R=1.46 gap=-0.57 v=+0.07 w=-0.22 personLvl=0
[INFO] [1784719073.414667739] [yolo_navigator]: [ROTATE_OPEN] front=0.39 open=-1.29
[INFO] [1784719074.164319719] [yolo_navigator]: [FTG] gap=-0.20 W=2.68
[INFO] [1784719074.465079002] [yolo_navigator]: [STATUS] mode=FTG front=0.46 L=0.45 R=1.33 gap=-0.07 v=+0.14 w=-0.32 personLvl=0
[INFO] [1784719079.465019400] [yolo_navigator]: [STATUS] mode=FTG front=10.00 L=0.62 R=1.01 gap=+0.31 v=+0.25 w=-0.02 personLvl=0
[INFO] [1784719084.514553668] [yolo_navigator]: [STATUS] mode=FTG front=10.00 L=1.50 R=1.20 gap=+0.52 v=+0.15 w=+0.34 personLvl=0
[INFO] [1784719089.514938546] [yolo_navigator]: [STATUS] mode=FTG front=10.00 L=1.22 R=2.34 gap=+0.43 v=+0.19 w=+0.12 personLvl=0
[INFO] [1784719094.515631613] [yolo_navigator]: [STATUS] mode=FTG front=0.88 L=0.98 R=3.99 gap=-0.83 v=+0.10 w=-0.54 personLvl=0
[INFO] [1784719099.520097711] [yolo_navigator]: [STATUS] mode=FTG front=10.00 L=0.53 R=4.53 gap=-0.33 v=+0.24 w=-0.01 personLvl=0
[INFO] [1784719104.628620028] [yolo_navigator]: [STATUS] mode=FTG front=10.00 L=0.41 R=3.38 gap=-0.36 v=+0.23 w=-0.03 personLvl=0
[INFO] [1784719109.636683069] [yolo_navigator]: [STATUS] mode=FTG front=10.00 L=1.81 R=3.83 gap=-0.39 v=+0.21 w=-0.06 personLvl=0
[INFO] [1784719113.527022066] [yolo_navigator]: [PERSON] level=1 h=177px
[INFO] [1784719114.664874391] [yolo_navigator]: [STATUS] mode=FTG front=10.00 L=1.83 R=3.44 gap=-0.06 v=+0.22 w=+0.29 personLvl=1
[INFO] [1784719119.707292284] [yolo_navigator]: [STATUS] mode=FTG front=10.00 L=1.41 R=3.09 gap=-0.41 v=+0.06 w=-0.62 personLvl=1
[INFO] [1784719119.765382219] [yolo_navigator]: [PERSON] level=2 h=204px
[INFO] [1784719124.715242293] [yolo_navigator]: [STATUS] mode=FTG front=0.99 L=1.07 R=2.91 gap=-0.42 v=+0.10 w=-0.04 personLvl=2
[INFO] [1784719129.807761582] [yolo_navigator]: [STATUS] mode=FTG front=0.76 L=0.81 R=2.76 gap=-0.43 v=+0.10 w=-0.18 personLvl=2
[INFO] [1784719134.815643410] [yolo_navigator]: [STATUS] mode=FTG front=0.49 L=0.53 R=2.59 gap=-0.36 v=+0.10 w=-0.09 personLvl=2
[INFO] [1784719136.914629206] [yolo_navigator]: [ROTATE_OPEN] front=0.40 open=-1.40
[INFO] [1784719137.814186517] [yolo_navigator]: [FTG] gap=+0.08 W=3.19
[INFO] [1784719138.345252990] [yolo_navigator]: [PERSON] level=0 h=0px
[INFO] [1784719139.814901564] [yolo_navigator]: [STATUS] mode=FTG front=10.00 L=0.39 R=2.31 gap=+0.00 v=+0.40 w=-0.33 personLvl=0
[INFO] [1784719144.864134526] [yolo_navigator]: [STATUS] mode=FTG front=10.00 L=2.56 R=1.60 gap=-0.36 v=+0.23 w=-0.05 personLvl=0
[INFO] [1784719149.881221967] [yolo_navigator]: [STATUS] mode=FTG front=10.00 L=2.00 R=1.22 gap=-0.35 v=+0.23 w=-0.04 personLvl=0
[INFO] [1784719154.914486446] [yolo_navigator]: [STATUS] mode=FTG front=10.00 L=1.53 R=0.89 gap=-0.35 v=+0.23 w=-0.05 personLvl=0
[INFO] [1784719159.914798257] [yolo_navigator]: [STATUS] mode=FTG front=10.00 L=1.27 R=0.64 gap=-0.25 v=+0.28 w=-0.02 personLvl=0
[INFO] [1784719164.914839785] [yolo_navigator]: [STATUS] mode=FTG front=10.00 L=3.07 R=0.57 gap=-0.25 v=+0.28 w=-0.00 personLvl=0
[INFO] [1784719169.966656675] [yolo_navigator]: [STATUS] mode=FTG front=10.00 L=2.45 R=0.63 gap=+0.16 v=+0.32 w=-0.03 personLvl=0
[INFO] [1784719175.014979970] [yolo_navigator]: [STATUS] mode=FTG front=10.00 L=1.86 R=1.13 gap=+0.19 v=+0.31 w=+0.06 personLvl=0
[INFO] [1784719180.064758513] [yolo_navigator]: [STATUS] mode=FTG front=10.00 L=1.18 R=3.35 gap=+0.17 v=+0.32 w=+0.09 personLvl=0
[INFO] [1784719185.065451287] [yolo_navigator]: [STATUS] mode=FTG front=10.00 L=0.56 R=2.69 gap=-0.17 v=+0.32 w=+0.03 personLvl=0
[INFO] [1784719190.079684451] [yolo_navigator]: [STATUS] mode=FTG front=10.00 L=0.64 R=2.10 gap=-0.18 v=+0.31 w=+0.01 personLvl=0
[INFO] [1784719195.115357819] [yolo_navigator]: [STATUS] mode=FTG front=10.00 L=2.70 R=1.66 gap=-0.50 v=+0.16 w=-0.16 personLvl=0
[INFO] [1784719200.154744552] [yolo_navigator]: [STATUS] mode=FTG front=10.00 L=2.41 R=1.33 gap=+0.11 v=+0.35 w=+0.38 personLvl=0
[INFO] [1784719205.248574535] [yolo_navigator]: [STATUS] mode=FTG front=10.00 L=2.05 R=1.09 gap=-0.57 v=+0.13 w=-0.23 personLvl=0
[INFO] [1784719210.408272616] [yolo_navigator]: [STATUS] mode=FTG front=10.00 L=1.72 R=1.17 gap=-0.04 v=+0.38 w=+0.23 personLvl=0
[INFO] [1784719215.365158522] [yolo_navigator]: [STATUS] mode=FTG front=10.00 L=1.29 R=1.63 gap=-0.32 v=+0.25 w=-0.04 personLvl=0
[INFO] [1784719220.414636704] [yolo_navigator]: [STATUS] mode=FTG front=1.19 L=0.91 R=2.51 gap=-0.56 v=+0.13 w=-0.30 personLvl=0
[INFO] [1784719225.437654494] [yolo_navigator]: [STATUS] mode=FTG front=0.85 L=0.59 R=3.41 gap=-0.39 v=+0.21 w=-0.06 personLvl=0
[INFO] [1784719230.464715360] [yolo_navigator]: [STATUS] mode=FTG front=0.43 L=0.37 R=3.22 gap=-0.35 v=+0.06 w=-0.01 personLvl=0
[INFO] [1784719231.364896273] [yolo_navigator]: [ROTATE_OPEN] front=0.40 open=-1.19
[INFO] [1784719232.364887645] [yolo_navigator]: [FTG] gap=-0.25 W=2.04
[INFO] [1784719233.983073644] [yolo_navigator]: [PERSON] level=2 h=256px
[INFO] [1784719235.552701289] [yolo_navigator]: [STATUS] mode=FTG front=10.00 L=0.56 R=1.75 gap=+0.23 v=+0.10 w=+0.45 personLvl=2
[INFO] [1784719236.567099344] [yolo_navigator]: [PERSON] level=0 h=0px
[INFO] [1784719240.165092733] [yolo_navigator]: [ROTATE_OPEN] front=0.40 open=-1.26
[INFO] [1784719240.514488769] [yolo_navigator]: [STATUS] mode=ROTATE_OPEN front=0.36 L=0.34 R=2.28 gap=-0.34 v=+0.00 w=-1.00 personLvl=0
[INFO] [1784719241.063979590] [yolo_navigator]: [FTG] gap=-0.28 W=2.23
[INFO] [1784719243.115871443] [yolo_navigator]: [PERSON] level=2 h=270px
[INFO] [1784719243.515764204] [yolo_navigator]: [PERSON] level=0 h=0px
[INFO] [1784719245.541077618] [yolo_navigator]: [STATUS] mode=FTG front=10.00 L=0.48 R=1.59 gap=-0.11 v=+0.35 w=-0.04 personLvl=0
[INFO] [1784719250.591864325] [yolo_navigator]: [STATUS] mode=FTG front=10.00 L=0.57 R=0.79 gap=-0.06 v=+0.37 w=-0.01 personLvl=0
[INFO] [1784719255.614334804] [yolo_navigator]: [STATUS] mode=FTG front=10.00 L=0.70 R=3.02 gap=-0.04 v=+0.38 w=-0.02 personLvl=0
[INFO] [1784719260.616087227] [yolo_navigator]: [STATUS] mode=FTG front=10.00 L=0.77 R=2.66 gap=-0.29 v=+0.26 w=-0.04 personLvl=0
[INFO] [1784719265.618258681] [yolo_navigator]: [STATUS] mode=FTG front=10.00 L=0.86 R=2.28 gap=-0.26 v=+0.27 w=-0.03 personLvl=0
[INFO] [1784719270.665191798] [yolo_navigator]: [STATUS] mode=FTG front=10.00 L=1.03 R=1.76 gap=-0.25 v=+0.28 w=-0.07 personLvl=0
[INFO] [1784719273.064074233] [yolo_navigator]: [WEDGE] open=-0.77
[INFO] [1784719275.014551710] [yolo_navigator]: [FTG] gap=-1.46 W=3.36
[INFO] [1784719275.068037126] [yolo_navigator]: [WEDGE] open=-1.45
[INFO] [1784719275.251769156] [yolo_navigator]: [FTG] gap=-1.47 W=8.66
[INFO] [1784719275.699884565] [yolo_navigator]: [STATUS] mode=FTG front=10.00 L=0.90 R=1.36 gap=-1.30 v=+0.10 w=-1.23 personLvl=0
[INFO] [1784719280.742552801] [yolo_navigator]: [STATUS] mode=FTG front=10.00 L=0.99 R=2.74 gap=-0.38 v=+0.22 w=-0.04 personLvl=0
[INFO] [1784719285.793771641] [yolo_navigator]: [STATUS] mode=FTG front=0.74 L=0.60 R=1.96 gap=-0.42 v=+0.20 w=-0.09 personLvl=0
[INFO] [1784719290.816148762] [yolo_navigator]: [STATUS] mode=FTG front=0.45 L=0.40 R=2.49 gap=-0.33 v=+0.08 w=-0.04 personLvl=0
[INFO] [1784719294.014673157] [yolo_navigator]: [ROTATE_OPEN] front=0.40 open=-0.37
[INFO] [1784719294.715538948] [yolo_navigator]: [FTG] gap=-0.37 W=3.15
[INFO] [1784719295.865278019] [yolo_navigator]: [STATUS] mode=FTG front=0.94 L=0.39 R=2.44 gap=-0.01 v=+0.39 w=-0.45 personLvl=0
[INFO] [1784719300.915291471] [yolo_navigator]: [STATUS] mode=FTG front=10.00 L=0.67 R=1.81 gap=+0.30 v=+0.26 w=-0.04 personLvl=0
[INFO] [1784719305.965068823] [yolo_navigator]: [STATUS] mode=FTG front=10.00 L=3.01 R=1.49 gap=+0.32 v=+0.24 w=+0.01 personLvl=0
[INFO] [1784719311.026038738] [yolo_navigator]: [STATUS] mode=FTG front=10.00 L=3.07 R=3.20 gap=+0.36 v=+0.23 w=+0.03 personLvl=0
[INFO] [1784719316.016483871] [yolo_navigator]: [STATUS] mode=FTG front=10.00 L=2.67 R=2.51 gap=+0.37 v=+0.22 w=+0.05 personLvl=0
[INFO] [1784719321.052114641] [yolo_navigator]: [STATUS] mode=FTG front=10.00 L=2.29 R=1.83 gap=+0.37 v=+0.22 w=+0.03 personLvl=0
[INFO] [1784719326.136997474] [yolo_navigator]: [STATUS] mode=FTG front=1.12 L=2.09 R=1.17 gap=+0.35 v=+0.23 w=+0.00 personLvl=0
[INFO] [1784719331.164707116] [yolo_navigator]: [STATUS] mode=FTG front=0.53 L=2.00 R=0.57 gap=+0.53 v=+0.08 w=+0.25 personLvl=0
[INFO] [1784719334.464493309] [yolo_navigator]: [ROTATE_OPEN] front=0.40 open=+0.47
[INFO] [1784719335.914921631] [yolo_navigator]: [FTG] gap=+0.04 W=2.99
[INFO] [1784719336.220596940] [yolo_navigator]: [STATUS] mode=FTG front=0.42 L=1.91 R=0.45 gap=+0.00 v=+0.11 w=-0.37 personLvl=0
[INFO] [1784719341.214785580] [yolo_navigator]: [STATUS] mode=FTG front=10.00 L=1.32 R=5.00 gap=-0.51 v=+0.15 w=-0.26 personLvl=0
[INFO] [1784719346.264971132] [yolo_navigator]: [STATUS] mode=FTG front=10.00 L=0.98 R=4.75 gap=-0.32 v=+0.25 w=-0.01 personLvl=0
[INFO] [1784719351.264962866] [yolo_navigator]: [STATUS] mode=FTG front=0.62 L=0.57 R=4.49 gap=-0.33 v=+0.19 w=-0.08 personLvl=0
[INFO] [1784719355.376043030] [yolo_navigator]: [ROTATE_OPEN] front=0.40 open=-0.35
[INFO] [1784719356.279615544] [yolo_navigator]: [STATUS] mode=ROTATE_OPEN front=0.39 L=0.41 R=4.39 gap=-0.36 v=+0.00 w=-1.00 personLvl=0
[INFO] [1784719356.314691425] [yolo_navigator]: [FTG] gap=-0.31 W=4.45
[INFO] [1784719361.315308294] [yolo_navigator]: [STATUS] mode=FTG front=10.00 L=3.50 R=3.75 gap=+0.11 v=+0.35 w=-0.29 personLvl=0
[INFO] [1784719366.334042206] [yolo_navigator]: [STATUS] mode=FTG front=10.00 L=3.92 R=3.02 gap=+0.09 v=+0.36 w=-0.32 personLvl=0
[INFO] [1784719371.338538229] [yolo_navigator]: [STATUS] mode=FTG front=10.00 L=3.68 R=2.41 gap=-0.05 v=+0.38 w=+0.34 personLvl=0
[INFO] [1784719376.365592410] [yolo_navigator]: [STATUS] mode=FTG front=10.00 L=3.25 R=1.95 gap=+0.16 v=+0.32 w=-0.23 personLvl=0
[INFO] [1784719381.395060125] [yolo_navigator]: [STATUS] mode=FTG front=10.00 L=3.07 R=1.72 gap=-0.19 v=+0.31 w=+0.17 personLvl=0
[INFO] [1784719386.422333745] [yolo_navigator]: [STATUS] mode=FTG front=10.00 L=4.55 R=1.86 gap=+0.27 v=+0.27 w=-0.10 personLvl=0
[INFO] [1784719391.464197076] [yolo_navigator]: [STATUS] mode=FTG front=10.00 L=2.19 R=2.73 gap=+0.39 v=+0.21 w=+0.06 personLvl=0
[INFO] [1784719396.465265816] [yolo_navigator]: [STATUS] mode=FTG front=1.17 L=3.88 R=1.46 gap=+0.36 v=+0.23 w=+0.03 personLvl=0
[INFO] [1784719401.515132552] [yolo_navigator]: [STATUS] mode=FTG front=0.70 L=0.73 R=0.88 gap=+0.78 v=+0.10 w=+1.04 personLvl=0
[INFO] [1784719406.564672243] [yolo_navigator]: [STATUS] mode=FTG front=10.00 L=3.23 R=0.50 gap=-0.19 v=+0.31 w=-0.02 personLvl=0
[INFO] [1784719411.565210467] [yolo_navigator]: [STATUS] mode=FTG front=10.00 L=2.78 R=3.06 gap=+0.29 v=+0.26 w=+0.04 personLvl=0
[INFO] [1784719416.614557836] [yolo_navigator]: [STATUS] mode=FTG front=10.00 L=2.42 R=1.49 gap=+0.27 v=+0.27 w=+0.01 personLvl=0
[INFO] [1784719421.664762243] [yolo_navigator]: [STATUS] mode=FTG front=0.90 L=2.19 R=0.84 gap=+0.29 v=+0.26 w=+0.02 personLvl=0
[INFO] [1784719426.665732501] [yolo_navigator]: [STATUS] mode=FTG front=10.00 L=2.00 R=0.46 gap=-0.14 v=+0.33 w=+0.24 personLvl=0
[INFO] [1784719431.714812599] [yolo_navigator]: [STATUS] mode=FTG front=10.00 L=1.59 R=4.40 gap=-0.29 v=+0.26 w=+0.06 personLvl=0
[INFO] [1784719436.764455778] [yolo_navigator]: [STATUS] mode=FTG front=10.00 L=1.39 R=3.91 gap=-0.59 v=+0.12 w=-0.28 personLvl=0
[INFO] [1784719441.765007007] [yolo_navigator]: [STATUS] mode=FTG front=10.00 L=1.53 R=1.92 gap=+0.18 v=+0.31 w=-0.22 personLvl=0
[INFO] [1784719446.814760835] [yolo_navigator]: [STATUS] mode=FTG front=10.00 L=0.99 R=2.39 gap=-0.20 v=+0.30 w=-0.03 personLvl=0
[INFO] [1784719451.871429799] [yolo_navigator]: [STATUS] mode=FTG front=10.00 L=0.70 R=1.62 gap=-0.19 v=+0.31 w=-0.03 personLvl=0
[INFO] [1784719456.864883733] [yolo_navigator]: [STATUS] mode=FTG front=10.00 L=2.60 R=0.93 gap=-0.12 v=+0.34 w=-0.39 personLvl=0
[INFO] [1784719461.865083208] [yolo_navigator]: [STATUS] mode=FTG front=10.00 L=1.99 R=0.47 gap=+0.21 v=+0.30 w=+0.03 personLvl=0
[INFO] [1784719466.893704142] [yolo_navigator]: [STATUS] mode=FTG front=10.00 L=1.48 R=0.42 gap=+0.24 v=+0.28 w=+0.05 personLvl=0
[INFO] [1784719471.914594860] [yolo_navigator]: [STATUS] mode=FTG front=10.00 L=0.87 R=1.68 gap=+0.23 v=+0.29 w=+0.06 personLvl=0
[INFO] [1784719476.964668677] [yolo_navigator]: [STATUS] mode=FTG front=10.00 L=0.58 R=1.34 gap=+0.18 v=+0.31 w=+0.09 personLvl=0
[INFO] [1784719482.015581382] [yolo_navigator]: [STATUS] mode=FTG front=10.00 L=0.72 R=1.17 gap=-0.42 v=+0.20 w=-0.81 personLvl=0
[INFO] [1784719483.819693281] [yolo_navigator]: [WEDGE] open=+1.45
[INFO] [1784719483.864500614] [yolo_navigator]: [FTG] gap=+1.20 W=4.92
[INFO] [1784719487.031225553] [yolo_navigator]: [STATUS] mode=FTG front=10.00 L=0.63 R=1.09 gap=+0.34 v=+0.24 w=+0.12 personLvl=0
[INFO] [1784719492.065043457] [yolo_navigator]: [STATUS] mode=FTG front=10.00 L=0.38 R=1.61 gap=+0.42 v=+0.20 w=+0.19 personLvl=0
[INFO] [1784719497.427806545] [yolo_navigator]: [STATUS] mode=FTG front=10.00 L=0.72 R=1.81 gap=+0.23 v=+0.29 w=+0.02 personLvl=0
[INFO] [1784719502.314655257] [yolo_navigator]: [STATUS] mode=FTG front=10.00 L=1.02 R=1.42 gap=+0.36 v=+0.23 w=+0.11 personLvl=0
[INFO] [1784719507.319042212] [yolo_navigator]: [STATUS] mode=FTG front=10.00 L=1.29 R=1.05 gap=-0.07 v=+0.37 w=-0.37 personLvl=0
[INFO] [1784719512.346084435] [yolo_navigator]: [STATUS] mode=FTG front=0.71 L=1.72 R=0.62 gap=+0.58 v=+0.12 w=+0.31 personLvl=0
[INFO] [1784719517.386251971] [yolo_navigator]: [STATUS] mode=FTG front=0.53 L=2.32 R=0.42 gap=+0.35 v=+0.13 w=+0.01 personLvl=0
[INFO] [1784719519.965050174] [yolo_navigator]: [ROTATE_OPEN] front=0.40 open=+0.35
[INFO] [1784719520.764519804] [yolo_navigator]: [FTG] gap=+0.34 W=2.82
[INFO] [1784719522.365403552] [yolo_navigator]: [STATUS] mode=FTG front=10.00 L=2.13 R=0.40 gap=-0.12 v=+0.34 w=+0.39 personLvl=0
[INFO] [1784719527.414477114] [yolo_navigator]: [STATUS] mode=FTG front=10.00 L=1.62 R=0.54 gap=-0.48 v=+0.17 w=-0.06 personLvl=0
[INFO] [1784719532.414743131] [yolo_navigator]: [STATUS] mode=FTG front=10.00 L=1.23 R=0.59 gap=-0.44 v=+0.19 w=+0.00 personLvl=0
[INFO] [1784719537.465578218] [yolo_navigator]: [STATUS] mode=FTG front=0.86 L=0.88 R=0.82 gap=-0.97 v=+0.10 w=-0.66 personLvl=0
[INFO] [1784719542.465166651] [yolo_navigator]: [STATUS] mode=FTG front=0.74 L=2.03 R=0.65 gap=+0.33 v=+0.24 w=+0.01 personLvl=0
[INFO] [1784719547.465240874] [yolo_navigator]: [STATUS] mode=FTG front=0.43 L=1.85 R=0.42 gap=+0.38 v=+0.06 w=+0.01 personLvl=0
[INFO] [1784719548.366945959] [yolo_navigator]: [ROTATE_OPEN] front=0.40 open=+0.28
[INFO] [1784719549.315406699] [yolo_navigator]: [FTG] gap=+0.29 W=5.93
[INFO] [1784719552.628937197] [yolo_navigator]: [STATUS] mode=FTG front=10.00 L=1.42 R=0.45 gap=-0.46 v=+0.18 w=-0.14 personLvl=0
[INFO] [1784719557.545006948] [yolo_navigator]: [STATUS] mode=FTG front=10.00 L=0.98 R=2.30 gap=-0.37 v=+0.22 w=-0.02 personLvl=0
[INFO] [1784719562.565203320] [yolo_navigator]: [STATUS] mode=FTG front=0.79 L=0.58 R=2.24 gap=-0.49 v=+0.16 w=-0.22 personLvl=0
[INFO] [1784719567.615884974] [yolo_navigator]: [STATUS] mode=FTG front=0.40 L=0.43 R=2.15 gap=-0.44 v=+0.04 w=-0.08 personLvl=0
[INFO] [1784719568.014047190] [yolo_navigator]: [ROTATE_OPEN] front=0.39 open=-0.37
[INFO] [1784719569.314439097] [yolo_navigator]: [FTG] gap=-0.02 W=1.94
[INFO] [1784719572.681804223] [yolo_navigator]: [STATUS] mode=FTG front=10.00 L=0.49 R=1.20 gap=+0.61 v=+0.11 w=+0.28 personLvl=0
[INFO] [1784719577.714765420] [yolo_navigator]: [STATUS] mode=FTG front=10.00 L=2.04 R=1.37 gap=+0.49 v=+0.17 w=+0.10 personLvl=0
[INFO] [1784719582.715697623] [yolo_navigator]: [STATUS] mode=FTG front=1.05 L=1.65 R=0.98 gap=+0.53 v=+0.15 w=+0.25 personLvl=0
[INFO] [1784719587.778963789] [yolo_navigator]: [STATUS] mode=FTG front=0.63 L=2.22 R=0.59 gap=+0.35 v=+0.19 w=+0.02 personLvl=0
[INFO] [1784719592.814988665] [yolo_navigator]: [STATUS] mode=FTG front=0.41 L=2.05 R=0.43 gap=+0.46 v=+0.04 w=+0.02 personLvl=0
[INFO] [1784719593.514139945] [yolo_navigator]: [ROTATE_OPEN] front=0.40 open=+0.31
[INFO] [1784719594.315428130] [yolo_navigator]: [FTG] gap=+0.41 W=6.03
[INFO] [1784719597.839833281] [yolo_navigator]: [STATUS] mode=FTG front=10.00 L=1.59 R=0.43 gap=+0.12 v=+0.34 w=-0.34 personLvl=0
[INFO] [1784719602.865139191] [yolo_navigator]: [STATUS] mode=FTG front=0.70 L=0.78 R=3.86 gap=-0.20 v=+0.31 w=+0.20 personLvl=0
[INFO] [1784719606.664351250] [yolo_navigator]: [ROTATE_OPEN] front=0.39 open=-0.94
[INFO] [1784719607.914106095] [yolo_navigator]: [FTG] gap=-0.24 W=4.50
[INFO] [1784719607.914759773] [yolo_navigator]: [STATUS] mode=FTG front=0.82 L=0.41 R=3.74 gap=-0.24 v=+0.28 w=-0.65 personLvl=0
[INFO] [1784719612.914748022] [yolo_navigator]: [STATUS] mode=FTG front=10.00 L=0.74 R=2.99 gap=-0.03 v=+0.39 w=-0.49 personLvl=0
[INFO] [1784719617.965307992] [yolo_navigator]: [STATUS] mode=FTG front=10.00 L=1.45 R=2.21 gap=-0.06 v=+0.37 w=+0.37 personLvl=0
[INFO] [1784719622.964948329] [yolo_navigator]: [STATUS] mode=FTG front=10.00 L=2.41 R=1.64 gap=-0.01 v=+0.39 w=-0.47 personLvl=0
[INFO] [1784719627.965465640] [yolo_navigator]: [STATUS] mode=FTG front=10.00 L=2.27 R=1.61 gap=-0.22 v=+0.30 w=+0.13 personLvl=0
[INFO] [1784719633.014413821] [yolo_navigator]: [STATUS] mode=FTG front=10.00 L=1.98 R=1.86 gap=+0.25 v=+0.28 w=+0.58 personLvl=0
[INFO] [1784719638.065802809] [yolo_navigator]: [STATUS] mode=FTG front=10.00 L=1.58 R=1.38 gap=-0.56 v=+0.13 w=-0.33 personLvl=0
[INFO] [1784719643.084139596] [yolo_navigator]: [STATUS] mode=FTG front=10.00 L=1.19 R=0.85 gap=-0.33 v=+0.24 w=-0.05 personLvl=0
[INFO] [1784719648.115113676] [yolo_navigator]: [STATUS] mode=FTG front=1.19 L=0.83 R=0.67 gap=-0.08 v=+0.36 w=+0.21 personLvl=0
[INFO] [1784719653.115438027] [yolo_navigator]: [STATUS] mode=FTG front=0.75 L=0.51 R=0.96 gap=-0.35 v=+0.23 w=-0.01 personLvl=0
[INFO] [1784719657.614669390] [yolo_navigator]: [ROTATE_OPEN] front=0.40 open=-0.58
[INFO] [1784719658.144902967] [yolo_navigator]: [STATUS] mode=ROTATE_OPEN front=0.39 L=0.36 R=1.11 gap=-0.35 v=+0.00 w=-1.00 personLvl=0
[INFO] [1784719658.514815947] [yolo_navigator]: [FTG] gap=-0.30 W=2.00
[INFO] [1784719662.321147362] [yolo_navigator]: [ROTATE_OPEN] front=0.40 open=-0.44
[INFO] [1784719663.113823479] [yolo_navigator]: [FTG] gap=-0.09 W=2.20
[INFO] [1784719663.176622810] [yolo_navigator]: [STATUS] mode=FTG front=0.57 L=0.30 R=1.05 gap=-0.09 v=+0.23 w=-0.30 personLvl=0
[INFO] [1784719668.214771749] [yolo_navigator]: [STATUS] mode=FTG front=10.00 L=0.43 R=0.77 gap=-0.08 v=+0.36 w=+0.08 personLvl=0
[INFO] [1784719673.264741891] [yolo_navigator]: [STATUS] mode=FTG front=10.00 L=0.51 R=0.37 gap=+0.00 v=+0.40 w=-0.04 personLvl=0
[INFO] [1784719678.265081987] [yolo_navigator]: [STATUS] mode=FTG front=10.00 L=0.67 R=2.26 gap=-0.05 v=+0.37 w=+0.01 personLvl=0
[INFO] [1784719683.265519584] [yolo_navigator]: [STATUS] mode=FTG front=10.00 L=0.75 R=1.70 gap=-0.31 v=+0.25 w=-0.05 personLvl=0
[INFO] [1784719688.315048739] [yolo_navigator]: [STATUS] mode=FTG front=10.00 L=0.89 R=1.25 gap=-0.30 v=+0.26 w=-0.07 personLvl=0
[INFO] [1784719693.364529754] [yolo_navigator]: [STATUS] mode=FTG front=10.00 L=1.18 R=1.00 gap=-0.27 v=+0.27 w=-0.09 personLvl=0
[INFO] [1784719696.014012703] [yolo_navigator]: [WEDGE] open=-0.66
[INFO] [1784719697.413949752] [yolo_navigator]: [FTG] gap=+0.09 W=3.58
[INFO] [1784719698.412678032] [yolo_navigator]: [STATUS] mode=FTG front=0.66 L=0.92 R=0.64 gap=+0.13 v=+0.30 w=+0.47 personLvl=0
[INFO] [1784719703.429948957] [yolo_navigator]: [STATUS] mode=FTG front=0.81 L=0.57 R=0.30 gap=-0.39 v=+0.21 w=-0.06 personLvl=0
[INFO] [1784719708.466826854] [yolo_navigator]: [STATUS] mode=FTG front=0.43 L=0.37 R=0.71 gap=-0.35 v=+0.06 w=-0.01 personLvl=0
[INFO] [1784719709.214422650] [yolo_navigator]: [ROTATE_OPEN] front=0.40 open=-0.44
[INFO] [1784719710.089882332] [yolo_navigator]: [FTG] gap=-0.34 W=2.06
[INFO] [1784719712.628582944] [yolo_navigator]: [ROTATE_OPEN] front=0.38 open=-0.28
[INFO] [1784719712.964245675] [yolo_navigator]: [REVERSE] front=0.30 dir=-1
[INFO] [1784719713.492266571] [yolo_navigator]: [STATUS] mode=REVERSE front=0.30 L=0.29 R=0.87 gap=-0.21 v=+0.05 w=-1.20 personLvl=0
[INFO] [1784719713.664754346] [yolo_navigator]: [FTG] gap=-0.07 W=1.92
[INFO] [1784719718.514963882] [yolo_navigator]: [STATUS] mode=FTG front=0.70 L=0.96 R=0.47 gap=+0.37 v=+0.22 w=+0.03 personLvl=0
[INFO] [1784719723.515199738] [yolo_navigator]: [STATUS] mode=FTG front=10.00 L=1.07 R=0.36 gap=+0.42 v=+0.20 w=+0.13 personLvl=0
[INFO] [1784719728.601932118] [yolo_navigator]: [STATUS] mode=FTG front=10.00 L=1.34 R=2.60 gap=+0.50 v=+0.16 w=+0.21 personLvl=0
[INFO] [1784719733.673086126] [yolo_navigator]: [STATUS] mode=FTG front=10.00 L=1.41 R=1.77 gap=+0.35 v=+0.23 w=+0.00 personLvl=0
[INFO] [1784719738.861508324] [yolo_navigator]: [STATUS] mode=FTG front=1.03 L=1.58 R=1.10 gap=+0.36 v=+0.23 w=+0.00 personLvl=0
[INFO] [1784719743.814713758] [yolo_navigator]: [STATUS] mode=FTG front=0.47 L=1.71 R=0.49 gap=+0.36 v=+0.09 w=+0.00 personLvl=0
[INFO] [1784719745.517138749] [yolo_navigator]: [ROTATE_OPEN] front=0.39 open=-1.38
[INFO] [1784719748.164522156] [yolo_navigator]: [FTG] gap=-0.52 W=4.75
[INFO] [1784719748.849653944] [yolo_navigator]: [STATUS] mode=FTG front=0.67 L=0.44 R=2.50 gap=-0.21 v=+0.28 w=+0.25 personLvl=0
[INFO] [1784719750.364415235] [yolo_navigator]: [ROTATE_OPEN] front=0.38 open=-0.30
[INFO] [1784719751.414324950] [yolo_navigator]: [FTG] gap=-0.23 W=4.60
[INFO] [1784719753.864159681] [yolo_navigator]: [STATUS] mode=FTG front=10.00 L=0.57 R=1.99 gap=+0.64 v=+0.10 w=+0.40 personLvl=0
[INFO] [1784719758.864988016] [yolo_navigator]: [STATUS] mode=FTG front=10.00 L=0.56 R=1.56 gap=+0.34 v=+0.24 w=+0.02 personLvl=0
[INFO] [1784719763.929440302] [yolo_navigator]: [STATUS] mode=FTG front=0.93 L=0.61 R=0.94 gap=+0.33 v=+0.24 w=+0.03 personLvl=0
[INFO] [1784719768.964547066] [yolo_navigator]: [STATUS] mode=FTG front=0.42 L=2.55 R=0.47 gap=+0.40 v=+0.06 w=+0.03 personLvl=0
[INFO] [1784719769.913921050] [yolo_navigator]: [ROTATE_OPEN] front=0.39 open=+0.37
[INFO] [1784719770.914950292] [yolo_navigator]: [FTG] gap=+0.27 W=8.07
[INFO] [1784719773.974102914] [yolo_navigator]: [STATUS] mode=FTG front=10.00 L=0.95 R=0.37 gap=-0.33 v=+0.24 w=+0.02 personLvl=0
[INFO] [1784719779.013314709] [yolo_navigator]: [STATUS] mode=FTG front=10.00 L=1.82 R=0.47 gap=-0.35 v=+0.23 w=-0.00 personLvl=0
[INFO] [1784719784.014300992] [yolo_navigator]: [STATUS] mode=FTG front=1.02 L=0.97 R=1.23 gap=-0.35 v=+0.23 w=+0.00 personLvl=0
[INFO] [1784719789.014297770] [yolo_navigator]: [STATUS] mode=FTG front=0.49 L=0.51 R=3.56 gap=-0.48 v=+0.08 w=-0.07 personLvl=0
[INFO] [1784719793.134603295] [yolo_navigator]: [ROTATE_OPEN] front=0.40 open=+1.34
[INFO] [1784719794.064510535] [yolo_navigator]: [STATUS] mode=ROTATE_OPEN front=0.36 L=0.42 R=0.85 gap=-0.54 v=+0.00 w=+1.00 personLvl=0
[INFO] [1784719797.014041549] [yolo_navigator]: [FTG] gap=+0.04 W=3.43
[INFO] [1784719799.114921245] [yolo_navigator]: [STATUS] mode=FTG front=10.00 L=1.74 R=0.64 gap=-0.40 v=+0.21 w=-0.07 personLvl=0
[INFO] [1784719804.114813681] [yolo_navigator]: [STATUS] mode=FTG front=10.00 L=1.00 R=3.60 gap=+0.14 v=+0.33 w=+0.10 personLvl=0
[INFO] [1784719809.178155979] [yolo_navigator]: [STATUS] mode=FTG front=10.00 L=0.26 R=2.86 gap=+0.28 v=+0.27 w=-0.03 personLvl=0
[INFO] [1784719814.221145931] [yolo_navigator]: [STATUS] mode=FTG front=10.00 L=0.48 R=2.46 gap=+0.01 v=+0.40 w=+0.02 personLvl=0
[INFO] [1784719819.270722767] [yolo_navigator]: [STATUS] mode=FTG front=10.00 L=0.66 R=2.23 gap=-0.83 v=+0.10 w=-0.36 personLvl=0
[INFO] [1784719823.414127325] [yolo_navigator]: [WEDGE] open=-0.52
[INFO] [1784719824.289384611] [yolo_navigator]: [STATUS] mode=WEDGE front=10.00 L=2.45 R=2.16 gap=+0.00 v=+0.40 w=-0.54 personLvl=0
[INFO] [1784719829.323661328] [yolo_navigator]: [STATUS] mode=WEDGE front=10.00 L=1.83 R=1.37 gap=+0.00 v=+0.40 w=-0.02 personLvl=0
[INFO] [1784719833.164723067] [yolo_navigator]: [FTG] gap=+0.69 W=2.55
[INFO] [1784719834.085537309] [yolo_navigator]: [WEDGE] open=+0.19
[INFO] [1784719834.393762235] [yolo_navigator]: [STATUS] mode=WEDGE front=0.74 L=1.45 R=0.73 gap=+0.00 v=+0.05 w=+1.00 personLvl=0
[INFO] [1784719837.464158293] [yolo_navigator]: [FTG] gap=+0.70 W=2.14
[INFO] [1784719838.639576855] [yolo_navigator]: [ROTATE_OPEN] front=0.39 open=+0.42
[INFO] [1784719838.814298101] [yolo_navigator]: [WEDGE] open=+0.16
[INFO] [1784719839.424388672] [yolo_navigator]: [STATUS] mode=WEDGE front=0.38 L=1.22 R=0.44 gap=+0.00 v=+0.05 w=+1.00 personLvl=0
[INFO] [1784719841.163897582] [yolo_navigator]: [REVERSE] front=0.28 dir=+1
[INFO] [1784719843.414732933] [yolo_navigator]: [FTG] gap=-0.56 W=2.21
[INFO] [1784719844.468020769] [yolo_navigator]: [STATUS] mode=FTG front=1.01 L=1.04 R=0.35 gap=-1.07 v=+0.10 w=-0.89 personLvl=0
[INFO] [1784719846.679732853] [yolo_navigator]: [REVERSE] front=0.13 dir=+1
[INFO] [1784719847.565512437] [yolo_navigator]: [FTG] gap=-0.64 W=7.89
[INFO] [1784719849.479241240] [yolo_navigator]: [STATUS] mode=FTG front=0.98 L=0.88 R=0.30 gap=-0.74 v=+0.10 w=-0.52 personLvl=0
[INFO] [1784719854.514418888] [yolo_navigator]: [STATUS] mode=FTG front=0.99 L=0.67 R=0.53 gap=-0.13 v=+0.34 w=+0.18 personLvl=0
[INFO] [1784719859.514632260] [yolo_navigator]: [STATUS] mode=FTG front=0.52 L=0.41 R=3.60 gap=-0.35 v=+0.12 w=-0.01 personLvl=0
[INFO] [1784719861.914293522] [yolo_navigator]: [ROTATE_OPEN] front=0.40 open=-1.06
[INFO] [1784719862.763953591] [yolo_navigator]: [FTG] gap=-0.28 W=2.43
[INFO] [1784719864.515168825] [yolo_navigator]: [STATUS] mode=FTG front=10.00 L=0.54 R=1.17 gap=+0.44 v=+0.19 w=+0.16 personLvl=0
[INFO] [1784719869.564994814] [yolo_navigator]: [STATUS] mode=FTG front=10.00 L=0.85 R=3.60 gap=-0.31 v=+0.25 w=-0.00 personLvl=0
[INFO] [1784719874.614836094] [yolo_navigator]: [STATUS] mode=FTG front=10.00 L=1.13 R=3.19 gap=-0.32 v=+0.25 w=-0.02 personLvl=0
[INFO] [1784719879.655509344] [yolo_navigator]: [STATUS] mode=FTG front=10.00 L=2.14 R=2.63 gap=+0.20 v=+0.30 w=+0.04 personLvl=0
[INFO] [1784719884.665082366] [yolo_navigator]: [STATUS] mode=FTG front=10.00 L=1.53 R=2.06 gap=+0.15 v=+0.33 w=+0.04 personLvl=0
[INFO] [1784719889.665729353] [yolo_navigator]: [STATUS] mode=FTG front=10.00 L=0.81 R=1.80 gap=+0.12 v=+0.34 w=+0.09 personLvl=0
[INFO] [1784719894.714594123] [yolo_navigator]: [STATUS] mode=FTG front=10.00 L=0.59 R=2.29 gap=+0.40 v=+0.21 w=+0.64 personLvl=0
[INFO] [1784719899.764672672] [yolo_navigator]: [STATUS] mode=FTG front=10.00 L=2.10 R=2.02 gap=-0.32 v=+0.24 w=+0.01 personLvl=0
[INFO] [1784719904.872963916] [yolo_navigator]: [STATUS] mode=FTG front=10.00 L=1.21 R=3.04 gap=-0.37 v=+0.22 w=-0.03 personLvl=0
[INFO] [1784719909.916000171] [yolo_navigator]: [STATUS] mode=FTG front=1.12 L=0.74 R=3.57 gap=-0.41 v=+0.20 w=-0.11 personLvl=0
[INFO] [1784719914.914440212] [yolo_navigator]: [STATUS] mode=FTG front=0.56 L=0.44 R=3.35 gap=-0.45 v=+0.12 w=-0.15 personLvl=0
[INFO] [1784719919.915044732] [yolo_navigator]: [STATUS] mode=FTG front=10.00 L=0.40 R=3.18 gap=+0.05 v=+0.38 w=-0.60 personLvl=0
[INFO] [1784719924.972126611] [yolo_navigator]: [STATUS] mode=FTG front=0.67 L=0.41 R=2.62 gap=-0.29 v=+0.24 w=+0.06 personLvl=0
[INFO] [1784719926.636663933] [yolo_navigator]: [ROTATE_OPEN] front=0.40 open=-0.89
[INFO] [1784719927.414868153] [yolo_navigator]: [FTG] gap=-0.34 W=3.00
[INFO] [1784719930.202951935] [yolo_navigator]: [STATUS] mode=FTG front=10.00 L=0.46 R=2.37 gap=-0.02 v=+0.39 w=+0.43 personLvl=0
[INFO] [1784719935.114555713] [yolo_navigator]: [STATUS] mode=FTG front=10.00 L=0.34 R=2.25 gap=-0.26 v=+0.27 w=+0.11 personLvl=0
[INFO] [1784719940.115154528] [yolo_navigator]: [STATUS] mode=FTG front=10.00 L=2.42 R=2.40 gap=-0.51 v=+0.15 w=-0.21 personLvl=0
[INFO] [1784719945.165030514] [yolo_navigator]: [STATUS] mode=FTG front=10.00 L=2.00 R=2.36 gap=-0.36 v=+0.23 w=-0.00 personLvl=0
[INFO] [1784719950.186439940] [yolo_navigator]: [STATUS] mode=FTG front=10.00 L=1.53 R=2.92 gap=-0.37 v=+0.22 w=-0.03 personLvl=0
[INFO] [1784719955.214609496] [yolo_navigator]: [STATUS] mode=FTG front=10.00 L=1.07 R=3.61 gap=+0.09 v=+0.36 w=-0.33 personLvl=0
[INFO] [1784719960.235279173] [yolo_navigator]: [STATUS] mode=FTG front=10.00 L=0.59 R=6.12 gap=+0.37 v=+0.22 w=+0.04 personLvl=0
[INFO] [1784719965.264423675] [yolo_navigator]: [STATUS] mode=FTG front=10.00 L=0.51 R=2.38 gap=+0.36 v=+0.23 w=+0.03 personLvl=0
[INFO] [1784719970.264988709] [yolo_navigator]: [STATUS] mode=FTG front=10.00 L=1.25 R=1.85 gap=+0.31 v=+0.25 w=-0.04 personLvl=0
[INFO] [1784719975.315433606] [yolo_navigator]: [STATUS] mode=FTG front=10.00 L=1.14 R=1.30 gap=+0.18 v=+0.31 w=+0.16 personLvl=0
[INFO] [1784719980.364976779] [yolo_navigator]: [STATUS] mode=FTG front=10.00 L=3.87 R=0.70 gap=+0.04 v=+0.38 w=+0.00 personLvl=0
[INFO] [1784719985.418486136] [yolo_navigator]: [STATUS] mode=FTG front=10.00 L=2.71 R=2.16 gap=+0.04 v=+0.38 w=+0.27 personLvl=0
[INFO] [1784719990.526731944] [yolo_navigator]: [STATUS] mode=FTG front=10.00 L=2.85 R=2.11 gap=-0.06 v=+0.37 w=-0.11 personLvl=0
[INFO] [1784719995.568913115] [yolo_navigator]: [STATUS] mode=FTG front=10.00 L=1.96 R=1.24 gap=+0.02 v=+0.39 w=+0.02 personLvl=0
[INFO] [1784720000.692173573] [yolo_navigator]: [STATUS] mode=FTG front=10.00 L=1.32 R=1.14 gap=-0.02 v=+0.39 w=+0.03 personLvl=0
[INFO] [1784720005.678103982] [yolo_navigator]: [STATUS] mode=FTG front=10.00 L=2.30 R=1.27 gap=+0.36 v=+0.23 w=+0.53 personLvl=0
[INFO] [1784720010.664965224] [yolo_navigator]: [STATUS] mode=FTG front=10.00 L=2.01 R=1.39 gap=-1.03 v=+0.10 w=-0.63 personLvl=0
[INFO] [1784720015.714737185] [yolo_navigator]: [STATUS] mode=FTG front=10.00 L=1.82 R=1.33 gap=-1.03 v=+0.10 w=-0.60 personLvl=0
[INFO] [1784720016.664219631] [yolo_navigator]: [WEDGE] open=+0.24
[INFO] [1784720017.014338748] [yolo_navigator]: [FTG] gap=+0.24 W=3.55
[INFO] [1784720017.865770145] [yolo_navigator]: [WEDGE] open=+0.44
[INFO] [1784720019.614233419] [yolo_navigator]: [FTG] gap=-1.33 W=0.68
[INFO] [1784720020.765072262] [yolo_navigator]: [STATUS] mode=FTG front=10.00 L=1.47 R=1.41 gap=-1.35 v=+0.10 w=-1.10 personLvl=0
[INFO] [1784720020.914196646] [yolo_navigator]: [WEDGE] open=+0.33
[INFO] [1784720022.814981860] [yolo_navigator]: [FTG] gap=-1.35 W=0.61
[INFO] [1784720023.164327023] [yolo_navigator]: [WEDGE] open=-1.45
[INFO] [1784720024.064289413] [yolo_navigator]: [FTG] gap=-1.42 W=0.59
[INFO] [1784720024.264270623] [yolo_navigator]: [WEDGE] open=-1.45
[INFO] [1784720024.926530126] [yolo_navigator]: [FTG] gap=-1.40 W=0.68
[INFO] [1784720025.264547199] [yolo_navigator]: [WEDGE] open=-1.20
[INFO] [1784720025.881717955] [yolo_navigator]: [STATUS] mode=WEDGE front=0.80 L=0.84 R=0.90 gap=+0.00 v=+0.05 w=-1.00 personLvl=0
[INFO] [1784720027.265432415] [yolo_navigator]: [FTG] gap=-1.40 W=4.04
[INFO] [1784720027.414663061] [yolo_navigator]: [WEDGE] open=-1.45
[INFO] [1784720027.664448756] [yolo_navigator]: [FTG] gap=-1.47 W=8.99
[INFO] [1784720030.847778877] [yolo_navigator]: [STATUS] mode=FTG front=10.00 L=1.02 R=2.94 gap=-0.36 v=+0.23 w=-0.00 personLvl=0
[INFO] [1784720035.865660847] [yolo_navigator]: [STATUS] mode=FTG front=0.76 L=0.64 R=1.88 gap=-0.46 v=+0.18 w=-0.14 personLvl=0
[INFO] [1784720040.948743493] [yolo_navigator]: [STATUS] mode=FTG front=0.48 L=0.42 R=2.60 gap=-0.42 v=+0.09 w=-0.04 personLvl=0
[INFO] [1784720044.165354090] [yolo_navigator]: [ROTATE_OPEN] front=0.40 open=-0.31
[INFO] [1784720045.108658609] [yolo_navigator]: [FTG] gap=-0.33 W=5.94
[INFO] [1784720046.005957683] [yolo_navigator]: [STATUS] mode=FTG front=10.00 L=0.40 R=2.53 gap=-0.03 v=+0.39 w=-1.34 personLvl=0
[INFO] [1784720051.062427410] [yolo_navigator]: [STATUS] mode=FTG front=10.00 L=0.70 R=1.86 gap=+0.27 v=+0.27 w=-0.06 personLvl=0
[INFO] [1784720056.119791119] [yolo_navigator]: [STATUS] mode=FTG front=10.00 L=3.06 R=1.48 gap=+0.32 v=+0.24 w=+0.01 personLvl=0
[INFO] [1784720061.114807471] [yolo_navigator]: [STATUS] mode=FTG front=10.00 L=3.20 R=1.39 gap=+0.33 v=+0.24 w=+0.01 personLvl=0
[INFO] [1784720066.166152851] [yolo_navigator]: [STATUS] mode=FTG front=10.00 L=2.81 R=2.66 gap=+0.35 v=+0.23 w=+0.01 personLvl=0
[INFO] [1784720071.189347165] [yolo_navigator]: [STATUS] mode=FTG front=10.00 L=2.46 R=2.01 gap=+0.33 v=+0.24 w=+0.00 personLvl=0
[INFO] [1784720076.214716330] [yolo_navigator]: [STATUS] mode=FTG front=10.00 L=2.20 R=1.33 gap=+0.40 v=+0.21 w=+0.07 personLvl=0
[INFO] [1784720081.264464121] [yolo_navigator]: [STATUS] mode=FTG front=0.67 L=2.06 R=0.71 gap=+0.53 v=+0.14 w=+0.25 personLvl=0
[INFO] [1784720085.764268097] [yolo_navigator]: [ROTATE_OPEN] front=0.39 open=+0.45
[INFO] [1784720086.265155633] [yolo_navigator]: [STATUS] mode=ROTATE_OPEN front=0.38 L=1.98 R=0.44 gap=+0.37 v=+0.00 w=+1.00 personLvl=0
[INFO] [1784720087.114612069] [yolo_navigator]: [FTG] gap=+0.02 W=2.82
[INFO] [1784720091.267444585] [yolo_navigator]: [STATUS] mode=FTG front=10.00 L=1.45 R=4.99 gap=-0.35 v=+0.23 w=-0.01 personLvl=0
[INFO] [1784720096.386712526] [yolo_navigator]: [STATUS] mode=FTG front=10.00 L=1.06 R=4.77 gap=-0.32 v=+0.25 w=-0.01 personLvl=0
[INFO] [1784720101.364743994] [yolo_navigator]: [STATUS] mode=FTG front=0.69 L=0.61 R=4.49 gap=-0.32 v=+0.24 w=-0.01 personLvl=0
[INFO] [1784720105.164222732] [yolo_navigator]: [ROTATE_OPEN] front=0.40 open=-0.35
[INFO] [1784720106.064529840] [yolo_navigator]: [FTG] gap=-0.31 W=4.53
[INFO] [1784720106.365278242] [yolo_navigator]: [STATUS] mode=FTG front=0.49 L=0.42 R=4.34 gap=-0.11 v=+0.16 w=+0.23 personLvl=0
[INFO] [1784720111.452368049] [yolo_navigator]: [STATUS] mode=FTG front=10.00 L=4.32 R=1.88 gap=-0.23 v=+0.29 w=+0.16 personLvl=0
[INFO] [1784720116.414694822] [yolo_navigator]: [STATUS] mode=FTG front=10.00 L=3.46 R=4.63 gap=+0.37 v=+0.22 w=+0.02 personLvl=0
[INFO] [1784720121.427614588] [yolo_navigator]: [STATUS] mode=FTG front=10.00 L=4.88 R=2.49 gap=+0.50 v=+0.16 w=+0.26 personLvl=0
[INFO] [1784720126.465016270] [yolo_navigator]: [STATUS] mode=FTG front=10.00 L=4.75 R=1.74 gap=+0.32 v=+0.24 w=+0.03 personLvl=0
[INFO] [1784720131.507189822] [yolo_navigator]: [STATUS] mode=FTG front=10.00 L=4.67 R=1.11 gap=+0.31 v=+0.25 w=-0.00 personLvl=0
[INFO] [1784720136.514811678] [yolo_navigator]: [STATUS] mode=FTG front=0.57 L=4.34 R=0.57 gap=+0.32 v=+0.16 w=+0.02 personLvl=0
[INFO] [1784720139.215047160] [yolo_navigator]: [ROTATE_OPEN] front=0.39 open=+1.29
[INFO] [1784720140.114188892] [yolo_navigator]: [FTG] gap=+0.24 W=4.10
[INFO] [1784720141.521417739] [yolo_navigator]: [STATUS] mode=FTG front=10.00 L=4.11 R=0.42 gap=-0.02 v=+0.39 w=-0.44 personLvl=0
[INFO] [1784720142.064916476] [yolo_navigator]: [ROTATE_OPEN] front=0.36 open=+1.10
[INFO] [1784720142.214082303] [yolo_navigator]: [REVERSE] front=0.30 dir=+1
[INFO] [1784720142.564790755] [yolo_navigator]: [FTG] gap=+0.01 W=4.16
[INFO] [1784720146.564610515] [yolo_navigator]: [STATUS] mode=FTG front=10.00 L=3.95 R=3.30 gap=-0.12 v=+0.34 w=+0.21 personLvl=0
[INFO] [1784720151.564741940] [yolo_navigator]: [STATUS] mode=FTG front=10.00 L=3.10 R=2.51 gap=-0.18 v=+0.31 w=+0.12 personLvl=0
[INFO] [1784720156.565958440] [yolo_navigator]: [STATUS] mode=FTG front=10.00 L=2.44 R=1.95 gap=+0.10 v=+0.35 w=-0.30 personLvl=0
[INFO] [1784720161.623488738] [yolo_navigator]: [STATUS] mode=FTG front=10.00 L=1.98 R=1.74 gap=-0.14 v=+0.33 w=-0.39 personLvl=0
[INFO] [1784720166.665776815] [yolo_navigator]: [STATUS] mode=FTG front=10.00 L=2.03 R=1.46 gap=+0.27 v=+0.27 w=-0.05 personLvl=0
[INFO] [1784720171.675614767] [yolo_navigator]: [STATUS] mode=FTG front=10.00 L=1.81 R=1.15 gap=+0.36 v=+0.23 w=+0.04 personLvl=0
[INFO] [1784720176.711041852] [yolo_navigator]: [STATUS] mode=FTG front=10.00 L=2.20 R=0.88 gap=+0.34 v=+0.24 w=+0.72 personLvl=0
[INFO] [1784720181.715006669] [yolo_navigator]: [STATUS] mode=FTG front=10.00 L=2.01 R=1.66 gap=+0.05 v=+0.38 w=+0.27 personLvl=0
[INFO] [1784720186.724736868] [yolo_navigator]: [STATUS] mode=FTG front=10.00 L=2.41 R=0.86 gap=+0.01 v=+0.40 w=-0.15 personLvl=0
[INFO] [1784720191.015826099] [yolo_navigator]: [ROTATE_OPEN] front=0.37 open=+1.45
[INFO] [1784720191.765221666] [yolo_navigator]: [FTG] gap=+0.08 W=2.25
[INFO] [1784720191.766069309] [yolo_navigator]: [STATUS] mode=FTG front=0.45 L=2.29 R=0.37 gap=+0.08 v=+0.12 w=+0.65 personLvl=0
[INFO] [1784720196.823665384] [yolo_navigator]: [STATUS] mode=FTG front=10.00 L=2.57 R=1.82 gap=+0.43 v=+0.19 w=+0.34 personLvl=0
[INFO] [1784720201.866577470] [yolo_navigator]: [STATUS] mode=FTG front=10.00 L=2.19 R=1.26 gap=+0.18 v=+0.31 w=-0.00 personLvl=0
[INFO] [1784720206.920671237] [yolo_navigator]: [STATUS] mode=FTG front=10.00 L=1.92 R=0.88 gap=+0.24 v=+0.29 w=+0.04 personLvl=0
[INFO] [1784720211.915223506] [yolo_navigator]: [STATUS] mode=FTG front=10.00 L=1.69 R=1.20 gap=+0.23 v=+0.29 w=+0.01 personLvl=0
[INFO] [1784720216.965017389] [yolo_navigator]: [STATUS] mode=FTG front=10.00 L=1.97 R=2.15 gap=+0.27 v=+0.27 w=+0.05 personLvl=0
[INFO] [1784720221.965511887] [yolo_navigator]: [STATUS] mode=FTG front=10.00 L=1.92 R=1.95 gap=+0.42 v=+0.20 w=+0.11 personLvl=0
[INFO] [1784720227.060493002] [yolo_navigator]: [STATUS] mode=FTG front=10.00 L=4.29 R=1.90 gap=+0.36 v=+0.23 w=+0.02 personLvl=0
[INFO] [1784720232.170734560] [yolo_navigator]: [STATUS] mode=FTG front=10.00 L=2.73 R=1.54 gap=+0.69 v=+0.10 w=+0.42 personLvl=0
[INFO] [1784720237.165297643] [yolo_navigator]: [STATUS] mode=FTG front=10.00 L=3.39 R=1.10 gap=+0.26 v=+0.27 w=+0.00 personLvl=0
[INFO] [1784720242.191589096] [yolo_navigator]: [STATUS] mode=FTG front=1.00 L=2.82 R=0.74 gap=+0.30 v=+0.26 w=+0.04 personLvl=0
[INFO] [1784720247.276872639] [yolo_navigator]: [STATUS] mode=FTG front=0.45 L=1.29 R=0.45 gap=+0.43 v=+0.07 w=+0.07 personLvl=0
[INFO] [1784720252.278180742] [yolo_navigator]: [STATUS] mode=FTG front=0.43 L=2.39 R=0.39 gap=+0.42 v=+0.05 w=+0.10 personLvl=0
[INFO] [1784720253.414962207] [yolo_navigator]: [ROTATE_OPEN] front=0.39 open=+1.17
[INFO] [1784720254.364397800] [yolo_navigator]: [FTG] gap=+0.22 W=2.72
[INFO] [1784720257.314436242] [yolo_navigator]: [STATUS] mode=FTG front=10.00 L=2.02 R=0.45 gap=-0.02 v=+0.39 w=-0.39 personLvl=0
[INFO] [1784720262.411702247] [yolo_navigator]: [STATUS] mode=FTG front=1.02 L=1.07 R=2.80 gap=-0.06 v=+0.37 w=-0.43 personLvl=0
[INFO] [1784720267.443190378] [yolo_navigator]: [STATUS] mode=FTG front=10.00 L=0.54 R=2.02 gap=-0.16 v=+0.33 w=+0.12 personLvl=0
[INFO] [1784720272.480635358] [yolo_navigator]: [STATUS] mode=FTG front=10.00 L=0.71 R=1.44 gap=+0.26 v=+0.28 w=+0.08 personLvl=0
[INFO] [1784720277.514416961] [yolo_navigator]: [STATUS] mode=FTG front=10.00 L=0.75 R=1.17 gap=+0.05 v=+0.38 w=+0.11 personLvl=0
[INFO] [1784720282.515456449] [yolo_navigator]: [STATUS] mode=FTG front=10.00 L=0.67 R=0.79 gap=+0.01 v=+0.40 w=+0.06 personLvl=0
[INFO] [1784720287.515206580] [yolo_navigator]: [STATUS] mode=FTG front=10.00 L=2.54 R=0.53 gap=-0.01 v=+0.40 w=+0.01 personLvl=0
[INFO] [1784720292.564701135] [yolo_navigator]: [STATUS] mode=FTG front=10.00 L=2.45 R=0.57 gap=+0.25 v=+0.28 w=+0.02 personLvl=0
[INFO] [1784720297.620928440] [yolo_navigator]: [STATUS] mode=FTG front=10.00 L=1.85 R=0.61 gap=+0.24 v=+0.28 w=+0.00 personLvl=0
[INFO] [1784720302.614612804] [yolo_navigator]: [STATUS] mode=FTG front=10.00 L=1.44 R=0.63 gap=+0.60 v=+0.11 w=+0.40 personLvl=0
[INFO] [1784720307.616300198] [yolo_navigator]: [STATUS] mode=FTG front=1.17 L=1.25 R=0.92 gap=+0.65 v=+0.10 w=+0.25 personLvl=0
[INFO] [1784720312.726940373] [yolo_navigator]: [STATUS] mode=FTG front=0.79 L=2.62 R=0.59 gap=+0.44 v=+0.19 w=+0.13 personLvl=0
[INFO] [1784720317.714588409] [yolo_navigator]: [STATUS] mode=FTG front=0.45 L=2.57 R=0.38 gap=+0.35 v=+0.08 w=+0.01 personLvl=0
[INFO] [1784720319.063978682] [yolo_navigator]: [ROTATE_OPEN] front=0.40 open=+0.40
[INFO] [1784720319.964068671] [yolo_navigator]: [FTG] gap=+0.27 W=2.55
[INFO] [1784720322.714946015] [yolo_navigator]: [STATUS] mode=FTG front=10.00 L=1.24 R=0.50 gap=-0.14 v=+0.33 w=-0.05 personLvl=0
[INFO] [1784720327.714717080] [yolo_navigator]: [STATUS] mode=FTG front=10.00 L=1.30 R=0.60 gap=-0.01 v=+0.39 w=+0.12 personLvl=0
[INFO] [1784720332.765246654] [yolo_navigator]: [STATUS] mode=FTG front=10.00 L=0.66 R=0.76 gap=-0.01 v=+0.40 w=+0.03 personLvl=0
[INFO] [1784720337.855920288] [yolo_navigator]: [STATUS] mode=FTG front=10.00 L=0.54 R=0.80 gap=-0.47 v=+0.17 w=-0.02 personLvl=0
[INFO] [1784720342.880233974] [yolo_navigator]: [STATUS] mode=FTG front=10.00 L=0.62 R=0.82 gap=-0.46 v=+0.18 w=+0.00 personLvl=0
[INFO] [1784720347.915469961] [yolo_navigator]: [STATUS] mode=FTG front=10.00 L=0.64 R=1.03 gap=+0.22 v=+0.30 w=-0.12 personLvl=0
[INFO] [1784720353.032786477] [yolo_navigator]: [STATUS] mode=FTG front=10.00 L=0.96 R=1.32 gap=+0.35 v=+0.23 w=+0.06 personLvl=0
[INFO] [1784720358.064566059] [yolo_navigator]: [STATUS] mode=FTG front=1.09 L=1.27 R=1.12 gap=+0.45 v=+0.18 w=+0.09 personLvl=0
[INFO] [1784720363.064591039] [yolo_navigator]: [STATUS] mode=FTG front=0.78 L=1.13 R=0.75 gap=+0.42 v=+0.20 w=+0.09 personLvl=0
[INFO] [1784720368.129643354] [yolo_navigator]: [STATUS] mode=FTG front=10.00 L=1.14 R=0.43 gap=+0.17 v=+0.32 w=-0.23 personLvl=0
[INFO] [1784720373.114648680] [yolo_navigator]: [STATUS] mode=FTG front=10.00 L=2.63 R=0.86 gap=+0.35 v=+0.23 w=-0.00 personLvl=0
[INFO] [1784720378.191143176] [yolo_navigator]: [STATUS] mode=FTG front=10.00 L=2.32 R=2.75 gap=+0.37 v=+0.22 w=+0.02 personLvl=0
[INFO] [1784720383.237507463] [yolo_navigator]: [STATUS] mode=FTG front=10.00 L=2.01 R=2.56 gap=+0.37 v=+0.22 w=+0.02 personLvl=0
[INFO] [1784720388.265005656] [yolo_navigator]: [STATUS] mode=FTG front=10.00 L=1.78 R=2.70 gap=+0.36 v=+0.23 w=+0.00 personLvl=0
[INFO] [1784720393.314588360] [yolo_navigator]: [STATUS] mode=FTG front=10.00 L=1.45 R=1.85 gap=+0.40 v=+0.21 w=+0.03 personLvl=0
[INFO] [1784720398.364817590] [yolo_navigator]: [STATUS] mode=FTG front=0.94 L=1.61 R=0.99 gap=+0.37 v=+0.22 w=+0.05 personLvl=0
[INFO] [1784720403.415039499] [yolo_navigator]: [STATUS] mode=FTG front=10.00 L=1.73 R=0.32 gap=+0.34 v=+0.24 w=-0.00 personLvl=0
[INFO] [1784720408.415572108] [yolo_navigator]: [STATUS] mode=FTG front=10.00 L=1.86 R=0.81 gap=+0.32 v=+0.24 w=-0.03 personLvl=0
[INFO] [1784720413.468087578] [yolo_navigator]: [STATUS] mode=FTG front=10.00 L=4.25 R=0.58 gap=+0.37 v=+0.22 w=+0.02 personLvl=0
[INFO] [1784720418.533719618] [yolo_navigator]: [STATUS] mode=FTG front=10.00 L=3.49 R=3.73 gap=+0.37 v=+0.22 w=+0.02 personLvl=0
[INFO] [1784720423.564642420] [yolo_navigator]: [STATUS] mode=FTG front=10.00 L=2.94 R=2.67 gap=+0.40 v=+0.21 w=+0.09 personLvl=0
[INFO] [1784720428.564829650] [yolo_navigator]: [STATUS] mode=FTG front=10.00 L=5.70 R=1.80 gap=+0.34 v=+0.23 w=+0.03 personLvl=0
[INFO] [1784720433.618253198] [yolo_navigator]: [STATUS] mode=FTG front=1.14 L=5.54 R=1.15 gap=+0.36 v=+0.23 w=-0.03 personLvl=0
[INFO] [1784720438.615291203] [yolo_navigator]: [STATUS] mode=FTG front=0.67 L=5.20 R=0.69 gap=+0.46 v=+0.17 w=+0.14 personLvl=0
[INFO] [1784720443.665299825] [yolo_navigator]: [STATUS] mode=FTG front=0.40 L=4.89 R=0.43 gap=+0.36 v=+0.05 w=+0.02 personLvl=0
[INFO] [1784720443.864955232] [yolo_navigator]: [ROTATE_OPEN] front=0.40 open=+0.82
[INFO] [1784720444.814500969] [yolo_navigator]: [FTG] gap=+0.26 W=6.32
[INFO] [1784720446.766461479] [yolo_navigator]: [ROTATE_OPEN] front=0.35 open=+0.66
[INFO] [1784720446.964753817] [yolo_navigator]: [REVERSE] front=0.29 dir=+1
[INFO] [1784720447.365106746] [yolo_navigator]: [FTG] gap=+0.03 W=6.31
[INFO] [1784720448.677321355] [yolo_navigator]: [STATUS] mode=FTG front=10.00 L=3.59 R=0.59 gap=-0.16 v=+0.32 w=+0.21 personLvl=0
[INFO] [1784720453.714435823] [yolo_navigator]: [STATUS] mode=FTG front=10.00 L=3.29 R=3.97 gap=-0.25 v=+0.28 w=+0.10 personLvl=0
[INFO] [1784720458.766228992] [yolo_navigator]: [STATUS] mode=FTG front=10.00 L=3.38 R=3.66 gap=+0.34 v=+0.23 w=+0.01 personLvl=0
[INFO] [1784720463.780273644] [yolo_navigator]: [STATUS] mode=FTG front=10.00 L=3.91 R=3.49 gap=-0.29 v=+0.26 w=-0.10 personLvl=0
[INFO] [1784720468.814508286] [yolo_navigator]: [STATUS] mode=FTG front=10.00 L=2.22 R=3.40 gap=-0.25 v=+0.28 w=-0.01 personLvl=0
[INFO] [1784720473.815193444] [yolo_navigator]: [STATUS] mode=FTG front=10.00 L=1.31 R=3.16 gap=+0.08 v=+0.36 w=-0.36 personLvl=0
[INFO] [1784720478.816186443] [yolo_navigator]: [STATUS] mode=FTG front=10.00 L=0.99 R=2.77 gap=-0.24 v=+0.28 w=+0.21 personLvl=0
[INFO] [1784720483.864479909] [yolo_navigator]: [STATUS] mode=FTG front=10.00 L=1.24 R=2.65 gap=-0.28 v=+0.27 w=-0.01 personLvl=0
[INFO] [1784720488.865480485] [yolo_navigator]: [STATUS] mode=FTG front=10.00 L=1.46 R=2.71 gap=-0.31 v=+0.25 w=-0.02 personLvl=0
[INFO] [1784720493.883251291] [yolo_navigator]: [STATUS] mode=FTG front=0.86 L=0.89 R=2.75 gap=-0.46 v=+0.18 w=-0.03 personLvl=0
[INFO] [1784720498.914836045] [yolo_navigator]: [STATUS] mode=FTG front=10.00 L=0.55 R=2.65 gap=+0.07 v=+0.37 w=-0.27 personLvl=0
[INFO] [1784720503.960313980] [yolo_navigator]: [STATUS] mode=FTG front=10.00 L=0.84 R=2.20 gap=+0.35 v=+0.23 w=+0.08 personLvl=0
[INFO] [1784720508.964460823] [yolo_navigator]: [STATUS] mode=FTG front=10.00 L=3.50 R=1.88 gap=-0.51 v=+0.16 w=-0.14 personLvl=0
[INFO] [1784720514.014981082] [yolo_navigator]: [STATUS] mode=FTG front=10.00 L=1.98 R=1.64 gap=-0.42 v=+0.20 w=-0.03 personLvl=0
[INFO] [1784720519.077509619] [yolo_navigator]: [STATUS] mode=FTG front=10.00 L=1.35 R=1.49 gap=-0.42 v=+0.20 w=-0.04 personLvl=0
[INFO] [1784720524.138494859] [yolo_navigator]: [STATUS] mode=FTG front=0.84 L=0.84 R=1.42 gap=-0.44 v=+0.19 w=-0.15 personLvl=0
[INFO] [1784720529.164802994] [yolo_navigator]: [STATUS] mode=FTG front=0.41 L=0.45 R=1.46 gap=-0.32 v=+0.06 w=+0.01 personLvl=0
[INFO] [1784720529.564413501] [yolo_navigator]: [ROTATE_OPEN] front=0.40 open=-1.10
[INFO] [1784720530.465378573] [yolo_navigator]: [FTG] gap=-0.24 W=4.56
[INFO] [1784720534.200180489] [yolo_navigator]: [STATUS] mode=FTG front=10.00 L=0.42 R=1.20 gap=+0.09 v=+0.36 w=+0.51 personLvl=0
[INFO] [1784720539.225310922] [yolo_navigator]: [STATUS] mode=FTG front=10.00 L=0.94 R=0.92 gap=+0.36 v=+0.23 w=+0.03 personLvl=0
[INFO] [1784720544.215420542] [yolo_navigator]: [STATUS] mode=FTG front=10.00 L=1.33 R=4.53 gap=-0.67 v=+0.10 w=-0.41 personLvl=0
[INFO] [1784720549.264637819] [yolo_navigator]: [STATUS] mode=FTG front=1.01 L=0.97 R=4.15 gap=-0.78 v=+0.10 w=-0.60 personLvl=0
[INFO] [1784720554.270520055] [yolo_navigator]: [STATUS] mode=FTG front=0.75 L=0.62 R=2.21 gap=-0.33 v=+0.24 w=-0.01 personLvl=0
[INFO] [1784720558.414374622] [yolo_navigator]: [ROTATE_OPEN] front=0.40 open=-1.31
[INFO] [1784720559.214625330] [yolo_navigator]: [FTG] gap=-0.30 W=2.89
[INFO] [1784720559.314779138] [yolo_navigator]: [STATUS] mode=FTG front=10.00 L=0.40 R=2.39 gap=-0.27 v=+0.27 w=+0.05 personLvl=0
[INFO] [1784720560.265413613] [yolo_navigator]: [PERSON] level=1 h=135px
[INFO] [1784720564.350533699] [yolo_navigator]: [STATUS] mode=FTG front=10.00 L=1.08 R=4.02 gap=-0.09 v=+0.20 w=-0.56 personLvl=1
[INFO] [1784720564.419861967] [yolo_navigator]: [PERSON] level=0 h=0px
[INFO] [1784720569.365027217] [yolo_navigator]: [STATUS] mode=FTG front=10.00 L=1.78 R=2.44 gap=-0.36 v=+0.23 w=+0.02 personLvl=0
[INFO] [1784720573.315894011] [yolo_navigator]: [PERSON] level=1 h=181px
[INFO] [1784720574.448181323] [yolo_navigator]: [STATUS] mode=FTG front=10.00 L=1.92 R=3.37 gap=-0.23 v=+0.14 w=+0.15 personLvl=1
[INFO] [1784720579.464612568] [yolo_navigator]: [STATUS] mode=FTG front=10.00 L=1.47 R=3.13 gap=-0.18 v=+0.16 w=-0.13 personLvl=1
[INFO] [1784720580.416356068] [yolo_navigator]: [PERSON] level=2 h=204px
[INFO] [1784720584.465417989] [yolo_navigator]: [STATUS] mode=FTG front=1.06 L=1.15 R=2.95 gap=-0.14 v=+0.10 w=+0.27 personLvl=2
[INFO] [1784720589.465674386] [yolo_navigator]: [STATUS] mode=FTG front=0.82 L=0.88 R=2.80 gap=-0.46 v=+0.10 w=-0.23 personLvl=2
[INFO] [1784720594.612455244] [yolo_navigator]: [STATUS] mode=FTG front=0.56 L=0.59 R=2.64 gap=-0.37 v=+0.10 w=-0.11 personLvl=2
[INFO] [1784720597.964739608] [yolo_navigator]: [ROTATE_OPEN] front=0.39 open=-1.41
[INFO] [1784720598.814543971] [yolo_navigator]: [FTG] gap=-0.29 W=7.78
[INFO] [1784720599.315693353] [yolo_navigator]: [PERSON] level=0 h=0px
[INFO] [1784720599.614847010] [yolo_navigator]: [STATUS] mode=FTG front=10.00 L=0.45 R=2.49 gap=-0.06 v=+0.37 w=+0.06 personLvl=0
[INFO] [1784720604.665552013] [yolo_navigator]: [STATUS] mode=FTG front=10.00 L=2.76 R=1.74 gap=-0.31 v=+0.25 w=+0.04 personLvl=0
[INFO] [1784720609.665032083] [yolo_navigator]: [STATUS] mode=FTG front=10.00 L=2.22 R=1.37 gap=-0.36 v=+0.23 w=-0.05 personLvl=0
[INFO] [1784720614.679876012] [yolo_navigator]: [STATUS] mode=FTG front=10.00 L=1.72 R=1.03 gap=-0.34 v=+0.24 w=-0.04 personLvl=0
[INFO] [1784720619.714462239] [yolo_navigator]: [STATUS] mode=FTG front=10.00 L=1.34 R=0.73 gap=-0.26 v=+0.28 w=-0.03 personLvl=0
[INFO] [1784720624.764632903] [yolo_navigator]: [STATUS] mode=FTG front=10.00 L=3.30 R=0.56 gap=-0.26 v=+0.28 w=-0.01 personLvl=0
[INFO] [1784720629.774614521] [yolo_navigator]: [STATUS] mode=FTG front=10.00 L=2.63 R=0.65 gap=-0.04 v=+0.38 w=-0.30 personLvl=0
[INFO] [1784720634.815074048] [yolo_navigator]: [STATUS] mode=FTG front=10.00 L=1.94 R=0.98 gap=+0.19 v=+0.31 w=+0.04 personLvl=0
[INFO] [1784720639.850257957] [yolo_navigator]: [STATUS] mode=FTG front=10.00 L=1.26 R=3.43 gap=+0.17 v=+0.32 w=+0.08 personLvl=0
[INFO] [1784720644.904105347] [yolo_navigator]: [STATUS] mode=FTG front=10.00 L=0.56 R=2.68 gap=-0.17 v=+0.32 w=+0.03 personLvl=0
[INFO] [1784720649.974144360] [yolo_navigator]: [STATUS] mode=FTG front=10.00 L=0.67 R=2.03 gap=-0.16 v=+0.33 w=+0.04 personLvl=0
[INFO] [1784720654.982711566] [yolo_navigator]: [STATUS] mode=FTG front=10.00 L=2.66 R=1.59 gap=+0.12 v=+0.34 w=+0.38 personLvl=0
[INFO] [1784720660.051200939] [yolo_navigator]: [STATUS] mode=FTG front=10.00 L=2.27 R=1.22 gap=-0.60 v=+0.11 w=-0.27 personLvl=0
[INFO] [1784720665.082223732] [yolo_navigator]: [STATUS] mode=FTG front=10.00 L=1.98 R=1.05 gap=+0.03 v=+0.38 w=+0.31 personLvl=0
[INFO] [1784720670.115507411] [yolo_navigator]: [STATUS] mode=FTG front=10.00 L=1.51 R=1.74 gap=-0.61 v=+0.11 w=-0.28 personLvl=0
[INFO] [1784720675.164515132] [yolo_navigator]: [STATUS] mode=FTG front=10.00 L=1.16 R=1.58 gap=-0.32 v=+0.25 w=-0.03 personLvl=0
[INFO] [1784720680.201584446] [yolo_navigator]: [STATUS] mode=FTG front=1.08 L=0.80 R=2.67 gap=-0.11 v=+0.35 w=+0.17 personLvl=0
[INFO] [1784720685.214655862] [yolo_navigator]: [STATUS] mode=FTG front=0.74 L=0.51 R=3.47 gap=-0.35 v=+0.23 w=-0.01 personLvl=0
[INFO] [1784720689.714494155] [yolo_navigator]: [ROTATE_OPEN] front=0.40 open=-1.19
[INFO] [1784720690.223679216] [yolo_navigator]: [STATUS] mode=ROTATE_OPEN front=0.39 L=0.36 R=3.19 gap=-0.35 v=+0.00 w=-1.00 personLvl=0
[INFO] [1784720690.635456148] [yolo_navigator]: [FTG] gap=-0.34 W=3.00
[INFO] [1784720692.080627319] [yolo_navigator]: [PERSON] level=2 h=257px
[INFO] [1784720695.068284474] [yolo_navigator]: [PERSON] level=0 h=0px
[INFO] [1784720695.277479046] [yolo_navigator]: [STATUS] mode=FTG front=10.00 L=0.47 R=2.82 gap=-0.04 v=+0.38 w=+0.03 personLvl=0
[INFO] [1784720700.325774264] [yolo_navigator]: [STATUS] mode=FTG front=10.00 L=0.37 R=2.19 gap=-0.11 v=+0.35 w=-0.73 personLvl=0
[INFO] [1784720701.816790689] [yolo_navigator]: [PERSON] level=2 h=271px
[INFO] [1784720703.315476989] [yolo_navigator]: [PERSON] level=0 h=0px
[INFO] [1784720705.366154201] [yolo_navigator]: [STATUS] mode=FTG front=10.00 L=0.49 R=1.55 gap=-0.09 v=+0.35 w=+0.01 personLvl=0
[INFO] [1784720710.418955171] [yolo_navigator]: [STATUS] mode=FTG front=10.00 L=0.55 R=0.91 gap=-0.06 v=+0.37 w=-0.00 personLvl=0
[INFO] [1784720715.436766997] [yolo_navigator]: [STATUS] mode=FTG front=10.00 L=0.65 R=0.53 gap=-0.04 v=+0.38 w=-0.01 personLvl=0
[INFO] [1784720720.479021638] [yolo_navigator]: [STATUS] mode=FTG front=10.00 L=0.77 R=2.77 gap=+0.54 v=+0.14 w=+0.10 personLvl=0
[INFO] [1784720725.465131015] [yolo_navigator]: [STATUS] mode=FTG front=10.00 L=0.81 R=2.49 gap=-0.28 v=+0.27 w=-0.02 personLvl=0
[INFO] [1784720730.548412237] [yolo_navigator]: [STATUS] mode=FTG front=10.00 L=0.92 R=2.13 gap=-0.23 v=+0.29 w=-0.01 personLvl=0
[INFO] [1784720735.565440003] [yolo_navigator]: [STATUS] mode=FTG front=10.00 L=1.11 R=1.52 gap=-0.21 v=+0.30 w=-0.04 personLvl=0
[INFO] [1784720736.365036597] [yolo_navigator]: [WEDGE] open=-0.77
[INFO] [1784720738.465189398] [yolo_navigator]: [FTG] gap=-1.46 W=3.39
[INFO] [1784720738.715251326] [yolo_navigator]: [WEDGE] open=-1.45
[INFO] [1784720738.764341593] [yolo_navigator]: [FTG] gap=-1.47 W=12.37
[INFO] [1784720740.615186239] [yolo_navigator]: [STATUS] mode=FTG front=10.00 L=0.96 R=1.88 gap=-0.77 v=+0.10 w=-0.54 personLvl=0
[INFO] [1784720745.664608533] [yolo_navigator]: [STATUS] mode=FTG front=10.00 L=1.00 R=2.78 gap=-0.38 v=+0.22 w=-0.04 personLvl=0
[INFO] [1784720750.664989505] [yolo_navigator]: [STATUS] mode=FTG front=0.73 L=0.62 R=1.79 gap=-0.46 v=+0.18 w=-0.14 personLvl=0
[INFO] [1784720755.665596433] [yolo_navigator]: [STATUS] mode=FTG front=0.48 L=0.42 R=2.52 gap=-0.43 v=+0.08 w=-0.07 personLvl=0
[INFO] [1784720760.014559995] [yolo_navigator]: [ROTATE_OPEN] front=0.40 open=-0.35
[INFO] [1784720760.715664635] [yolo_navigator]: [STATUS] mode=ROTATE_OPEN front=0.38 L=0.36 R=2.49 gap=-0.38 v=+0.00 w=-1.00 personLvl=0
[INFO] [1784720760.765081396] [yolo_navigator]: [FTG] gap=-0.36 W=6.79
[INFO] [1784720765.765470859] [yolo_navigator]: [STATUS] mode=FTG front=10.00 L=0.64 R=1.95 gap=-0.27 v=+0.27 w=+0.11 personLvl=0
[INFO] [1784720770.798949973] [yolo_navigator]: [STATUS] mode=FTG front=10.00 L=3.01 R=1.60 gap=+0.32 v=+0.25 w=+0.01 personLvl=0
[INFO] [1784720775.814403529] [yolo_navigator]: [STATUS] mode=FTG front=10.00 L=3.09 R=1.40 gap=+0.33 v=+0.24 w=+0.01 personLvl=0
[INFO] [1784720780.814795405] [yolo_navigator]: [STATUS] mode=FTG front=10.00 L=2.94 R=2.93 gap=+0.39 v=+0.21 w=+0.07 personLvl=0
[INFO] [1784720785.815149499] [yolo_navigator]: [STATUS] mode=FTG front=10.00 L=2.55 R=2.30 gap=+0.30 v=+0.26 w=-0.02 personLvl=0
[INFO] [1784720790.864809406] [yolo_navigator]: [STATUS] mode=FTG front=10.00 L=2.25 R=1.66 gap=+0.33 v=+0.24 w=+0.00 personLvl=0
[INFO] [1784720795.864737898] [yolo_navigator]: [STATUS] mode=FTG front=1.01 L=2.09 R=1.05 gap=+0.47 v=+0.17 w=+0.19 personLvl=0
[INFO] [1784720800.880958448] [yolo_navigator]: [STATUS] mode=FTG front=0.52 L=1.99 R=0.56 gap=+0.49 v=+0.09 w=+0.21 personLvl=0
[INFO] [1784720804.214461160] [yolo_navigator]: [ROTATE_OPEN] front=0.39 open=+0.47
[INFO] [1784720805.714627163] [yolo_navigator]: [FTG] gap=+0.02 W=3.08
[INFO] [1784720805.908916629] [yolo_navigator]: [STATUS] mode=FTG front=0.42 L=1.92 R=0.45 gap=+0.00 v=+0.11 w=-0.40 personLvl=0
[INFO] [1784720810.915281641] [yolo_navigator]: [STATUS] mode=FTG front=10.00 L=1.31 R=2.17 gap=-0.54 v=+0.14 w=-0.28 personLvl=0
[INFO] [1784720815.915464986] [yolo_navigator]: [STATUS] mode=FTG front=10.00 L=0.96 R=4.73 gap=-0.32 v=+0.25 w=-0.01 personLvl=0
[INFO] [1784720820.965038881] [yolo_navigator]: [STATUS] mode=FTG front=0.62 L=0.57 R=4.49 gap=-0.32 v=+0.20 w=-0.08 personLvl=0
[INFO] [1784720824.714850614] [yolo_navigator]: [ROTATE_OPEN] front=0.40 open=-0.35
[INFO] [1784720825.614694860] [yolo_navigator]: [FTG] gap=-0.33 W=4.61
[INFO] [1784720825.965109053] [yolo_navigator]: [STATUS] mode=FTG front=0.49 L=0.42 R=4.37 gap=-0.19 v=+0.14 w=-0.52 personLvl=0
[INFO] [1784720831.014982220] [yolo_navigator]: [STATUS] mode=FTG front=10.00 L=3.50 R=3.69 gap=+0.11 v=+0.35 w=-0.29 personLvl=0
[INFO] [1784720836.016221856] [yolo_navigator]: [STATUS] mode=FTG front=10.00 L=4.64 R=2.71 gap=+0.36 v=+0.23 w=+0.02 personLvl=0
[INFO] [1784720841.071617166] [yolo_navigator]: [STATUS] mode=FTG front=10.00 L=2.81 R=2.68 gap=+0.39 v=+0.21 w=-0.03 personLvl=0
[INFO] [1784720846.114401946] [yolo_navigator]: [STATUS] mode=FTG front=10.00 L=4.58 R=1.87 gap=+0.35 v=+0.23 w=+0.07 personLvl=0
[INFO] [1784720851.153780736] [yolo_navigator]: [STATUS] mode=FTG front=10.00 L=4.51 R=1.33 gap=+0.31 v=+0.25 w=-0.00 personLvl=0
[INFO] [1784720856.165165256] [yolo_navigator]: [STATUS] mode=FTG front=0.98 L=4.42 R=0.84 gap=+0.32 v=+0.25 w=+0.02 personLvl=0
[INFO] [1784720861.215646245] [yolo_navigator]: [STATUS] mode=FTG front=0.47 L=4.01 R=0.45 gap=+0.31 v=+0.10 w=-0.01 personLvl=0
[INFO] [1784720862.664583620] [yolo_navigator]: [ROTATE_OPEN] front=0.40 open=+1.31
[INFO] [1784720863.515627264] [yolo_navigator]: [FTG] gap=+0.27 W=4.19
[INFO] [1784720866.265349801] [yolo_navigator]: [STATUS] mode=FTG front=10.00 L=3.63 R=0.33 gap=+0.01 v=+0.40 w=+0.91 personLvl=0
[INFO] [1784720871.316869212] [yolo_navigator]: [STATUS] mode=FTG front=10.00 L=3.67 R=2.81 gap=-0.04 v=+0.38 w=+0.40 personLvl=0
[INFO] [1784720876.329470806] [yolo_navigator]: [STATUS] mode=FTG front=10.00 L=2.95 R=2.16 gap=-0.11 v=+0.35 w=+0.31 personLvl=0
[INFO] [1784720881.364798648] [yolo_navigator]: [STATUS] mode=FTG front=10.00 L=2.33 R=1.74 gap=+0.06 v=+0.37 w=-0.37 personLvl=0
[INFO] [1784720886.365455734] [yolo_navigator]: [STATUS] mode=FTG front=10.00 L=1.89 R=2.57 gap=+0.25 v=+0.28 w=-0.12 personLvl=0
[INFO] [1784720891.385846908] [yolo_navigator]: [STATUS] mode=FTG front=10.00 L=1.53 R=1.92 gap=+0.25 v=+0.28 w=-0.13 personLvl=0
[INFO] [1784720896.415845497] [yolo_navigator]: [STATUS] mode=FTG front=10.00 L=1.38 R=1.33 gap=+0.33 v=+0.24 w=+0.10 personLvl=0
[INFO] [1784720901.464733316] [yolo_navigator]: [STATUS] mode=FTG front=10.00 L=1.52 R=0.81 gap=+0.30 v=+0.26 w=+0.04 personLvl=0
[INFO] [1784720906.465046106] [yolo_navigator]: [STATUS] mode=FTG front=10.00 L=2.57 R=0.81 gap=+0.27 v=+0.27 w=+0.01 personLvl=0
[INFO] [1784720911.557091516] [yolo_navigator]: [STATUS] mode=FTG front=10.00 L=2.05 R=1.38 gap=+0.29 v=+0.26 w=+0.02 personLvl=0
[INFO] [1784720916.564250580] [yolo_navigator]: [STATUS] mode=FTG front=10.00 L=1.65 R=3.14 gap=+0.27 v=+0.27 w=+0.65 personLvl=0
[INFO] [1784720921.565448418] [yolo_navigator]: [STATUS] mode=FTG front=10.00 L=1.10 R=2.18 gap=-0.23 v=+0.29 w=-0.03 personLvl=0
[INFO] [1784720926.651820022] [yolo_navigator]: [STATUS] mode=FTG front=10.00 L=0.87 R=1.52 gap=-0.20 v=+0.31 w=-0.03 personLvl=0
[INFO] [1784720931.653947002] [yolo_navigator]: [STATUS] mode=FTG front=10.00 L=0.73 R=0.85 gap=-0.13 v=+0.34 w=-0.42 personLvl=0
[INFO] [1784720936.664117895] [yolo_navigator]: [STATUS] mode=FTG front=10.00 L=2.08 R=0.39 gap=+0.17 v=+0.32 w=+0.64 personLvl=0
[INFO] [1784720941.665610923] [yolo_navigator]: [STATUS] mode=FTG front=10.00 L=1.41 R=0.43 gap=+0.26 v=+0.28 w=+0.08 personLvl=0
[INFO] [1784720946.664825835] [yolo_navigator]: [STATUS] mode=FTG front=10.00 L=0.86 R=1.68 gap=+0.23 v=+0.29 w=+0.06 personLvl=0
[INFO] [1784720951.733991435] [yolo_navigator]: [STATUS] mode=FTG front=10.00 L=0.59 R=1.37 gap=+0.21 v=+0.30 w=+0.13 personLvl=0
[INFO] [1784720956.752231786] [yolo_navigator]: [STATUS] mode=FTG front=10.00 L=0.78 R=1.20 gap=-0.54 v=+0.14 w=-0.98 personLvl=0
[INFO] [1784720958.420140144] [yolo_navigator]: [WEDGE] open=+1.15
[INFO] [1784720958.513917462] [yolo_navigator]: [FTG] gap=+1.17 W=2.76
[INFO] [1784720961.764981215] [yolo_navigator]: [STATUS] mode=FTG front=10.00 L=0.69 R=1.05 gap=+0.34 v=+0.23 w=+0.13 personLvl=0
[INFO] [1784720966.923499748] [yolo_navigator]: [STATUS] mode=FTG front=10.00 L=0.46 R=1.38 gap=+0.47 v=+0.18 w=+0.26 personLvl=0
[INFO] [1784720971.914735635] [yolo_navigator]: [STATUS] mode=FTG front=10.00 L=0.68 R=1.90 gap=+0.35 v=+0.23 w=+0.14 personLvl=0
[INFO] [1784720976.925963096] [yolo_navigator]: [STATUS] mode=FTG front=10.00 L=0.96 R=1.52 gap=+0.68 v=+0.10 w=+0.23 personLvl=0
[INFO] [1784720982.025198771] [yolo_navigator]: [STATUS] mode=FTG front=10.00 L=1.21 R=1.15 gap=+0.32 v=+0.25 w=+0.03 personLvl=0
[INFO] [1784720987.072627576] [yolo_navigator]: [STATUS] mode=FTG front=0.85 L=1.95 R=0.71 gap=+0.26 v=+0.27 w=-0.01 personLvl=0
[INFO] [1784720992.115287924] [yolo_navigator]: [STATUS] mode=FTG front=0.63 L=2.36 R=0.47 gap=+0.35 v=+0.19 w=+0.01 personLvl=0
[INFO] [1784720995.823979508] [yolo_navigator]: [ROTATE_OPEN] front=0.39 open=+0.35
[INFO] [1784720996.565712489] [yolo_navigator]: [FTG] gap=+0.34 W=3.14
[INFO] [1784720997.137566090] [yolo_navigator]: [STATUS] mode=FTG front=0.87 L=2.23 R=0.38 gap=+0.11 v=+0.35 w=+0.44 personLvl=0
[INFO] [1784721002.139323512] [yolo_navigator]: [STATUS] mode=FTG front=10.00 L=1.70 R=0.53 gap=-0.47 v=+0.17 w=-0.05 personLvl=0
[INFO] [1784721007.260993332] [yolo_navigator]: [STATUS] mode=FTG front=10.00 L=1.33 R=0.57 gap=-0.46 v=+0.18 w=-0.02 personLvl=0
[INFO] [1784721012.265346899] [yolo_navigator]: [STATUS] mode=FTG front=1.01 L=0.95 R=0.62 gap=-0.59 v=+0.12 w=-0.15 personLvl=0
[INFO] [1784721016.414369289] [yolo_navigator]: [WEDGE] open=-0.44
[INFO] [1784721016.464493165] [yolo_navigator]: [FTG] gap=+1.29 W=1.88
[INFO] [1784721017.364977612] [yolo_navigator]: [STATUS] mode=FTG front=0.68 L=0.71 R=0.76 gap=+1.32 v=+0.09 w=+1.26 personLvl=0
[INFO] [1784721022.438477136] [yolo_navigator]: [STATUS] mode=FTG front=0.53 L=2.10 R=0.49 gap=+0.38 v=+0.12 w=+0.01 personLvl=0
[INFO] [1784721025.164468504] [yolo_navigator]: [ROTATE_OPEN] front=0.40 open=+0.33
[INFO] [1784721026.064555521] [yolo_navigator]: [FTG] gap=+0.36 W=6.05
[INFO] [1784721027.428601202] [yolo_navigator]: [STATUS] mode=FTG front=0.81 L=1.96 R=0.42 gap=+0.03 v=+0.39 w=+0.50 personLvl=0
[INFO] [1784721032.477795064] [yolo_navigator]: [STATUS] mode=FTG front=10.00 L=1.62 R=1.29 gap=+0.14 v=+0.33 w=+0.46 personLvl=0
[INFO] [1784721037.514463772] [yolo_navigator]: [STATUS] mode=FTG front=10.00 L=1.41 R=0.78 gap=-0.17 v=+0.32 w=-0.11 personLvl=0
[INFO] [1784721042.581485166] [yolo_navigator]: [STATUS] mode=FTG front=10.00 L=1.36 R=0.75 gap=-0.68 v=+0.10 w=-0.30 personLvl=0
[INFO] [1784721047.570147141] [yolo_navigator]: [STATUS] mode=FTG front=10.00 L=1.44 R=0.73 gap=-0.11 v=+0.35 w=+0.10 personLvl=0
[INFO] [1784721052.590380204] [yolo_navigator]: [STATUS] mode=FTG front=10.00 L=1.59 R=0.74 gap=-0.39 v=+0.21 w=-0.23 personLvl=0
[INFO] [1784721055.815199080] [yolo_navigator]: [WEDGE] open=-0.66
[INFO] [1784721056.414976749] [yolo_navigator]: [FTG] gap=-0.88 W=3.47
[INFO] [1784721056.764578960] [yolo_navigator]: [WEDGE] open=-0.54
[INFO] [1784721056.814711163] [yolo_navigator]: [FTG] gap=-0.13 W=4.97
[INFO] [1784721057.631261586] [yolo_navigator]: [STATUS] mode=FTG front=10.00 L=1.49 R=0.44 gap=-0.16 v=+0.32 w=+0.01 personLvl=0
[INFO] [1784721062.664243163] [yolo_navigator]: [STATUS] mode=FTG front=10.00 L=1.25 R=0.47 gap=+0.38 v=+0.22 w=+0.74 personLvl=0
[INFO] [1784721067.693874433] [yolo_navigator]: [STATUS] mode=FTG front=1.18 L=0.96 R=1.32 gap=-1.20 v=+0.10 w=-1.11 personLvl=0
[INFO] [1784721072.714612226] [yolo_navigator]: [STATUS] mode=FTG front=10.00 L=0.74 R=1.13 gap=+0.21 v=+0.30 w=+0.62 personLvl=0
[INFO] [1784721077.714653715] [yolo_navigator]: [STATUS] mode=FTG front=10.00 L=0.71 R=1.18 gap=-0.39 v=+0.21 w=-0.07 personLvl=0
[INFO] [1784721082.715521729] [yolo_navigator]: [STATUS] mode=FTG front=0.93 L=1.01 R=0.95 gap=-0.40 v=+0.21 w=-0.08 personLvl=0
[INFO] [1784721087.764942654] [yolo_navigator]: [STATUS] mode=FTG front=0.42 L=0.53 R=0.45 gap=-1.07 v=+0.03 w=-1.01 personLvl=0
[INFO] [1784721088.168486474] [yolo_navigator]: [ROTATE_OPEN] front=0.39 open=-1.38
[INFO] [1784721088.515167578] [yolo_navigator]: [FTG] gap=-0.99 W=7.46
[INFO] [1784721089.064653279] [yolo_navigator]: [ROTATE_OPEN] front=0.39 open=-0.09
[INFO] [1784721091.014624677] [yolo_navigator]: [FTG] gap=-0.82 W=7.55
[INFO] [1784721091.328341930] [yolo_navigator]: [ROTATE_OPEN] front=0.39 open=-1.26
[INFO] [1784721092.164667033] [yolo_navigator]: [FTG] gap=-0.90 W=7.50
[INFO] [1784721092.364180921] [yolo_navigator]: [ROTATE_OPEN] front=0.39 open=-0.12
[INFO] [1784721092.765954073] [yolo_navigator]: [STATUS] mode=ROTATE_OPEN front=0.37 L=0.40 R=1.34 gap=-0.60 v=+0.00 w=+0.05 personLvl=0
[INFO] [1784721094.614377984] [yolo_navigator]: [FTG] gap=-0.82 W=7.55
[INFO] [1784721094.764503766] [yolo_navigator]: [ROTATE_OPEN] front=0.39 open=-1.10
[INFO] [1784721097.830974717] [yolo_navigator]: [STATUS] mode=ROTATE_OPEN front=0.37 L=0.40 R=1.45 gap=-0.68 v=+0.00 w=+0.30 personLvl=0
[INFO] [1784721102.814817695] [yolo_navigator]: [STATUS] mode=ROTATE_OPEN front=0.36 L=0.40 R=1.40 gap=-0.64 v=+0.00 w=-0.65 personLvl=0
[INFO] [1784721107.865565790] [yolo_navigator]: [STATUS] mode=ROTATE_OPEN front=0.36 L=0.40 R=1.36 gap=-0.61 v=+0.00 w=+1.00 personLvl=0
[INFO] [1784721112.884083826] [yolo_navigator]: [STATUS] mode=ROTATE_OPEN front=0.38 L=0.41 R=1.64 gap=-0.84 v=+0.00 w=-1.00 personLvl=0
[INFO] [1784721117.945729216] [yolo_navigator]: [STATUS] mode=ROTATE_OPEN front=0.35 L=0.39 R=1.26 gap=-0.52 v=+0.00 w=+1.00 personLvl=0
[INFO] [1784721123.083671111] [yolo_navigator]: [STATUS] mode=ROTATE_OPEN front=0.37 L=0.45 R=0.39 gap=-1.06 v=+0.00 w=-1.00 personLvl=0
[INFO] [1784721128.014198463] [yolo_navigator]: [STATUS] mode=ROTATE_OPEN front=0.34 L=0.40 R=1.23 gap=-0.37 v=+0.00 w=+1.00 personLvl=0
[INFO] [1784721133.084559933] [yolo_navigator]: [STATUS] mode=ROTATE_OPEN front=0.38 L=0.43 R=2.16 gap=-0.99 v=+0.00 w=-1.00 personLvl=0
[INFO] [1784721138.219919174] [yolo_navigator]: [STATUS] mode=ROTATE_OPEN front=0.33 L=0.40 R=1.23 gap=-0.31 v=+0.00 w=+1.00 personLvl=0
[INFO] [1784721143.252268450] [yolo_navigator]: [STATUS] mode=ROTATE_OPEN front=0.38 L=0.42 R=2.12 gap=-0.95 v=+0.00 w=-1.00 personLvl=0
[INFO] [1784721148.265344745] [yolo_navigator]: [STATUS] mode=ROTATE_OPEN front=0.34 L=0.39 R=1.27 gap=-0.53 v=+0.00 w=+0.05 personLvl=0
[INFO] [1784721153.265548786] [yolo_navigator]: [STATUS] mode=ROTATE_OPEN front=0.35 L=0.39 R=1.37 gap=-0.63 v=+0.00 w=+1.00 personLvl=0
[INFO] [1784721158.307005316] [yolo_navigator]: [STATUS] mode=ROTATE_OPEN front=0.37 L=0.40 R=1.63 gap=-0.78 v=+0.00 w=-1.00 personLvl=0
[INFO] [1784721163.314399284] [yolo_navigator]: [STATUS] mode=ROTATE_OPEN front=0.34 L=0.38 R=1.29 gap=-0.55 v=+0.00 w=+1.00 personLvl=0
[INFO] [1784721168.315237197] [yolo_navigator]: [STATUS] mode=ROTATE_OPEN front=0.38 L=0.40 R=1.78 gap=-0.85 v=+0.00 w=-1.00 personLvl=0
[INFO] [1784721173.315637688] [yolo_navigator]: [STATUS] mode=ROTATE_OPEN front=0.32 L=0.39 R=1.22 gap=-0.29 v=+0.00 w=+1.00 personLvl=0
[INFO] [1784721178.379536178] [yolo_navigator]: [STATUS] mode=ROTATE_OPEN front=0.37 L=0.39 R=1.67 gap=-0.79 v=+0.00 w=-1.00 personLvl=0
[INFO] [1784721183.372395688] [yolo_navigator]: [STATUS] mode=ROTATE_OPEN front=0.35 L=0.38 R=1.45 gap=-0.68 v=+0.00 w=-1.00 personLvl=0
[INFO] [1784721188.455368318] [yolo_navigator]: [STATUS] mode=ROTATE_OPEN front=0.33 L=0.38 R=1.26 gap=-0.53 v=+0.00 w=+1.00 personLvl=0
[INFO] [1784721193.469131056] [yolo_navigator]: [STATUS] mode=ROTATE_OPEN front=0.36 L=0.39 R=1.63 gap=-0.78 v=+0.00 w=-1.00 personLvl=0
[INFO] [1784721198.514471414] [yolo_navigator]: [STATUS] mode=ROTATE_OPEN front=0.34 L=0.38 R=1.41 gap=-0.64 v=+0.00 w=+1.00 personLvl=0
[INFO] [1784721201.265256620] [yolo_navigator]: [REVERSE] front=0.32 dir=-1
[INFO] [1784721202.964350017] [yolo_navigator]: [FTG] gap=-0.40 W=6.32
[INFO] [1784721203.548915279] [yolo_navigator]: [STATUS] mode=FTG front=10.00 L=0.37 R=1.18 gap=+0.02 v=+0.39 w=+0.06 personLvl=0
[INFO] [1784721208.658599894] [yolo_navigator]: [STATUS] mode=FTG front=10.00 L=0.90 R=1.02 gap=-0.33 v=+0.24 w=+0.01 personLvl=0
[INFO] [1784721213.665087579] [yolo_navigator]: [STATUS] mode=FTG front=10.00 L=1.70 R=1.11 gap=-0.36 v=+0.23 w=-0.02 personLvl=0
[INFO] [1784721218.669556288] [yolo_navigator]: [STATUS] mode=FTG front=10.00 L=1.27 R=1.19 gap=-0.35 v=+0.23 w=-0.01 personLvl=0
[INFO] [1784721223.714409549] [yolo_navigator]: [STATUS] mode=FTG front=1.09 L=0.89 R=2.18 gap=-0.38 v=+0.22 w=-0.01 personLvl=0
[INFO] [1784721227.116518689] [yolo_navigator]: [PERSON] level=1 h=177px
[INFO] [1784721228.714373802] [yolo_navigator]: [STATUS] mode=FTG front=10.00 L=0.70 R=1.17 gap=-0.03 v=+0.24 w=-0.20 personLvl=1
[INFO] [1784721229.187280013] [yolo_navigator]: [PERSON] level=0 h=0px
[INFO] [1784721233.734181313] [yolo_navigator]: [STATUS] mode=FTG front=10.00 L=0.68 R=1.20 gap=+0.05 v=+0.37 w=+0.12 personLvl=0
[INFO] [1784721238.799815483] [yolo_navigator]: [STATUS] mode=FTG front=10.00 L=2.73 R=0.48 gap=-0.02 v=+0.39 w=-0.00 personLvl=0
[INFO] [1784721243.814660154] [yolo_navigator]: [STATUS] mode=FTG front=10.00 L=2.51 R=0.57 gap=+0.20 v=+0.30 w=-0.03 personLvl=0
[INFO] [1784721248.814833980] [yolo_navigator]: [STATUS] mode=FTG front=10.00 L=2.23 R=0.60 gap=+0.24 v=+0.28 w=+0.01 personLvl=0
[INFO] [1784721253.865717111] [yolo_navigator]: [STATUS] mode=FTG front=10.00 L=1.72 R=0.64 gap=+0.25 v=+0.28 w=+0.01 personLvl=0
[INFO] [1784721258.914494012] [yolo_navigator]: [STATUS] mode=FTG front=10.00 L=1.40 R=1.20 gap=+0.52 v=+0.15 w=+0.30 personLvl=0
[INFO] [1784721263.964330973] [yolo_navigator]: [STATUS] mode=FTG front=1.09 L=1.23 R=0.88 gap=+0.60 v=+0.11 w=+0.34 personLvl=0
[INFO] [1784721268.964771645] [yolo_navigator]: [STATUS] mode=FTG front=0.80 L=2.76 R=0.59 gap=+0.44 v=+0.19 w=+0.13 personLvl=0
[INFO] [1784721273.964824695] [yolo_navigator]: [STATUS] mode=FTG front=0.47 L=2.56 R=0.39 gap=+0.35 v=+0.09 w=+0.01 personLvl=0
[INFO] [1784721276.114664854] [yolo_navigator]: [ROTATE_OPEN] front=0.40 open=+0.42
[INFO] [1784721277.014466086] [yolo_navigator]: [FTG] gap=+0.30 W=3.13
[INFO] [1784721278.965837053] [yolo_navigator]: [STATUS] mode=FTG front=10.00 L=1.36 R=0.40 gap=-0.08 v=+0.36 w=+0.77 personLvl=0
[INFO] [1784721284.015029661] [yolo_navigator]: [STATUS] mode=FTG front=10.00 L=1.58 R=0.57 gap=-0.03 v=+0.38 w=+0.00 personLvl=0
[INFO] [1784721289.064634374] [yolo_navigator]: [STATUS] mode=FTG front=10.00 L=0.91 R=0.69 gap=-0.02 v=+0.39 w=+0.01 personLvl=0
[INFO] [1784721294.181071346] [yolo_navigator]: [STATUS] mode=FTG front=10.00 L=0.57 R=0.79 gap=-0.49 v=+0.16 w=-0.05 personLvl=0
[INFO] [1784721299.164719091] [yolo_navigator]: [STATUS] mode=FTG front=10.00 L=0.55 R=0.80 gap=-0.45 v=+0.18 w=+0.01 personLvl=0
[INFO] [1784721304.164955610] [yolo_navigator]: [STATUS] mode=FTG front=10.00 L=0.67 R=0.82 gap=-0.47 v=+0.18 w=-0.00 personLvl=0
[INFO] [1784721309.215344263] [yolo_navigator]: [STATUS] mode=FTG front=10.00 L=0.68 R=1.03 gap=+0.23 v=+0.29 w=-0.10 personLvl=0
[INFO] [1784721314.303213863] [yolo_navigator]: [STATUS] mode=FTG front=10.00 L=0.96 R=1.31 gap=+0.33 v=+0.24 w=+0.04 personLvl=0
[INFO] [1784721319.310551125] [yolo_navigator]: [STATUS] mode=FTG front=1.17 L=1.30 R=1.20 gap=+0.52 v=+0.15 w=+0.18 personLvl=0
[INFO] [1784721324.385393871] [yolo_navigator]: [STATUS] mode=FTG front=0.92 L=1.10 R=0.87 gap=-0.16 v=+0.33 w=-0.55 personLvl=0
[INFO] [1784721329.415112738] [yolo_navigator]: [STATUS] mode=FTG front=0.48 L=1.22 R=0.50 gap=+0.36 v=+0.09 w=+0.02 personLvl=0
[INFO] [1784721331.619830137] [yolo_navigator]: [ROTATE_OPEN] front=0.39 open=+1.15
[INFO] [1784721332.614131295] [yolo_navigator]: [FTG] gap=+0.28 W=12.50
[INFO] [1784721334.414512784] [yolo_navigator]: [STATUS] mode=FTG front=10.00 L=1.13 R=0.37 gap=+0.10 v=+0.35 w=-0.02 personLvl=0
[INFO] [1784721339.415062999] [yolo_navigator]: [STATUS] mode=FTG front=10.00 L=2.63 R=0.88 gap=+0.33 v=+0.24 w=-0.03 personLvl=0
[INFO] [1784721344.511184818] [yolo_navigator]: [STATUS] mode=FTG front=10.00 L=2.34 R=2.77 gap=+0.37 v=+0.22 w=+0.02 personLvl=0
[INFO] [1784721349.515462150] [yolo_navigator]: [STATUS] mode=FTG front=10.00 L=2.06 R=2.58 gap=+0.37 v=+0.22 w=+0.02 personLvl=0
[INFO] [1784721354.515246266] [yolo_navigator]: [STATUS] mode=FTG front=10.00 L=1.82 R=2.55 gap=+0.38 v=+0.22 w=+0.02 personLvl=0
[INFO] [1784721359.570771845] [yolo_navigator]: [STATUS] mode=FTG front=10.00 L=1.70 R=2.12 gap=+0.34 v=+0.24 w=-0.02 personLvl=0
[INFO] [1784721364.683230103] [yolo_navigator]: [STATUS] mode=FTG front=1.19 L=1.67 R=1.27 gap=+0.47 v=+0.17 w=+0.18 personLvl=0
[INFO] [1784721369.680969835] [yolo_navigator]: [STATUS] mode=FTG front=10.00 L=1.52 R=0.60 gap=+0.19 v=+0.31 w=-0.18 personLvl=0
[INFO] [1784721374.725608204] [yolo_navigator]: [STATUS] mode=FTG front=10.00 L=1.59 R=1.20 gap=-0.00 v=+0.40 w=-0.39 personLvl=0
[INFO] [1784721379.764465376] [yolo_navigator]: [STATUS] mode=FTG front=10.00 L=6.33 R=0.66 gap=+0.36 v=+0.23 w=+0.02 personLvl=0
[INFO] [1784721384.790031635] [yolo_navigator]: [STATUS] mode=FTG front=10.00 L=4.02 R=3.92 gap=+0.35 v=+0.23 w=+0.00 personLvl=0
[INFO] [1784721389.814509212] [yolo_navigator]: [STATUS] mode=FTG front=10.00 L=3.10 R=3.36 gap=+0.38 v=+0.22 w=+0.02 personLvl=0
[INFO] [1784721394.841885361] [yolo_navigator]: [STATUS] mode=FTG front=10.00 L=5.76 R=2.08 gap=+0.33 v=+0.24 w=+0.01 personLvl=0
[INFO] [1784721399.890405589] [yolo_navigator]: [STATUS] mode=FTG front=10.00 L=5.57 R=1.37 gap=+0.35 v=+0.23 w=+0.03 personLvl=0
[INFO] [1784721404.931610922] [yolo_navigator]: [STATUS] mode=FTG front=0.77 L=1.34 R=0.79 gap=+0.41 v=+0.20 w=+0.05 personLvl=0
[INFO] [1784721410.022340067] [yolo_navigator]: [STATUS] mode=FTG front=0.47 L=4.93 R=0.49 gap=+0.38 v=+0.09 w=+0.05 personLvl=0
[INFO] [1784721412.014863320] [yolo_navigator]: [ROTATE_OPEN] front=0.39 open=+0.82
[INFO] [1784721412.820492323] [yolo_navigator]: [FTG] gap=+0.35 W=6.30
[INFO] [1784721414.814229500] [yolo_navigator]: [ROTATE_OPEN] front=0.35 open=+0.66
[INFO] [1784721415.014617741] [yolo_navigator]: [REVERSE] front=0.29 dir=+1
[INFO] [1784721415.072751398] [yolo_navigator]: [STATUS] mode=REVERSE front=0.29 L=5.06 R=0.32 gap=+0.22 v=+0.05 w=+1.20 personLvl=0
[INFO] [1784721415.364672627] [yolo_navigator]: [FTG] gap=+0.07 W=6.33
[INFO] [1784721420.079293758] [yolo_navigator]: [STATUS] mode=FTG front=10.00 L=3.34 R=4.09 gap=+0.34 v=+0.24 w=+0.01 personLvl=0
[INFO] [1784721425.114472024] [yolo_navigator]: [STATUS] mode=FTG front=10.00 L=3.37 R=3.75 gap=+0.34 v=+0.24 w=+0.01 personLvl=0
[INFO] [1784721430.114655800] [yolo_navigator]: [STATUS] mode=FTG front=10.00 L=3.46 R=3.51 gap=+0.35 v=+0.23 w=+0.03 personLvl=0
[INFO] [1784721435.114762675] [yolo_navigator]: [STATUS] mode=FTG front=10.00 L=3.63 R=3.42 gap=-0.28 v=+0.26 w=-0.06 personLvl=0
[INFO] [1784721440.115334811] [yolo_navigator]: [STATUS] mode=FTG front=10.00 L=1.59 R=3.33 gap=-0.23 v=+0.29 w=-0.59 personLvl=0
[INFO] [1784721445.177674123] [yolo_navigator]: [STATUS] mode=FTG front=10.00 L=0.90 R=3.13 gap=-0.05 v=+0.38 w=-0.37 personLvl=0
[INFO] [1784721450.177538114] [yolo_navigator]: [STATUS] mode=FTG front=10.00 L=0.62 R=2.17 gap=-0.12 v=+0.34 w=+0.33 personLvl=0
[INFO] [1784721455.207911304] [yolo_navigator]: [STATUS] mode=FTG front=10.00 L=2.94 R=1.19 gap=-0.11 v=+0.35 w=-0.02 personLvl=0
[INFO] [1784721460.220450717] [yolo_navigator]: [STATUS] mode=FTG front=10.00 L=2.46 R=0.69 gap=-0.13 v=+0.34 w=-0.04 personLvl=0
[INFO] [1784721465.245240183] [yolo_navigator]: [STATUS] mode=FTG front=10.00 L=3.12 R=0.69 gap=-0.18 v=+0.31 w=-0.09 personLvl=0
[INFO] [1784721470.264905335] [yolo_navigator]: [STATUS] mode=FTG front=10.00 L=2.84 R=0.69 gap=+0.07 v=+0.37 w=+0.05 personLvl=0
[INFO] [1784721475.336263277] [yolo_navigator]: [STATUS] mode=FTG front=10.00 L=2.24 R=2.80 gap=-1.35 v=+0.10 w=-1.33 personLvl=0
[INFO] [1784721480.365535831] [yolo_navigator]: [STATUS] mode=FTG front=10.00 L=2.45 R=2.43 gap=-0.73 v=+0.10 w=-0.52 personLvl=0
[INFO] [1784721485.425284054] [yolo_navigator]: [STATUS] mode=FTG front=10.00 L=2.27 R=3.09 gap=+0.47 v=+0.18 w=+0.81 personLvl=0
[INFO] [1784721488.864174375] [yolo_navigator]: [SENSOR_STALE] no /scan for 2.5s
[INFO] [1784721490.464219835] [yolo_navigator]: [STATUS] mode=SENSOR_STALE front=10.00 L=2.19 R=2.02 gap=-0.83 v=+0.00 w=+0.00 personLvl=0
[INFO] [1784721495.464547866] [yolo_navigator]: [STATUS] mode=SENSOR_STALE front=10.00 L=2.19 R=2.02 gap=-0.83 v=+0.00 w=+0.00 personLvl=0
[INFO] [1784721500.464755258] [yolo_navigator]: [STATUS] mode=SENSOR_STALE front=10.00 L=2.19 R=2.02 gap=-0.83 v=+0.00 w=+0.00 personLvl=0
[INFO] [1784721505.473632694] [yolo_navigator]: [STATUS] mode=SENSOR_STALE front=10.00 L=2.19 R=2.02 gap=-0.83 v=+0.00 w=+0.00 personLvl=0
[INFO] [1784721510.494421985] [yolo_navigator]: [STATUS] mode=SENSOR_STALE front=10.00 L=2.19 R=2.02 gap=-0.83 v=+0.00 w=+0.00 personLvl=0
[INFO] [1784721515.514187010] [yolo_navigator]: [STATUS] mode=SENSOR_STALE front=10.00 L=2.19 R=2.02 gap=-0.83 v=+0.00 w=+0.00 personLvl=0
[INFO] [1784721520.564404752] [yolo_navigator]: [STATUS] mode=SENSOR_STALE front=10.00 L=2.19 R=2.02 gap=-0.83 v=+0.00 w=+0.00 personLvl=0
[INFO] [1784721525.564874787] [yolo_navigator]: [STATUS] mode=SENSOR_STALE front=10.00 L=2.19 R=2.02 gap=-0.83 v=+0.00 w=+0.00 personLvl=0
[INFO] [1784721530.614576367] [yolo_navigator]: [STATUS] mode=SENSOR_STALE front=10.00 L=2.19 R=2.02 gap=-0.83 v=+0.00 w=+0.00 personLvl=0
[INFO] [1784721535.614890986] [yolo_navigator]: [STATUS] mode=SENSOR_STALE front=10.00 L=2.19 R=2.02 gap=-0.83 v=+0.00 w=+0.00 personLvl=0
[INFO] [1784721540.664011951] [yolo_navigator]: [STATUS] mode=SENSOR_STALE front=10.00 L=2.19 R=2.02 gap=-0.83 v=+0.00 w=+0.00 personLvl=0
[INFO] [1784721545.665254689] [yolo_navigator]: [STATUS] mode=SENSOR_STALE front=10.00 L=2.19 R=2.02 gap=-0.83 v=+0.00 w=+0.00 personLvl=0
[INFO] [1784721547.034192022] [yolo_navigator]: [FTG] gap=-0.83 W=3.40
[INFO] [1784721550.674191771] [yolo_navigator]: [STATUS] mode=FTG front=10.00 L=2.65 R=3.44 gap=-0.23 v=+0.29 w=+0.15 personLvl=0
[INFO] [1784721555.714984325] [yolo_navigator]: [STATUS] mode=FTG front=10.00 L=2.31 R=3.39 gap=-0.25 v=+0.28 w=+0.13 personLvl=0
[INFO] [1784721560.765611547] [yolo_navigator]: [STATUS] mode=FTG front=10.00 L=2.01 R=3.07 gap=+0.34 v=+0.24 w=+0.03 personLvl=0
[INFO] [1784721565.778346420] [yolo_navigator]: [STATUS] mode=FTG front=10.00 L=1.70 R=2.53 gap=+0.35 v=+0.23 w=+0.06 personLvl=0
[INFO] [1784721570.814438647] [yolo_navigator]: [STATUS] mode=FTG front=10.00 L=1.31 R=2.03 gap=+0.29 v=+0.26 w=+0.02 personLvl=0
[INFO] [1784721575.414940665] [yolo_navigator]: [PERSON] level=1 h=164px
[INFO] [1784721575.907426436] [yolo_navigator]: [STATUS] mode=FTG front=10.00 L=0.75 R=1.60 gap=-0.08 v=+0.21 w=+0.03 personLvl=1
[INFO] [1784721580.914474291] [yolo_navigator]: [STATUS] mode=FTG front=10.00 L=0.37 R=1.38 gap=-0.09 v=+0.21 w=-0.40 personLvl=1
[INFO] [1784721581.566382573] [yolo_navigator]: [PERSON] level=0 h=0px
[INFO] [1784721584.415227945] [yolo_navigator]: [PERSON] level=2 h=212px
[INFO] [1784721585.914649402] [yolo_navigator]: [STATUS] mode=FTG front=10.00 L=3.64 R=1.02 gap=-0.09 v=+0.10 w=-0.02 personLvl=2
[INFO] [1784721587.915629125] [yolo_navigator]: [PERSON] level=0 h=0px
[INFO] [1784721590.915144871] [yolo_navigator]: [STATUS] mode=FTG front=10.00 L=3.37 R=0.77 gap=-0.11 v=+0.35 w=-0.07 personLvl=0
[INFO] [1784721595.964906302] [yolo_navigator]: [STATUS] mode=FTG front=10.00 L=2.97 R=0.34 gap=-0.29 v=+0.26 w=-0.27 personLvl=0
[INFO] [1784721599.015447353] [yolo_navigator]: [PERSON] level=2 h=259px
[INFO] [1784721599.415275056] [yolo_navigator]: [PERSON] level=0 h=0px
[INFO] [1784721599.965162367] [yolo_navigator]: [PERSON] level=2 h=259px
[INFO] [1784721600.980632349] [yolo_navigator]: [STATUS] mode=FTG front=10.00 L=3.06 R=3.27 gap=+0.14 v=+0.10 w=+0.02 personLvl=2
[INFO] [1784721606.016154210] [yolo_navigator]: [STATUS] mode=FTG front=10.00 L=2.95 R=3.13 gap=+0.14 v=+0.10 w=+0.02 personLvl=2
[INFO] [1784721611.050781477] [yolo_navigator]: [STATUS] mode=FTG front=10.00 L=2.83 R=3.00 gap=+0.14 v=+0.10 w=+0.06 personLvl=2
[INFO] [1784721616.065801193] [yolo_navigator]: [STATUS] mode=FTG front=10.00 L=2.76 R=2.87 gap=+0.13 v=+0.10 w=+0.02 personLvl=2
[INFO] [1784721621.065505318] [yolo_navigator]: [STATUS] mode=FTG front=10.00 L=2.68 R=2.74 gap=+0.12 v=+0.10 w=-0.02 personLvl=2
[INFO] [1784721626.114647998] [yolo_navigator]: [STATUS] mode=FTG front=10.00 L=2.62 R=1.51 gap=+0.13 v=+0.10 w=+0.01 personLvl=2
[INFO] [1784721627.365706952] [yolo_navigator]: [PERSON] level=0 h=0px
[INFO] [1784721631.132775873] [yolo_navigator]: [STATUS] mode=FTG front=0.81 L=2.75 R=0.83 gap=+0.12 v=+0.34 w=-0.00 personLvl=0
[INFO] [1784721634.164370364] [yolo_navigator]: [ROTATE_OPEN] front=0.39 open=+1.17
[INFO] [1784721635.214482597] [yolo_navigator]: [FTG] gap=-0.01 W=0.93
[INFO] [1784721636.164818849] [yolo_navigator]: [STATUS] mode=FTG front=10.00 L=2.57 R=0.45 gap=+0.35 v=+0.23 w=+0.02 personLvl=0
[INFO] [1784721641.172804175] [yolo_navigator]: [STATUS] mode=FTG front=10.00 L=2.47 R=0.54 gap=+0.37 v=+0.22 w=+0.03 personLvl=0
[INFO] [1784721646.228256734] [yolo_navigator]: [STATUS] mode=FTG front=10.00 L=2.28 R=1.92 gap=+0.07 v=+0.36 w=-0.23 personLvl=0
[INFO] [1784721651.264644615] [yolo_navigator]: [STATUS] mode=FTG front=10.00 L=1.79 R=1.08 gap=+0.18 v=+0.31 w=+0.03 personLvl=0
[INFO] [1784721656.277870228] [yolo_navigator]: [STATUS] mode=FTG front=10.00 L=1.26 R=0.73 gap=+0.05 v=+0.38 w=-0.02 personLvl=0
[INFO] [1784721661.341757761] [yolo_navigator]: [STATUS] mode=FTG front=10.00 L=1.30 R=0.74 gap=-0.06 v=+0.37 w=-0.13 personLvl=0
[INFO] [1784721666.314131641] [yolo_navigator]: [STATUS] mode=FTG front=10.00 L=2.30 R=2.15 gap=+0.81 v=+0.10 w=+0.57 personLvl=0
[INFO] [1784721671.340334234] [yolo_navigator]: [STATUS] mode=FTG front=10.00 L=1.92 R=1.81 gap=+0.54 v=+0.14 w=+0.31 personLvl=0
[INFO] [1784721676.378227629] [yolo_navigator]: [STATUS] mode=FTG front=10.00 L=1.57 R=1.43 gap=+0.29 v=+0.26 w=+0.02 personLvl=0
[INFO] [1784721681.425927468] [yolo_navigator]: [STATUS] mode=FTG front=10.00 L=1.35 R=1.03 gap=+0.32 v=+0.24 w=+0.03 personLvl=0
[INFO] [1784721686.471333774] [yolo_navigator]: [STATUS] mode=FTG front=0.86 L=1.24 R=0.63 gap=+0.46 v=+0.18 w=+0.15 personLvl=0
[INFO] [1784721691.464906562] [yolo_navigator]: [STATUS] mode=FTG front=0.51 L=1.04 R=0.41 gap=+0.35 v=+0.12 w=+0.01 personLvl=0
[INFO] [1784721694.164935963] [yolo_navigator]: [ROTATE_OPEN] front=0.40 open=+0.82
[INFO] [1784721694.941124352] [yolo_navigator]: [FTG] gap=+0.34 W=2.93
[INFO] [1784721696.464948730] [yolo_navigator]: [STATUS] mode=FTG front=10.00 L=0.94 R=0.38 gap=+0.02 v=+0.39 w=-0.20 personLvl=0
[INFO] [1784721698.416222270] [yolo_navigator]: [ROTATE_OPEN] front=0.39 open=+0.68
[INFO] [1784721699.314581786] [yolo_navigator]: [FTG] gap=+0.09 W=3.31
[INFO] [1784721700.555863756] [yolo_navigator]: [PERSON] level=2 h=254px
[INFO] [1784721701.465566288] [yolo_navigator]: [STATUS] mode=FTG front=10.00 L=0.92 R=0.39 gap=+0.05 v=+0.10 w=-0.14 personLvl=2
[INFO] [1784721701.616192056] [yolo_navigator]: [PERSON] level=0 h=0px
[INFO] [1784721704.615061141] [yolo_navigator]: [PERSON] level=2 h=258px
[INFO] [1784721705.416206958] [yolo_navigator]: [PERSON] level=0 h=0px
[INFO] [1784721706.465250617] [yolo_navigator]: [STATUS] mode=FTG front=10.00 L=1.49 R=0.47 gap=+0.12 v=+0.34 w=-0.26 personLvl=0
[INFO] [1784721711.477138400] [yolo_navigator]: [STATUS] mode=FTG front=10.00 L=1.77 R=0.57 gap=-0.10 v=+0.35 w=+0.28 personLvl=0
[INFO] [1784721716.472188475] [yolo_navigator]: [STATUS] mode=FTG front=10.00 L=1.02 R=0.70 gap=+0.14 v=+0.33 w=-0.24 personLvl=0
[INFO] [1784721721.570955166] [yolo_navigator]: [STATUS] mode=FTG front=10.00 L=0.59 R=0.79 gap=+0.16 v=+0.32 w=-0.23 personLvl=0
[INFO] [1784721726.565080978] [yolo_navigator]: [STATUS] mode=FTG front=10.00 L=3.52 R=0.87 gap=+0.23 v=+0.29 w=-0.14 personLvl=0
[INFO] [1784721731.616258207] [yolo_navigator]: [STATUS] mode=FTG front=10.00 L=3.21 R=0.93 gap=-0.27 v=+0.27 w=+0.10 personLvl=0
[INFO] [1784721736.664836549] [yolo_navigator]: [STATUS] mode=FTG front=10.00 L=3.03 R=0.95 gap=-0.52 v=+0.15 w=-0.06 personLvl=0
[INFO] [1784721741.667690911] [yolo_navigator]: [STATUS] mode=FTG front=10.00 L=1.93 R=0.84 gap=+0.05 v=+0.38 w=-0.26 personLvl=0
[INFO] [1784721746.714972018] [yolo_navigator]: [STATUS] mode=FTG front=0.69 L=1.39 R=0.55 gap=+0.40 v=+0.21 w=+0.10 personLvl=0
[INFO] [1784721751.731069914] [yolo_navigator]: [STATUS] mode=FTG front=0.45 L=1.16 R=0.39 gap=+0.37 v=+0.08 w=+0.04 personLvl=0
[INFO] [1784721753.816132432] [yolo_navigator]: [ROTATE_OPEN] front=0.40 open=+1.45
[INFO] [1784721754.614305752] [yolo_navigator]: [FTG] gap=+0.32 W=1.88
[INFO] [1784721756.764867492] [yolo_navigator]: [STATUS] mode=FTG front=1.02 L=0.93 R=0.36 gap=+0.06 v=+0.37 w=-0.15 personLvl=0
[INFO] [1784721758.415645398] [yolo_navigator]: [ROTATE_OPEN] front=0.38 open=+1.36
[INFO] [1784721758.964967501] [yolo_navigator]: [REVERSE] front=0.31 dir=+1
[INFO] [1784721759.314256844] [yolo_navigator]: [FTG] gap=+0.09 W=1.98
[INFO] [1784721761.765287461] [yolo_navigator]: [STATUS] mode=FTG front=0.48 L=0.52 R=0.41 gap=+1.27 v=+0.04 w=+1.15 personLvl=0
[INFO] [1784721765.343943703] [yolo_navigator]: [ROTATE_OPEN] front=0.40 open=+0.40
[INFO] [1784721766.857115969] [yolo_navigator]: [STATUS] mode=ROTATE_OPEN front=0.39 L=3.40 R=0.44 gap=+0.06 v=+0.00 w=+1.00 personLvl=0
[INFO] [1784721766.914244468] [yolo_navigator]: [FTG] gap=+0.03 W=8.87
[INFO] [1784721771.864310877] [yolo_navigator]: [STATUS] mode=FTG front=10.00 L=1.71 R=2.77 gap=-0.33 v=+0.24 w=+0.06 personLvl=0
[INFO] [1784721776.864450903] [yolo_navigator]: [STATUS] mode=FTG front=10.00 L=2.45 R=2.30 gap=-0.36 v=+0.23 w=-0.02 personLvl=0
[INFO] [1784721781.954664963] [yolo_navigator]: [STATUS] mode=FTG front=10.00 L=2.52 R=1.84 gap=-0.35 v=+0.23 w=-0.02 personLvl=0
[INFO] [1784721787.001737065] [yolo_navigator]: [STATUS] mode=FTG front=10.00 L=2.28 R=1.39 gap=-0.36 v=+0.23 w=-0.06 personLvl=0
[INFO] [1784721792.015203177] [yolo_navigator]: [STATUS] mode=FTG front=10.00 L=1.81 R=0.98 gap=-0.31 v=+0.25 w=-0.09 personLvl=0
[INFO] [1784721797.016300802] [yolo_navigator]: [STATUS] mode=FTG front=10.00 L=1.29 R=0.67 gap=-0.38 v=+0.22 w=-0.15 personLvl=0
[INFO] [1784721802.109989448] [yolo_navigator]: [STATUS] mode=FTG front=10.00 L=1.13 R=0.45 gap=+0.26 v=+0.27 w=+0.02 personLvl=0
[INFO] [1784721807.113953226] [yolo_navigator]: [STATUS] mode=FTG front=10.00 L=1.09 R=0.79 gap=+0.33 v=+0.24 w=+0.12 personLvl=0
[INFO] [1784721812.114754978] [yolo_navigator]: [STATUS] mode=FTG front=10.00 L=0.96 R=3.10 gap=+0.28 v=+0.26 w=+0.02 personLvl=0
[INFO] [1784721817.122201729] [yolo_navigator]: [STATUS] mode=FTG front=10.00 L=0.76 R=2.49 gap=+0.28 v=+0.27 w=+0.01 personLvl=0
[INFO] [1784721822.188202966] [yolo_navigator]: [STATUS] mode=FTG front=10.00 L=2.44 R=1.83 gap=+0.15 v=+0.33 w=-0.00 personLvl=0
[INFO] [1784721827.245179866] [yolo_navigator]: [STATUS] mode=FTG front=10.00 L=4.02 R=1.29 gap=+0.51 v=+0.16 w=+0.35 personLvl=0
[INFO] [1784721832.265157265] [yolo_navigator]: [STATUS] mode=FTG front=10.00 L=4.78 R=1.00 gap=-0.38 v=+0.22 w=-0.04 personLvl=0
[INFO] [1784721837.272208294] [yolo_navigator]: [STATUS] mode=FTG front=10.00 L=4.01 R=0.72 gap=-0.33 v=+0.24 w=-0.03 personLvl=0
[INFO] [1784721842.315336422] [yolo_navigator]: [STATUS] mode=FTG front=10.00 L=3.32 R=0.55 gap=-0.34 v=+0.24 w=-0.03 personLvl=0
[INFO] [1784721847.315081849] [yolo_navigator]: [STATUS] mode=FTG front=10.00 L=2.66 R=0.69 gap=-0.37 v=+0.22 w=+0.02 personLvl=0
[INFO] [1784721852.527974524] [yolo_navigator]: [STATUS] mode=FTG front=10.00 L=2.11 R=1.45 gap=-0.44 v=+0.19 w=-0.07 personLvl=0
[INFO] [1784721857.415294052] [yolo_navigator]: [STATUS] mode=FTG front=10.00 L=1.88 R=0.68 gap=-0.06 v=+0.37 w=-0.02 personLvl=0
[INFO] [1784721862.442134383] [yolo_navigator]: [STATUS] mode=FTG front=10.00 L=1.91 R=0.40 gap=-0.11 v=+0.35 w=+0.26 personLvl=0
[INFO] [1784721867.465144583] [yolo_navigator]: [STATUS] mode=FTG front=10.00 L=1.78 R=0.55 gap=+0.12 v=+0.34 w=-0.02 personLvl=0
[INFO] [1784721872.554669560] [yolo_navigator]: [STATUS] mode=FTG front=10.00 L=1.79 R=2.23 gap=-0.29 v=+0.26 w=-0.06 personLvl=0
[INFO] [1784721877.534586799] [yolo_navigator]: [STATUS] mode=FTG front=10.00 L=2.01 R=1.94 gap=-0.27 v=+0.27 w=-0.05 personLvl=0
[INFO] [1784721882.564495568] [yolo_navigator]: [STATUS] mode=FTG front=10.00 L=2.44 R=1.55 gap=-0.30 v=+0.26 w=-0.09 personLvl=0
[INFO] [1784721887.576522003] [yolo_navigator]: [STATUS] mode=FTG front=10.00 L=2.82 R=1.07 gap=-0.17 v=+0.32 w=+0.03 personLvl=0
[INFO] [1784721892.594561839] [yolo_navigator]: [STATUS] mode=FTG front=10.00 L=2.46 R=0.78 gap=+0.11 v=+0.35 w=+0.38 personLvl=0
[INFO] [1784721897.615463722] [yolo_navigator]: [STATUS] mode=FTG front=10.00 L=2.02 R=0.96 gap=-0.57 v=+0.13 w=-0.25 personLvl=0
[INFO] [1784721902.641667474] [yolo_navigator]: [STATUS] mode=FTG front=10.00 L=1.65 R=1.18 gap=-0.02 v=+0.39 w=+0.25 personLvl=0
[INFO] [1784721907.676357188] [yolo_navigator]: [STATUS] mode=FTG front=10.00 L=1.23 R=1.48 gap=-0.31 v=+0.25 w=-0.02 personLvl=0
[INFO] [1784721912.760411932] [yolo_navigator]: [STATUS] mode=FTG front=10.00 L=0.85 R=3.12 gap=-0.07 v=+0.37 w=+0.22 personLvl=0
[INFO] [1784721917.715026476] [yolo_navigator]: [STATUS] mode=FTG front=0.80 L=0.54 R=3.71 gap=-0.35 v=+0.23 w=-0.01 personLvl=0
[INFO] [1784721922.715296830] [yolo_navigator]: [STATUS] mode=FTG front=0.41 L=0.36 R=3.35 gap=-0.35 v=+0.05 w=-0.01 personLvl=0
[INFO] [1784721922.814489844] [yolo_navigator]: [ROTATE_OPEN] front=0.40 open=-1.33
[INFO] [1784721923.648010815] [yolo_navigator]: [FTG] gap=-0.34 W=1.97
[INFO] [1784721927.738686751] [yolo_navigator]: [STATUS] mode=FTG front=10.00 L=0.65 R=2.41 gap=-0.27 v=+0.27 w=+0.11 personLvl=0
[INFO] [1784721932.764800999] [yolo_navigator]: [STATUS] mode=FTG front=10.00 L=1.15 R=2.25 gap=-0.22 v=+0.29 w=-0.03 personLvl=0
[INFO] [1784721937.884992400] [yolo_navigator]: [STATUS] mode=FTG front=10.00 L=1.62 R=2.85 gap=-0.21 v=+0.30 w=-0.01 personLvl=0
[INFO] [1784721942.848694635] [yolo_navigator]: [STATUS] mode=FTG front=1.15 L=1.03 R=3.55 gap=-0.22 v=+0.29 w=-0.02 personLvl=0
[INFO] [1784721947.865061858] [yolo_navigator]: [STATUS] mode=FTG front=0.43 L=0.47 R=3.03 gap=-0.22 v=+0.09 w=-0.00 personLvl=0
[INFO] [1784721948.566882576] [yolo_navigator]: [ROTATE_OPEN] front=0.40 open=-1.38
[INFO] [1784721949.663899350] [yolo_navigator]: [FTG] gap=-0.07 W=5.29
[INFO] [1784721950.477776206] [yolo_navigator]: [PERSON] level=1 h=124px
[INFO] [1784721952.915807090] [yolo_navigator]: [STATUS] mode=FTG front=10.00 L=2.35 R=2.99 gap=+0.25 v=+0.13 w=-0.12 personLvl=1
[INFO] [1784721953.315345202] [yolo_navigator]: [PERSON] level=0 h=0px
[INFO] [1784721957.977361989] [yolo_navigator]: [STATUS] mode=FTG front=10.00 L=2.07 R=2.75 gap=-0.36 v=+0.23 w=-0.02 personLvl=0
[INFO] [1784721963.014889863] [yolo_navigator]: [STATUS] mode=FTG front=10.00 L=1.41 R=2.69 gap=-0.36 v=+0.23 w=-0.02 personLvl=0
[INFO] [1784721968.018298378] [yolo_navigator]: [STATUS] mode=FTG front=0.78 L=0.80 R=4.20 gap=-0.35 v=+0.23 w=+0.00 personLvl=0
[INFO] [1784721972.814026057] [yolo_navigator]: [ROTATE_OPEN] front=0.39 open=-0.42
[INFO] [1784721973.064210008] [yolo_navigator]: [STATUS] mode=ROTATE_OPEN front=0.39 L=0.45 R=3.83 gap=-0.37 v=+0.00 w=-1.00 personLvl=0
[INFO] [1784721974.066004344] [yolo_navigator]: [FTG] gap=-0.22 W=11.84
[INFO] [1784721976.014190767] [yolo_navigator]: [ROTATE_OPEN] front=0.38 open=-0.03
[INFO] [1784721976.164163881] [yolo_navigator]: [REVERSE] front=0.31 dir=-1
[INFO] [1784721976.913856560] [yolo_navigator]: [FTG] gap=+0.12 W=4.16
[INFO] [1784721978.064705763] [yolo_navigator]: [STATUS] mode=FTG front=10.00 L=0.45 R=2.56 gap=+0.40 v=+0.21 w=+0.11 personLvl=0
[INFO] [1784721983.064844672] [yolo_navigator]: [STATUS] mode=FTG front=10.00 L=2.85 R=1.81 gap=+0.07 v=+0.37 w=+0.02 personLvl=0
[INFO] [1784721988.078094846] [yolo_navigator]: [STATUS] mode=FTG front=10.00 L=3.21 R=1.51 gap=+0.33 v=+0.24 w=+0.05 personLvl=0
[INFO] [1784721993.082335763] [yolo_navigator]: [STATUS] mode=FTG front=10.00 L=2.93 R=1.55 gap=+0.31 v=+0.25 w=+0.00 personLvl=0
[INFO] [1784721998.115343723] [yolo_navigator]: [STATUS] mode=FTG front=0.91 L=2.77 R=0.92 gap=+0.60 v=+0.11 w=+0.26 personLvl=0
[INFO] [1784722003.207128392] [yolo_navigator]: [STATUS] mode=FTG front=0.54 L=2.62 R=0.51 gap=+0.38 v=+0.13 w=-0.01 personLvl=0
[INFO] [1784722008.215339451] [yolo_navigator]: [STATUS] mode=FTG front=10.00 L=2.05 R=5.22 gap=-0.00 v=+0.40 w=+0.44 personLvl=0
[INFO] [1784722013.221349461] [yolo_navigator]: [STATUS] mode=FTG front=10.00 L=1.34 R=5.31 gap=+0.08 v=+0.36 w=-0.36 personLvl=0
[INFO] [1784722018.269872537] [yolo_navigator]: [STATUS] mode=FTG front=10.00 L=1.24 R=5.12 gap=-0.18 v=+0.32 w=-0.03 personLvl=0
[INFO] [1784722023.278449169] [yolo_navigator]: [STATUS] mode=FTG front=10.00 L=1.26 R=5.02 gap=-0.20 v=+0.31 w=-0.02 personLvl=0
[INFO] [1784722028.319537328] [yolo_navigator]: [STATUS] mode=FTG front=10.00 L=1.15 R=3.33 gap=+0.29 v=+0.26 w=-0.13 personLvl=0
[INFO] [1784722033.365213539] [yolo_navigator]: [STATUS] mode=FTG front=10.00 L=1.40 R=4.67 gap=-1.04 v=+0.10 w=-1.11 personLvl=0
[INFO] [1784722038.414593195] [yolo_navigator]: [STATUS] mode=FTG front=10.00 L=1.16 R=4.68 gap=-0.20 v=+0.30 w=-0.02 personLvl=0
[INFO] [1784722043.415376277] [yolo_navigator]: [STATUS] mode=FTG front=10.00 L=1.49 R=4.09 gap=-0.20 v=+0.31 w=-0.01 personLvl=0
[INFO] [1784722048.521227355] [yolo_navigator]: [STATUS] mode=FTG front=10.00 L=1.99 R=3.51 gap=-0.17 v=+0.32 w=+0.09 personLvl=0
[INFO] [1784722053.565261696] [yolo_navigator]: [STATUS] mode=FTG front=10.00 L=2.00 R=2.93 gap=-0.44 v=+0.19 w=-0.60 personLvl=0
[INFO] [1784722058.616536795] [yolo_navigator]: [STATUS] mode=FTG front=10.00 L=2.26 R=2.55 gap=+0.23 v=+0.29 w=-0.04 personLvl=0
[INFO] [1784722063.628407181] [yolo_navigator]: [STATUS] mode=FTG front=10.00 L=1.69 R=1.68 gap=+0.33 v=+0.24 w=+0.69 personLvl=0
[INFO] [1784722068.746206943] [yolo_navigator]: [STATUS] mode=FTG front=1.00 L=0.85 R=0.82 gap=-0.07 v=+0.37 w=-0.29 personLvl=0
[INFO] [1784722072.319988512] [yolo_navigator]: [ROTATE_OPEN] front=0.40 open=-1.10
[INFO] [1784722073.129238332] [yolo_navigator]: [FTG] gap=-0.10 W=2.00
[INFO] [1784722073.722546112] [yolo_navigator]: [STATUS] mode=FTG front=10.00 L=0.33 R=0.52 gap=+0.18 v=+0.32 w=+0.41 personLvl=0
[INFO] [1784722078.793711177] [yolo_navigator]: [STATUS] mode=FTG front=10.00 L=1.59 R=3.12 gap=+0.24 v=+0.28 w=+0.11 personLvl=0
[INFO] [1784722083.816181142] [yolo_navigator]: [STATUS] mode=FTG front=10.00 L=0.98 R=2.58 gap=+0.19 v=+0.31 w=+0.04 personLvl=0
[INFO] [1784722088.865088609] [yolo_navigator]: [STATUS] mode=FTG front=10.00 L=0.78 R=2.06 gap=+0.12 v=+0.34 w=+0.05 personLvl=0
[INFO] [1784722093.865259200] [yolo_navigator]: [STATUS] mode=FTG front=10.00 L=0.70 R=1.64 gap=+0.27 v=+0.27 w=+0.15 personLvl=0
[INFO] [1784722098.914563938] [yolo_navigator]: [STATUS] mode=FTG front=10.00 L=2.97 R=1.36 gap=+1.40 v=+0.10 w=+1.47 personLvl=0
[INFO] [1784722103.964974100] [yolo_navigator]: [STATUS] mode=FTG front=10.00 L=0.73 R=1.92 gap=-0.54 v=+0.14 w=-0.86 personLvl=0
[INFO] [1784722108.965070625] [yolo_navigator]: [STATUS] mode=FTG front=10.00 L=2.38 R=1.68 gap=+1.30 v=+0.10 w=+1.39 personLvl=0
[INFO] [1784722113.964776292] [yolo_navigator]: [STATUS] mode=FTG front=10.00 L=1.94 R=1.44 gap=+0.08 v=+0.36 w=-0.26 personLvl=0
[INFO] [1784722118.973029638] [yolo_navigator]: [STATUS] mode=FTG front=10.00 L=1.39 R=1.00 gap=-0.02 v=+0.39 w=-0.31 personLvl=0
[INFO] [1784722122.714566605] [yolo_navigator]: [WEDGE] open=+0.44
[INFO] [1784722123.215010923] [yolo_navigator]: [FTG] gap=+0.43 W=0.70
[INFO] [1784722123.264876175] [yolo_navigator]: [WEDGE] open=+0.51
[INFO] [1784722123.314847966] [yolo_navigator]: [FTG] gap=+0.46 W=0.71
[INFO] [1784722124.014922269] [yolo_navigator]: [STATUS] mode=FTG front=0.94 L=1.02 R=0.61 gap=+0.27 v=+0.27 w=-0.04 personLvl=0
[INFO] [1784722126.313870869] [yolo_navigator]: [WEDGE] open=+0.31
[INFO] [1784722126.414127395] [yolo_navigator]: [FTG] gap=+0.27 W=0.36
[INFO] [1784722126.664354355] [yolo_navigator]: [WEDGE] open=+0.30
[INFO] [1784722128.715615821] [yolo_navigator]: [FTG] gap=-0.48 W=2.69
[INFO] [1784722129.064463259] [yolo_navigator]: [STATUS] mode=FTG front=0.61 L=0.64 R=0.56 gap=-0.62 v=+0.08 w=-0.24 personLvl=0
[INFO] [1784722134.150291765] [yolo_navigator]: [STATUS] mode=FTG front=0.46 L=0.49 R=0.55 gap=-0.47 v=+0.06 w=-0.03 personLvl=0
[INFO] [1784722136.914254596] [yolo_navigator]: [ROTATE_OPEN] front=0.40 open=-0.28
[INFO] [1784722137.714131409] [yolo_navigator]: [FTG] gap=-0.43 W=2.47
[INFO] [1784722137.977540434] [yolo_navigator]: [WEDGE] open=-0.12
[INFO] [1784722139.222726380] [yolo_navigator]: [STATUS] mode=WEDGE front=0.63 L=0.48 R=0.49 gap=+0.00 v=+0.05 w=+1.00 personLvl=0
[INFO] [1784722140.564610716] [yolo_navigator]: [ROTATE_OPEN] front=0.39 open=-0.16
[INFO] [1784722140.713750254] [yolo_navigator]: [WEDGE] open=-0.24
[INFO] [1784722140.864294546] [yolo_navigator]: [ROTATE_OPEN] front=0.33 open=-0.26
[INFO] [1784722140.963835159] [yolo_navigator]: [REVERSE] front=0.29 dir=-1
[INFO] [1784722141.710429087] [yolo_navigator]: [WEDGE] open=-0.00
[INFO] [1784722143.983025955] [yolo_navigator]: [ROTATE_OPEN] front=0.36 open=-0.12
[INFO] [1784722144.113998367] [yolo_navigator]: [REVERSE] front=0.31 dir=-1
[INFO] [1784722144.215123007] [yolo_navigator]: [STATUS] mode=REVERSE front=0.29 L=0.35 R=0.52 gap=-0.39 v=-0.30 w=-0.80 personLvl=0
[INFO] [1784722145.414311774] [yolo_navigator]: [WEDGE] open=-0.03
[INFO] [1784722147.714075524] [yolo_navigator]: [FTG] gap=-0.24 W=2.48
[INFO] [1784722147.863847061] [yolo_navigator]: [WEDGE] open=-0.23
[INFO] [1784722148.014590728] [yolo_navigator]: [ROTATE_OPEN] front=0.33 open=-0.24
[INFO] [1784722148.164880468] [yolo_navigator]: [REVERSE] front=0.31 dir=-1
[INFO] [1784722148.166025595] [yolo_navigator]: [COMMIT] Ταλάντωση σε περατό στενό (W=2.33) -> αποφασιστικό πέρασμα
[INFO] [1784722148.224692817] [yolo_navigator]: [COMMIT] steer=+0.06 front=0.30
[INFO] [1784722149.214729016] [yolo_navigator]: [STATUS] mode=COMMIT front=0.34 L=0.37 R=0.51 gap=-0.24 v=+0.10 w=-1.00 personLvl=0
[INFO] [1784722154.296581754] [yolo_navigator]: [STATUS] mode=COMMIT front=0.24 L=0.29 R=0.46 gap=+0.00 v=+0.06 w=-0.00 personLvl=0
[INFO] [1784722157.614600805] [yolo_navigator]: [COMMIT] Απέτυχε (front<0.15), αποτυχία #1
[INFO] [1784722157.615153265] [yolo_navigator]: [REVERSE] front=0.15 dir=-1
[INFO] [1784722158.372410236] [yolo_navigator]: [WEDGE] open=+0.05
[INFO] [1784722159.373538200] [yolo_navigator]: [STATUS] mode=WEDGE front=0.70 L=0.29 R=0.45 gap=+0.00 v=+0.05 w=+1.00 personLvl=0
[INFO] [1784722159.565247101] [yolo_navigator]: [REVERSE] front=0.29 dir=-1
[INFO] [1784722161.172828922] [yolo_navigator]: [WEDGE] open=+0.03
[INFO] [1784722163.186384663] [yolo_navigator]: [REVERSE] front=0.28 dir=-1
[INFO] [1784722163.187236754] [yolo_navigator]: [COMMIT] Ταλάντωση σε περατό στενό (W=2.34) -> αποφασιστικό πέρασμα
[INFO] [1784722163.214992174] [yolo_navigator]: [COMMIT] steer=-1.00 front=0.28
[INFO] [1784722164.387174973] [yolo_navigator]: [STATUS] mode=COMMIT front=0.24 L=0.32 R=0.52 gap=-0.29 v=+0.06 w=-1.00 personLvl=0
[INFO] [1784722169.416185208] [yolo_navigator]: [STATUS] mode=COMMIT front=0.18 L=0.26 R=0.46 gap=+0.00 v=+0.06 w=-0.00 personLvl=0
[INFO] [1784722170.615412772] [yolo_navigator]: [COMMIT] Απέτυχε (front<0.15), αποτυχία #2
[INFO] [1784722170.615858990] [yolo_navigator]: [REVERSE] front=0.15 dir=-1
[INFO] [1784722171.864843106] [yolo_navigator]: [WEDGE] open=+0.12
[INFO] [1784722173.414785551] [yolo_navigator]: [REVERSE] front=0.25 dir=-1
[INFO] [1784722174.464578087] [yolo_navigator]: [STATUS] mode=REVERSE front=0.15 L=0.27 R=0.52 gap=-0.35 v=-0.30 w=-0.80 personLvl=0
[INFO] [1784722175.255176201] [yolo_navigator]: [WEDGE] open=+0.10
[INFO] [1784722177.164401049] [yolo_navigator]: [REVERSE] front=0.29 dir=-1
[INFO] [1784722177.164909408] [yolo_navigator]: [ESCAPE_NARROW] Στενό/αδιέξοδο (W=2.43 wedged=False failedCommits=2) -> φεύγω (leave=4s), φίλτρο στενών 20s
[INFO] [1784722177.238253045] [yolo_navigator]: [ESCAPE_NARROW] dir=-1
[INFO] [1784722179.464995636] [yolo_navigator]: [STATUS] mode=ESCAPE_NARROW front=0.60 L=0.39 R=0.53 gap=+0.00 v=-0.10 w=-1.00 personLvl=0
[INFO] [1784722180.216900595] [yolo_navigator]: [LEAVE] open=+0.79 front=0.50
[INFO] [1784722184.215063400] [yolo_navigator]: [WEDGE] cooldown open=+0.17
[INFO] [1784722184.514684180] [yolo_navigator]: [STATUS] mode=WEDGE front=1.01 L=0.31 R=0.52 gap=+0.00 v=+0.25 w=+0.07 personLvl=0
[INFO] [1784722185.064951417] [yolo_navigator]: [REVERSE] front=0.31 dir=-1
[INFO] [1784722185.579084549] [yolo_navigator]: [WEDGE] cooldown open=+0.09
[INFO] [1784722187.964799064] [yolo_navigator]: [ROTATE_OPEN] front=0.37 open=+0.94
[INFO] [1784722189.468966695] [yolo_navigator]: [WEDGE] cooldown open=+0.89
[INFO] [1784722189.566063455] [yolo_navigator]: [STATUS] mode=WEDGE front=0.40 L=0.37 R=0.44 gap=+0.00 v=+0.00 w=+0.30 personLvl=0
[INFO] [1784722191.014963846] [yolo_navigator]: [ROTATE_OPEN] front=0.37 open=+0.96
[INFO] [1784722192.417920410] [yolo_navigator]: [WEDGE] cooldown open=+0.89
[INFO] [1784722194.298731752] [yolo_navigator]: [ROTATE_OPEN] front=0.37 open=+0.98
[INFO] [1784722194.582005497] [yolo_navigator]: [STATUS] mode=ROTATE_OPEN front=0.38 L=0.52 R=0.42 gap=+1.29 v=+0.00 w=+1.00 personLvl=0
[INFO] [1784722195.614176230] [yolo_navigator]: [WEDGE] cooldown open=+0.91
[INFO] [1784722197.264962710] [yolo_navigator]: [ROTATE_OPEN] front=0.37 open=+0.94
[INFO] [1784722198.664040276] [yolo_navigator]: [WEDGE] open=+0.93
[INFO] [1784722198.715746417] [yolo_navigator]: [ROTATE_OPEN] front=0.37 open=+0.91
[INFO] [1784722198.864425049] [yolo_navigator]: [WEDGE] open=+0.86
[INFO] [1784722199.620435627] [yolo_navigator]: [STATUS] mode=WEDGE front=0.45 L=0.33 R=0.45 gap=+0.00 v=+0.05 w=+1.00 personLvl=0
[INFO] [1784722200.669311261] [yolo_navigator]: [REVERSE] front=0.20 dir=-1
[INFO] [1784722202.514490709] [yolo_navigator]: [WEDGE] open=+0.09
[INFO] [1784722204.514525061] [yolo_navigator]: [ROTATE_OPEN] front=0.32 open=-0.09
[INFO] [1784722204.564436058] [yolo_navigator]: [REVERSE] front=0.30 dir=-1
[INFO] [1784722204.675549353] [yolo_navigator]: [STATUS] mode=REVERSE front=0.28 L=0.34 R=0.54 gap=+0.00 v=-0.30 w=-0.80 personLvl=0
[INFO] [1784722206.170172749] [yolo_navigator]: [WEDGE] open=-0.03
[INFO] [1784722208.514695278] [yolo_navigator]: [ROTATE_OPEN] front=0.37 open=-0.16
[INFO] [1784722208.769464467] [yolo_navigator]: [REVERSE] front=0.31 dir=-1
[INFO] [1784722208.770045373] [yolo_navigator]: [COMMIT] Ταλάντωση σε περατό στενό (W=2.43) -> αποφασιστικό πέρασμα
[INFO] [1784722208.816176429] [yolo_navigator]: [COMMIT] steer=-1.00 front=0.31
[INFO] [1784722209.693146882] [yolo_navigator]: [STATUS] mode=COMMIT front=0.35 L=0.37 R=0.55 gap=-0.25 v=+0.10 w=-1.00 personLvl=0
[INFO] [1784722214.715045455] [yolo_navigator]: [STATUS] mode=COMMIT front=0.23 L=0.29 R=0.50 gap=+0.00 v=+0.06 w=-0.00 personLvl=0
[INFO] [1784722217.614778478] [yolo_navigator]: [COMMIT] Απέτυχε (front<0.15), αποτυχία #1
[INFO] [1784722217.615230836] [yolo_navigator]: [REVERSE] front=0.15 dir=-1
[INFO] [1784722218.850100415] [yolo_navigator]: [WEDGE] open=+0.09
[INFO] [1784722219.736200356] [yolo_navigator]: [STATUS] mode=WEDGE front=0.59 L=0.33 R=0.51 gap=+0.00 v=+0.05 w=+1.00 personLvl=0
[INFO] [1784722220.364920359] [yolo_navigator]: [REVERSE] front=0.31 dir=-1
[INFO] [1784722221.717941740] [yolo_navigator]: [WEDGE] open=+0.02
[INFO] [1784722223.468386517] [yolo_navigator]: [REVERSE] front=0.29 dir=-1
[INFO] [1784722223.469018104] [yolo_navigator]: [COMMIT] Ταλάντωση σε περατό στενό (W=2.40) -> αποφασιστικό πέρασμα
[INFO] [1784722223.515346750] [yolo_navigator]: [COMMIT] steer=-1.00 front=0.29
[INFO] [1784722224.765333805] [yolo_navigator]: [STATUS] mode=COMMIT front=0.24 L=0.30 R=0.53 gap=+0.00 v=+0.06 w=-0.03 personLvl=0
[INFO] [1784722228.764708697] [yolo_navigator]: [COMMIT] Απέτυχε (front<0.15), αποτυχία #2
[INFO] [1784722228.765131828] [yolo_navigator]: [REVERSE] front=0.15 dir=-1
[INFO] [1784722229.765657150] [yolo_navigator]: [STATUS] mode=REVERSE front=0.16 L=0.26 R=0.49 gap=+0.00 v=-0.30 w=-0.80 personLvl=0
[INFO] [1784722230.113959258] [yolo_navigator]: [WEDGE] open=+0.17
[INFO] [1784722231.817928483] [yolo_navigator]: [REVERSE] front=0.25 dir=-1
[INFO] [1784722233.564050830] [yolo_navigator]: [WEDGE] open=+0.09
[INFO] [1784722234.815442923] [yolo_navigator]: [STATUS] mode=WEDGE front=0.74 L=0.42 R=0.55 gap=+0.00 v=+0.05 w=+1.00 personLvl=0
[INFO] [1784722235.764354359] [yolo_navigator]: [ROTATE_OPEN] front=0.35 open=-0.07
[INFO] [1784722235.915057362] [yolo_navigator]: [REVERSE] front=0.31 dir=-1
[INFO] [1784722235.915762717] [yolo_navigator]: [ESCAPE_NARROW] Στενό/αδιέξοδο (W=2.46 wedged=False failedCommits=2) -> φεύγω (leave=4s), φίλτρο στενών 20s
[INFO] [1784722236.025414610] [yolo_navigator]: [ESCAPE_NARROW] dir=-1
[INFO] [1784722238.965186504] [yolo_navigator]: [LEAVE] open=+0.75 front=0.53
[INFO] [1784722239.865249933] [yolo_navigator]: [STATUS] mode=LEAVE front=0.53 L=0.55 R=0.57 gap=+0.00 v=+0.05 w=+0.80 personLvl=0
[INFO] [1784722242.964569334] [yolo_navigator]: [WEDGE] cooldown open=+0.16
[INFO] [1784722244.231111774] [yolo_navigator]: [REVERSE] front=0.30 dir=-1
[INFO] [1784722244.608030501] [yolo_navigator]: [WEDGE] cooldown open=+0.16
[INFO] [1784722244.914467741] [yolo_navigator]: [STATUS] mode=WEDGE front=0.66 L=0.30 R=0.47 gap=+0.00 v=+0.25 w=+0.14 personLvl=0
[INFO] [1784722246.714505541] [yolo_navigator]: [ROTATE_OPEN] front=0.37 open=+0.94
[INFO] [1784722248.164057873] [yolo_navigator]: [WEDGE] cooldown open=+0.91
[INFO] [1784722250.019219741] [yolo_navigator]: [STATUS] mode=WEDGE front=0.38 L=0.42 R=0.44 gap=+0.00 v=+0.00 w=-1.00 personLvl=0
[INFO] [1784722250.213867427] [yolo_navigator]: [ROTATE_OPEN] front=0.37 open=+0.98
[INFO] [1784722251.713864293] [yolo_navigator]: [WEDGE] cooldown open=+0.89
[INFO] [1784722253.664467162] [yolo_navigator]: [ROTATE_OPEN] front=0.37 open=+0.94
[INFO] [1784722254.914156344] [yolo_navigator]: [WEDGE] cooldown open=+0.94
[INFO] [1784722255.014332427] [yolo_navigator]: [STATUS] mode=WEDGE front=0.38 L=0.44 R=0.43 gap=+0.00 v=+0.00 w=+1.00 personLvl=0
[INFO] [1784722258.564085586] [yolo_navigator]: [REVERSE] front=0.28 dir=-1
[INFO] [1784722260.014622226] [yolo_navigator]: [STATUS] mode=REVERSE front=0.30 L=0.33 R=0.47 gap=+0.00 v=-0.30 w=-0.80 personLvl=0
[INFO] [1784722260.264083125] [yolo_navigator]: [WEDGE] open=+0.03
[INFO] [1784722262.314706320] [yolo_navigator]: [ROTATE_OPEN] front=0.32 open=-0.19
[INFO] [1784722262.364415741] [yolo_navigator]: [REVERSE] front=0.31 dir=-1
[INFO] [1784722263.448334621] [yolo_navigator]: [WEDGE] open=-0.02
[INFO] [1784722265.019989086] [yolo_navigator]: [STATUS] mode=WEDGE front=10.00 L=0.42 R=0.51 gap=+0.00 v=+0.40 w=+0.30 personLvl=0
[INFO] [1784722265.464249820] [yolo_navigator]: [ROTATE_OPEN] front=0.38 open=-0.12
[INFO] [1784722265.936773560] [yolo_navigator]: [REVERSE] front=0.30 dir=-1
[INFO] [1784722265.937252982] [yolo_navigator]: [COMMIT] Ταλάντωση σε περατό στενό (W=2.35) -> αποφασιστικό πέρασμα
[INFO] [1784722265.998728424] [yolo_navigator]: [COMMIT] steer=+0.12 front=0.30
[INFO] [1784722270.064906312] [yolo_navigator]: [STATUS] mode=COMMIT front=0.37 L=0.32 R=0.48 gap=+0.00 v=+0.10 w=+0.05 personLvl=0
[INFO] [1784722274.770692144] [yolo_navigator]: [COMMIT] Απέτυχε (front<0.15), αποτυχία #1
[INFO] [1784722274.771160869] [yolo_navigator]: [REVERSE] front=0.15 dir=-1
[INFO] [1784722275.081227287] [yolo_navigator]: [STATUS] mode=REVERSE front=0.14 L=0.25 R=0.45 gap=+0.00 v=-0.30 w=-0.80 personLvl=0
[INFO] [1784722275.864921761] [yolo_navigator]: [WEDGE] open=+0.10
[INFO] [1784722277.314554023] [yolo_navigator]: [REVERSE] front=0.29 dir=-1
[INFO] [1784722279.164260386] [yolo_navigator]: [WEDGE] open=+0.09
[INFO] [1784722280.111822880] [yolo_navigator]: [STATUS] mode=WEDGE front=0.60 L=0.43 R=0.50 gap=+0.00 v=+0.05 w=+1.00 personLvl=0
[INFO] [1784722281.064390118] [yolo_navigator]: [ROTATE_OPEN] front=0.36 open=-0.07
[INFO] [1784722281.214289795] [yolo_navigator]: [REVERSE] front=0.31 dir=-1
[INFO] [1784722281.214744233] [yolo_navigator]: [COMMIT] Ταλάντωση σε περατό στενό (W=2.42) -> αποφασιστικό πέρασμα
[INFO] [1784722281.264070315] [yolo_navigator]: [COMMIT] steer=-1.00 front=0.30
[INFO] [1784722285.115068994] [yolo_navigator]: [STATUS] mode=COMMIT front=0.27 L=0.29 R=0.48 gap=+0.00 v=+0.06 w=+0.03 personLvl=0
[INFO] [1784722288.065301895] [yolo_navigator]: [COMMIT] Απέτυχε (front<0.15), αποτυχία #2
[INFO] [1784722288.065891454] [yolo_navigator]: [REVERSE] front=0.15 dir=-1
[INFO] [1784722289.064198814] [yolo_navigator]: [WEDGE] open=+0.10
[INFO] [1784722290.173904647] [yolo_navigator]: [STATUS] mode=WEDGE front=0.71 L=0.31 R=0.49 gap=+0.00 v=+0.05 w=+1.00 personLvl=0
[INFO] [1784722290.464122674] [yolo_navigator]: [REVERSE] front=0.30 dir=-1
[INFO] [1784722292.217748776] [yolo_navigator]: [WEDGE] open=+0.02
[INFO] [1784722294.164637931] [yolo_navigator]: [ROTATE_OPEN] front=0.32 open=-0.12
[INFO] [1784722294.214306852] [yolo_navigator]: [REVERSE] front=0.31 dir=-1
[INFO] [1784722294.215286368] [yolo_navigator]: [ESCAPE_NARROW] Στενό/αδιέξοδο (W=0.00 wedged=True failedCommits=2) -> φεύγω (leave=4s), φίλτρο στενών 20s
[INFO] [1784722294.265430169] [yolo_navigator]: [ESCAPE_NARROW] dir=-1
[INFO] [1784722295.214350616] [yolo_navigator]: [STATUS] mode=ESCAPE_NARROW front=0.30 L=0.35 R=0.55 gap=+0.00 v=-0.10 w=-1.00 personLvl=0
[INFO] [1784722297.292929440] [yolo_navigator]: [LEAVE] open=+0.87 front=0.49
[INFO] [1784722300.217209232] [yolo_navigator]: [STATUS] mode=LEAVE front=0.63 L=0.41 R=0.55 gap=+0.00 v=+0.25 w=+0.45 personLvl=0
[INFO] [1784722301.264500363] [yolo_navigator]: [WEDGE] cooldown open=+0.23
[INFO] [1784722303.249365952] [yolo_navigator]: [REVERSE] front=0.29 dir=-1
[INFO] [1784722303.815049052] [yolo_navigator]: [WEDGE] cooldown open=+0.17
[INFO] [1784722305.264993220] [yolo_navigator]: [STATUS] mode=WEDGE front=0.40 L=0.34 R=0.44 gap=+0.00 v=+0.00 w=-1.00 personLvl=0
[INFO] [1784722305.863906570] [yolo_navigator]: [ROTATE_OPEN] front=0.36 open=+0.94
[INFO] [1784722307.464749978] [yolo_navigator]: [WEDGE] cooldown open=+0.86
[INFO] [1784722309.164009497] [yolo_navigator]: [ROTATE_OPEN] front=0.36 open=+0.93
[INFO] [1784722310.265253018] [yolo_navigator]: [STATUS] mode=ROTATE_OPEN front=0.36 L=0.53 R=0.41 gap=+1.25 v=+0.00 w=+1.00 personLvl=0
[INFO] [1784722310.614854544] [yolo_navigator]: [WEDGE] cooldown open=+0.86
[INFO] [1784722312.413850021] [yolo_navigator]: [ROTATE_OPEN] front=0.36 open=+0.94
[INFO] [1784722313.064537170] [yolo_navigator]: [WEDGE] cooldown open=+1.24
[INFO] [1784722313.264981309] [yolo_navigator]: [ROTATE_OPEN] front=0.37 open=+1.20
[INFO] [1784722313.914494638] [yolo_navigator]: [WEDGE] cooldown open=+0.91
[INFO] [1784722315.314466031] [yolo_navigator]: [STATUS] mode=WEDGE front=0.57 L=0.29 R=0.45 gap=+0.00 v=+0.05 w=+1.00 personLvl=0
[INFO] [1784722315.814260591] [yolo_navigator]: [REVERSE] front=0.20 dir=-1
[INFO] [1784722317.413944306] [yolo_navigator]: [WEDGE] open=+0.07
[INFO] [1784722318.924038701] [yolo_navigator]: [REVERSE] front=0.31 dir=-1
[INFO] [1784722320.364770501] [yolo_navigator]: [STATUS] mode=REVERSE front=0.36 L=0.38 R=0.52 gap=+0.00 v=-0.30 w=-0.80 personLvl=0
[INFO] [1784722320.564273483] [yolo_navigator]: [WEDGE] open=-0.03
[INFO] [1784722323.014283140] [yolo_navigator]: [ROTATE_OPEN] front=0.35 open=-0.23
[INFO] [1784722323.314387853] [yolo_navigator]: [REVERSE] front=0.30 dir=-1
[INFO] [1784722323.314832481] [yolo_navigator]: [COMMIT] Ταλάντωση σε περατό στενό (W=2.35) -> αποφασιστικό πέρασμα
[INFO] [1784722323.364535281] [yolo_navigator]: [COMMIT] steer=-0.05 front=0.30
[INFO] [1784722325.364908114] [yolo_navigator]: [STATUS] mode=COMMIT front=0.51 L=0.36 R=0.50 gap=+0.00 v=+0.10 w=+0.08 personLvl=0
[INFO] [1784722330.366015744] [yolo_navigator]: [STATUS] mode=COMMIT front=0.20 L=0.27 R=0.47 gap=+0.00 v=+0.06 w=-0.00 personLvl=0
[INFO] [1784722332.214649118] [yolo_navigator]: [COMMIT] Απέτυχε (front<0.15), αποτυχία #1
[INFO] [1784722332.215295062] [yolo_navigator]: [REVERSE] front=0.15 dir=-1
[INFO] [1784722333.401247859] [yolo_navigator]: [WEDGE] open=+0.09
[INFO] [1784722334.965325594] [yolo_navigator]: [REVERSE] front=0.24 dir=-1
[INFO] [1784722335.415065265] [yolo_navigator]: [STATUS] mode=REVERSE front=0.15 L=0.26 R=0.52 gap=+0.00 v=-0.30 w=-0.80 personLvl=0
[INFO] [1784722336.714504499] [yolo_navigator]: [WEDGE] open=+0.03
[INFO] [1784722338.614363538] [yolo_navigator]: [ROTATE_OPEN] front=0.36 open=-0.07
[INFO] [1784722338.715302107] [yolo_navigator]: [WEDGE] open=-0.14
[INFO] [1784722338.775401521] [yolo_navigator]: [REVERSE] front=0.31 dir=-1
[INFO] [1784722338.775851463] [yolo_navigator]: [COMMIT] Ταλάντωση σε περατό στενό (W=2.40) -> αποφασιστικό πέρασμα
[INFO] [1784722338.815233554] [yolo_navigator]: [COMMIT] steer=-1.00 front=0.31
[INFO] [1784722340.466899644] [yolo_navigator]: [STATUS] mode=COMMIT front=0.45 L=0.34 R=0.51 gap=+0.00 v=+0.10 w=+0.08 personLvl=0
[INFO] [1784722345.524839069] [yolo_navigator]: [STATUS] mode=COMMIT front=0.17 L=0.26 R=0.48 gap=+0.00 v=+0.06 w=-0.00 personLvl=0
[INFO] [1784722346.164309422] [yolo_navigator]: [COMMIT] Απέτυχε (front<0.15), αποτυχία #2
[INFO] [1784722346.164755624] [yolo_navigator]: [REVERSE] front=0.15 dir=-1
[INFO] [1784722347.314742751] [yolo_navigator]: [WEDGE] open=+0.16
[INFO] [1784722348.914567871] [yolo_navigator]: [REVERSE] front=0.29 dir=-1
[INFO] [1784722350.514741273] [yolo_navigator]: [STATUS] mode=REVERSE front=0.41 L=0.36 R=0.53 gap=+0.00 v=-0.30 w=-0.80 personLvl=0
[INFO] [1784722350.614215344] [yolo_navigator]: [WEDGE] open=+0.07
[INFO] [1784722352.764156511] [yolo_navigator]: [ROTATE_OPEN] front=0.32 open=-0.12
[INFO] [1784722352.814300157] [yolo_navigator]: [REVERSE] front=0.31 dir=-1
[INFO] [1784722352.834069137] [yolo_navigator]: [ESCAPE_NARROW] Στενό/αδιέξοδο (W=2.44 wedged=False failedCommits=2) -> φεύγω (leave=4s), φίλτρο στενών 20s
[INFO] [1784722352.864240153] [yolo_navigator]: [ESCAPE_NARROW] dir=-1
[INFO] [1784722355.514416011] [yolo_navigator]: [STATUS] mode=ESCAPE_NARROW front=0.51 L=0.45 R=0.52 gap=+0.00 v=-0.10 w=-1.00 personLvl=0
[INFO] [1784722355.864239129] [yolo_navigator]: [LEAVE] open=+0.86 front=0.49
[INFO] [1784722359.864274439] [yolo_navigator]: [WEDGE] cooldown open=+0.16
[INFO] [1784722360.515069147] [yolo_navigator]: [STATUS] mode=WEDGE front=0.45 L=0.31 R=0.50 gap=+0.00 v=+0.00 w=-0.65 personLvl=0
[INFO] [1784722360.924500904] [yolo_navigator]: [REVERSE] front=0.31 dir=-1
[INFO] [1784722361.264245527] [yolo_navigator]: [WEDGE] cooldown open=+0.10
[INFO] [1784722363.764176663] [yolo_navigator]: [ROTATE_OPEN] front=0.34 open=+0.96
[INFO] [1784722364.813956881] [yolo_navigator]: [WEDGE] cooldown open=+0.87
[INFO] [1784722365.552470587] [yolo_navigator]: [STATUS] mode=WEDGE front=0.41 L=0.34 R=0.43 gap=+0.00 v=+0.00 w=-1.00 personLvl=0
[INFO] [1784722366.964486527] [yolo_navigator]: [ROTATE_OPEN] front=0.34 open=+0.94
[INFO] [1784722367.864461170] [yolo_navigator]: [WEDGE] cooldown open=+0.91
[INFO] [1784722367.915243983] [yolo_navigator]: [ROTATE_OPEN] front=0.34 open=+0.89
[INFO] [1784722368.015536237] [yolo_navigator]: [WEDGE] cooldown open=+0.82
[INFO] [1784722370.274550432] [yolo_navigator]: [ROTATE_OPEN] front=0.34 open=+0.87
[INFO] [1784722370.565083801] [yolo_navigator]: [STATUS] mode=ROTATE_OPEN front=0.34 L=0.53 R=0.40 gap=+1.23 v=+0.00 w=+1.00 personLvl=0
[INFO] [1784722371.565436330] [yolo_navigator]: [WEDGE] cooldown open=+0.86
[INFO] [1784722375.565090113] [yolo_navigator]: [STATUS] mode=WEDGE front=0.95 L=0.29 R=0.43 gap=+0.00 v=+0.05 w=+1.00 personLvl=0
[INFO] [1784722375.664190594] [yolo_navigator]: [REVERSE] front=0.23 dir=-1
[INFO] [1784722377.364812474] [yolo_navigator]: [WEDGE] open=-0.02
[INFO] [1784722379.483509016] [yolo_navigator]: [REVERSE] front=0.31 dir=-1
[INFO] [1784722380.565279811] [yolo_navigator]: [STATUS] mode=REVERSE front=0.36 L=0.38 R=0.47 gap=+0.00 v=-0.30 w=-0.80 personLvl=0
[INFO] [1784722380.714082584] [yolo_navigator]: [WEDGE] open=-0.05
[INFO] [1784722382.964159222] [yolo_navigator]: [FTG] gap=-0.20 W=2.43
[INFO] [1784722383.016832231] [yolo_navigator]: [WEDGE] open=-0.16
[INFO] [1784722383.114258961] [yolo_navigator]: [ROTATE_OPEN] front=0.38 open=-0.21
[INFO] [1784722383.413810125] [yolo_navigator]: [REVERSE] front=0.31 dir=-1
[INFO] [1784722383.414267580] [yolo_navigator]: [COMMIT] Ταλάντωση σε περατό στενό (W=2.29) -> αποφασιστικό πέρασμα
[INFO] [1784722383.464568510] [yolo_navigator]: [COMMIT] steer=+0.16 front=0.31
[INFO] [1784722385.617061017] [yolo_navigator]: [STATUS] mode=COMMIT front=0.94 L=0.37 R=0.43 gap=+0.00 v=+0.10 w=+0.16 personLvl=0
[INFO] [1784722390.653968588] [yolo_navigator]: [STATUS] mode=COMMIT front=0.25 L=0.27 R=0.40 gap=+0.00 v=+0.06 w=-0.00 personLvl=0
[INFO] [1784722394.131083527] [yolo_navigator]: [COMMIT] Απέτυχε (front<0.15), αποτυχία #1
[INFO] [1784722394.131764172] [yolo_navigator]: [REVERSE] front=0.12 dir=-1
[INFO] [1784722395.514604456] [yolo_navigator]: [WEDGE] open=+0.05
[INFO] [1784722395.664299865] [yolo_navigator]: [STATUS] mode=WEDGE front=0.67 L=0.29 R=0.39 gap=+0.00 v=+0.05 w=+0.60 personLvl=0
[INFO] [1784722397.064174030] [yolo_navigator]: [REVERSE] front=0.28 dir=-1
[INFO] [1784722398.864447403] [yolo_navigator]: [WEDGE] open=-0.00
[INFO] [1784722400.669955986] [yolo_navigator]: [STATUS] mode=WEDGE front=0.32 L=0.35 R=0.46 gap=+0.00 v=+0.05 w=-1.00 personLvl=0
[INFO] [1784722400.714514501] [yolo_navigator]: [REVERSE] front=0.29 dir=-1
[INFO] [1784722400.715148702] [yolo_navigator]: [COMMIT] Ταλάντωση σε περατό στενό (W=2.29) -> αποφασιστικό πέρασμα
[INFO] [1784722400.764901610] [yolo_navigator]: [COMMIT] steer=-1.00 front=0.28
[INFO] [1784722405.715670567] [yolo_navigator]: [STATUS] mode=COMMIT front=0.24 L=0.28 R=0.43 gap=+0.00 v=+0.06 w=-0.00 personLvl=0
[INFO] [1784722409.215568423] [yolo_navigator]: [COMMIT] Απέτυχε (front<0.15), αποτυχία #2
[INFO] [1784722409.216585217] [yolo_navigator]: [REVERSE] front=0.15 dir=-1
[INFO] [1784722410.164642771] [yolo_navigator]: [WEDGE] open=+0.05
[INFO] [1784722410.714963290] [yolo_navigator]: [STATUS] mode=WEDGE front=0.54 L=0.29 R=0.42 gap=+0.00 v=+0.05 w=+1.00 personLvl=0
[INFO] [1784722411.564944512] [yolo_navigator]: [REVERSE] front=0.23 dir=-1
[INFO] [1784722413.314593946] [yolo_navigator]: [WEDGE] open=+0.07
[INFO] [1784722415.042374504] [yolo_navigator]: [REVERSE] front=0.30 dir=-1
[INFO] [1784722415.043480376] [yolo_navigator]: [ESCAPE_NARROW] Στενό/αδιέξοδο (W=0.00 wedged=True failedCommits=2) -> φεύγω (leave=4s), φίλτρο στενών 20s
[INFO] [1784722415.064332122] [yolo_navigator]: [ESCAPE_NARROW] dir=-1
[INFO] [1784722415.865682063] [yolo_navigator]: [STATUS] mode=ESCAPE_NARROW front=0.19 L=0.29 R=0.52 gap=-0.41 v=-0.10 w=-1.00 personLvl=0
[INFO] [1784722418.114226427] [yolo_navigator]: [LEAVE] open=+0.89 front=0.42
[INFO] [1784722420.814322019] [yolo_navigator]: [STATUS] mode=LEAVE front=0.52 L=0.37 R=0.49 gap=+0.00 v=+0.05 w=+0.51 personLvl=0
[INFO] [1784722422.092657369] [yolo_navigator]: [WEDGE] cooldown open=+0.23
[INFO] [1784722424.163996862] [yolo_navigator]: [REVERSE] front=0.27 dir=-1
[INFO] [1784722425.173371109] [yolo_navigator]: [WEDGE] cooldown open=+0.07
[INFO] [1784722425.814879536] [yolo_navigator]: [STATUS] mode=WEDGE front=0.49 L=0.26 R=0.42 gap=+0.00 v=+0.00 w=-1.00 personLvl=0
[INFO] [1784722426.914001357] [yolo_navigator]: [REVERSE] front=0.31 dir=-1
[INFO] [1784722430.815768073] [yolo_navigator]: [STATUS] mode=REVERSE front=0.32 L=0.38 R=0.77 gap=-0.77 v=+0.05 w=-1.20 personLvl=0
[INFO] [1784722431.515444143] [yolo_navigator]: [FTG] gap=-0.42 W=2.07
[INFO] [1784722435.864811301] [yolo_navigator]: [STATUS] mode=FTG front=10.00 L=0.55 R=0.84 gap=+0.06 v=+0.37 w=-0.40 personLvl=0
[INFO] [1784722440.916640456] [yolo_navigator]: [STATUS] mode=FTG front=10.00 L=1.72 R=1.53 gap=+0.25 v=+0.28 w=+0.02 personLvl=0
[INFO] [1784722445.965663210] [yolo_navigator]: [STATUS] mode=FTG front=10.00 L=2.49 R=1.17 gap=+0.35 v=+0.23 w=+0.11 personLvl=0
[INFO] [1784722451.029076334] [yolo_navigator]: [STATUS] mode=FTG front=0.56 L=2.25 R=0.58 gap=+0.43 v=+0.13 w=+0.08 personLvl=0
[INFO] [1784722454.416615451] [yolo_navigator]: [ROTATE_OPEN] front=0.40 open=+0.37
[INFO] [1784722455.313970871] [yolo_navigator]: [FTG] gap=+0.29 W=10.82
[INFO] [1784722456.065295985] [yolo_navigator]: [STATUS] mode=FTG front=0.60 L=2.13 R=0.46 gap=-0.02 v=+0.28 w=+0.43 personLvl=0
[INFO] [1784722461.110164295] [yolo_navigator]: [STATUS] mode=FTG front=10.00 L=1.62 R=2.96 gap=-0.43 v=+0.19 w=-0.09 personLvl=0
[INFO] [1784722466.114813112] [yolo_navigator]: [STATUS] mode=FTG front=10.00 L=1.22 R=2.47 gap=-0.56 v=+0.13 w=-0.18 personLvl=0
[INFO] [1784722471.115028054] [yolo_navigator]: [STATUS] mode=FTG front=10.00 L=0.94 R=3.62 gap=-0.03 v=+0.39 w=+0.37 personLvl=0
[INFO] [1784722476.164672176] [yolo_navigator]: [STATUS] mode=FTG front=10.00 L=0.59 R=3.40 gap=+0.13 v=+0.34 w=-0.15 personLvl=0
[INFO] [1784722481.214602679] [yolo_navigator]: [STATUS] mode=FTG front=10.00 L=0.61 R=2.86 gap=+0.49 v=+0.16 w=+0.24 personLvl=0
[INFO] [1784722486.224315314] [yolo_navigator]: [STATUS] mode=FTG front=10.00 L=0.55 R=2.47 gap=+0.24 v=+0.29 w=-0.04 personLvl=0
[INFO] [1784722491.264576032] [yolo_navigator]: [STATUS] mode=FTG front=10.00 L=3.98 R=2.07 gap=+0.51 v=+0.16 w=+0.09 personLvl=0
[INFO] [1784722496.314606921] [yolo_navigator]: [STATUS] mode=FTG front=10.00 L=3.55 R=1.65 gap=+0.29 v=+0.26 w=+0.01 personLvl=0
[INFO] [1784722501.314628101] [yolo_navigator]: [STATUS] mode=FTG front=10.00 L=3.20 R=1.22 gap=+0.31 v=+0.25 w=+0.02 personLvl=0
[INFO] [1784722506.386329533] [yolo_navigator]: [STATUS] mode=FTG front=10.00 L=3.00 R=0.87 gap=-0.04 v=+0.38 w=-0.36 personLvl=0
[INFO] [1784722511.414504817] [yolo_navigator]: [STATUS] mode=FTG front=0.87 L=2.86 R=0.57 gap=+0.35 v=+0.23 w=+0.01 personLvl=0
[INFO] [1784722516.414913975] [yolo_navigator]: [STATUS] mode=FTG front=0.43 L=2.78 R=0.37 gap=+0.29 v=+0.07 w=-0.04 personLvl=0
[INFO] [1784722517.165302492] [yolo_navigator]: [ROTATE_OPEN] front=0.39 open=+0.77
[INFO] [1784722517.914619931] [yolo_navigator]: [FTG] gap=+0.32 W=2.45
[INFO] [1784722521.464524732] [yolo_navigator]: [STATUS] mode=FTG front=10.00 L=2.40 R=0.58 gap=-0.24 v=+0.28 w=-0.05 personLvl=0
[INFO] [1784722526.514492340] [yolo_navigator]: [STATUS] mode=FTG front=10.00 L=2.02 R=1.18 gap=+0.06 v=+0.37 w=-0.00 personLvl=0
[INFO] [1784722531.523275968] [yolo_navigator]: [STATUS] mode=FTG front=10.00 L=1.57 R=0.87 gap=+0.12 v=+0.34 w=+0.04 personLvl=0
[INFO] [1784722536.564471517] [yolo_navigator]: [STATUS] mode=FTG front=10.00 L=0.94 R=1.10 gap=-0.07 v=+0.37 w=+0.03 personLvl=0
[INFO] [1784722541.564883290] [yolo_navigator]: [STATUS] mode=FTG front=10.00 L=0.73 R=1.46 gap=+0.15 v=+0.33 w=+0.04 personLvl=0
[INFO] [1784722546.566194510] [yolo_navigator]: [STATUS] mode=FTG front=10.00 L=1.61 R=2.00 gap=+0.21 v=+0.30 w=+0.03 personLvl=0
[INFO] [1784722551.615242075] [yolo_navigator]: [STATUS] mode=FTG front=10.00 L=1.23 R=2.37 gap=+0.13 v=+0.34 w=+0.03 personLvl=0
[INFO] [1784722553.464405310] [yolo_navigator]: [WEDGE] open=+0.24
[INFO] [1784722553.613851409] [yolo_navigator]: [FTG] gap=-0.05 W=5.60
[INFO] [1784722556.640576447] [yolo_navigator]: [STATUS] mode=FTG front=10.00 L=0.97 R=1.85 gap=+0.27 v=+0.27 w=+0.18 personLvl=0
[INFO] [1784722561.659791417] [yolo_navigator]: [STATUS] mode=FTG front=10.00 L=0.82 R=1.62 gap=+0.33 v=+0.24 w=+0.19 personLvl=0
[INFO] [1784722566.682026563] [yolo_navigator]: [STATUS] mode=FTG front=10.00 L=0.64 R=1.84 gap=+0.35 v=+0.23 w=+0.19 personLvl=0
[INFO] [1784722567.814000286] [yolo_navigator]: [WEDGE] open=+0.86
[INFO] [1784722568.781465666] [yolo_navigator]: [FTG] gap=+0.66 W=0.71
[INFO] [1784722571.715512490] [yolo_navigator]: [STATUS] mode=FTG front=10.00 L=0.38 R=1.29 gap=+0.36 v=+0.23 w=+0.09 personLvl=0
[INFO] [1784722576.764478817] [yolo_navigator]: [STATUS] mode=FTG front=10.00 L=2.93 R=0.90 gap=+0.07 v=+0.37 w=-0.22 personLvl=0
[INFO] [1784722581.787399687] [yolo_navigator]: [STATUS] mode=FTG front=0.86 L=3.74 R=0.57 gap=+0.35 v=+0.23 w=+0.02 personLvl=0
[INFO] [1784722586.814702396] [yolo_navigator]: [STATUS] mode=FTG front=0.41 L=3.50 R=0.37 gap=+0.35 v=+0.05 w=+0.01 personLvl=0
[INFO] [1784722587.216550234] [yolo_navigator]: [ROTATE_OPEN] front=0.40 open=+0.82
[INFO] [1784722588.014690459] [yolo_navigator]: [FTG] gap=+0.30 W=2.13
[INFO] [1784722591.864806662] [yolo_navigator]: [STATUS] mode=FTG front=10.00 L=2.52 R=0.52 gap=-0.11 v=+0.35 w=+0.31 personLvl=0
[INFO] [1784722596.869494062] [yolo_navigator]: [STATUS] mode=FTG front=10.00 L=2.23 R=0.75 gap=+0.20 v=+0.30 w=-0.20 personLvl=0
[INFO] [1784722601.914589645] [yolo_navigator]: [STATUS] mode=FTG front=10.00 L=1.80 R=0.87 gap=+0.32 v=+0.25 w=-0.04 personLvl=0
[INFO] [1784722606.965029620] [yolo_navigator]: [STATUS] mode=FTG front=10.00 L=1.68 R=0.94 gap=+0.37 v=+0.22 w=+0.03 personLvl=0
[INFO] [1784722612.015008647] [yolo_navigator]: [STATUS] mode=FTG front=10.00 L=4.78 R=1.14 gap=-0.36 v=+0.23 w=-0.00 personLvl=0
[INFO] [1784722617.017672215] [yolo_navigator]: [STATUS] mode=FTG front=10.00 L=2.89 R=1.28 gap=-0.37 v=+0.22 w=-0.03 personLvl=0
[INFO] [1784722622.116589781] [yolo_navigator]: [STATUS] mode=FTG front=10.00 L=2.27 R=1.38 gap=-0.35 v=+0.23 w=-0.01 personLvl=0
[INFO] [1784722627.115414742] [yolo_navigator]: [STATUS] mode=FTG front=10.00 L=1.73 R=1.46 gap=-0.37 v=+0.22 w=-0.03 personLvl=0
[INFO] [1784722632.120433034] [yolo_navigator]: [STATUS] mode=FTG front=10.00 L=1.35 R=1.47 gap=-0.57 v=+0.13 w=-0.11 personLvl=0
[INFO] [1784722637.186688733] [yolo_navigator]: [STATUS] mode=FTG front=10.00 L=1.05 R=1.48 gap=-0.77 v=+0.10 w=-0.30 personLvl=0
[INFO] [1784722642.215240562] [yolo_navigator]: [STATUS] mode=FTG front=1.07 L=0.81 R=1.33 gap=-0.59 v=+0.12 w=-1.03 personLvl=0
[INFO] [1784722647.215210455] [yolo_navigator]: [STATUS] mode=FTG front=10.00 L=0.73 R=1.03 gap=+0.55 v=+0.13 w=+0.12 personLvl=0
[INFO] [1784722647.764170644] [yolo_navigator]: [WEDGE] open=+0.38
[INFO] [1784722647.915393448] [yolo_navigator]: [FTG] gap=+0.52 W=2.94
[INFO] [1784722648.065240491] [yolo_navigator]: [WEDGE] open=+0.37
[INFO] [1784722648.264462816] [yolo_navigator]: [FTG] gap=+0.51 W=2.90
[INFO] [1784722648.314341324] [yolo_navigator]: [WEDGE] open=+0.37
[INFO] [1784722648.814522496] [yolo_navigator]: [FTG] gap=-0.04 W=3.67
[INFO] [1784722652.264120467] [yolo_navigator]: [STATUS] mode=FTG front=0.76 L=0.61 R=0.63 gap=+0.54 v=+0.14 w=+0.27 personLvl=0
[INFO] [1784722657.265148631] [yolo_navigator]: [STATUS] mode=FTG front=0.53 L=0.43 R=0.42 gap=+0.35 v=+0.13 w=+0.01 personLvl=0
[INFO] [1784722659.714690445] [yolo_navigator]: [ROTATE_OPEN] front=0.40 open=+1.05
[INFO] [1784722660.414001901] [yolo_navigator]: [FTG] gap=+0.34 W=2.94
[INFO] [1784722662.344858631] [yolo_navigator]: [STATUS] mode=FTG front=0.47 L=0.56 R=0.33 gap=+0.20 v=+0.12 w=-0.10 personLvl=0
[INFO] [1784722662.418330644] [yolo_navigator]: [ROTATE_OPEN] front=0.38 open=+0.94
[INFO] [1784722662.657575867] [yolo_navigator]: [REVERSE] front=0.31 dir=+1
[INFO] [1784722663.464635052] [yolo_navigator]: [FTG] gap=+0.09 W=1.89
[INFO] [1784722667.365050036] [yolo_navigator]: [STATUS] mode=FTG front=10.00 L=0.49 R=0.75 gap=-0.07 v=+0.37 w=+0.19 personLvl=0
[INFO] [1784722672.415087372] [yolo_navigator]: [STATUS] mode=FTG front=10.00 L=1.54 R=1.15 gap=+0.30 v=+0.26 w=+0.09 personLvl=0
[INFO] [1784722677.465112811] [yolo_navigator]: [STATUS] mode=FTG front=10.00 L=1.24 R=1.56 gap=+0.23 v=+0.29 w=+0.31 personLvl=0
[INFO] [1784722682.464923729] [yolo_navigator]: [STATUS] mode=FTG front=10.00 L=0.82 R=1.72 gap=-0.00 v=+0.40 w=+0.04 personLvl=0
[INFO] [1784722687.571012633] [yolo_navigator]: [STATUS] mode=FTG front=10.00 L=0.61 R=1.24 gap=+0.02 v=+0.39 w=+0.06 personLvl=0
[INFO] [1784722689.664660974] [yolo_navigator]: [WEDGE] open=-0.02
[INFO] [1784722690.263902527] [yolo_navigator]: [FTG] gap=+0.43 W=5.52
[INFO] [1784722691.013862011] [yolo_navigator]: [WEDGE] open=+0.16
[INFO] [1784722691.264070689] [yolo_navigator]: [FTG] gap=-0.83 W=2.68
[INFO] [1784722692.514871290] [yolo_navigator]: [STATUS] mode=FTG front=10.00 L=2.69 R=1.05 gap=-0.86 v=+0.10 w=-0.50 personLvl=0
[INFO] [1784722697.514529010] [yolo_navigator]: [STATUS] mode=FTG front=10.00 L=2.50 R=0.93 gap=-0.97 v=+0.10 w=-0.65 personLvl=0
[INFO] [1784722702.564572539] [yolo_navigator]: [STATUS] mode=FTG front=10.00 L=2.38 R=0.81 gap=+0.38 v=+0.22 w=+0.51 personLvl=0
[INFO] [1784722702.764261964] [yolo_navigator]: [WEDGE] open=+0.47
[INFO] [1784722702.814153156] [yolo_navigator]: [FTG] gap=-0.85 W=2.09
[INFO] [1784722704.515749657] [yolo_navigator]: [WEDGE] open=+0.54
[INFO] [1784722705.969936359] [yolo_navigator]: [FTG] gap=-0.96 W=1.83
[INFO] [1784722707.565376963] [yolo_navigator]: [STATUS] mode=FTG front=10.00 L=2.20 R=0.79 gap=-1.01 v=+0.10 w=-0.72 personLvl=0
[INFO] [1784722707.865096379] [yolo_navigator]: [WEDGE] open=+0.73
[INFO] [1784722709.364549855] [yolo_navigator]: [FTG] gap=-1.00 W=1.64
[INFO] [1784722711.314396060] [yolo_navigator]: [WEDGE] open=+0.98
[INFO] [1784722712.590394887] [yolo_navigator]: [STATUS] mode=WEDGE front=10.00 L=1.43 R=0.73 gap=+0.00 v=+0.40 w=+1.00 personLvl=0
[INFO] [1784722712.720098200] [yolo_navigator]: [FTG] gap=-1.00 W=1.53
[INFO] [1784722714.765267367] [yolo_navigator]: [WEDGE] open=+1.36
[INFO] [1784722717.263936556] [yolo_navigator]: [FTG] gap=+1.38 W=2.51
[INFO] [1784722717.314498462] [yolo_navigator]: [WEDGE] open=-0.73
[INFO] [1784722717.620753185] [yolo_navigator]: [STATUS] mode=WEDGE front=0.86 L=0.84 R=0.68 gap=+0.00 v=+0.05 w=-1.00 personLvl=0
[INFO] [1784722717.716175951] [yolo_navigator]: [FTG] gap=+1.31 W=2.05
[INFO] [1784722717.899290055] [yolo_navigator]: [WEDGE] open=-0.49
[INFO] [1784722721.914217086] [yolo_navigator]: [ROTATE_OPEN] front=0.40 open=-1.45
[INFO] [1784722722.364088928] [yolo_navigator]: [FTG] gap=-1.25 W=2.78
[INFO] [1784722722.752930059] [yolo_navigator]: [STATUS] mode=FTG front=0.41 L=0.49 R=0.44 gap=-1.11 v=+0.02 w=-0.90 personLvl=0
[INFO] [1784722723.314614636] [yolo_navigator]: [ROTATE_OPEN] front=0.39 open=-1.38
[INFO] [1784722724.815292573] [yolo_navigator]: [FTG] gap=-0.22 W=2.56
[INFO] [1784722727.765014353] [yolo_navigator]: [STATUS] mode=FTG front=10.00 L=0.41 R=2.51 gap=-0.29 v=+0.26 w=+0.09 personLvl=0
[INFO] [1784722732.767283720] [yolo_navigator]: [STATUS] mode=FTG front=10.00 L=2.33 R=2.42 gap=+0.02 v=+0.39 w=-0.32 personLvl=0
[INFO] [1784722737.815102598] [yolo_navigator]: [STATUS] mode=FTG front=10.00 L=1.95 R=1.98 gap=+0.36 v=+0.23 w=+0.10 personLvl=0
[INFO] [1784722742.875574282] [yolo_navigator]: [STATUS] mode=FTG front=10.00 L=1.58 R=1.61 gap=+0.29 v=+0.26 w=+0.01 personLvl=0
[INFO] [1784722747.872320612] [yolo_navigator]: [STATUS] mode=FTG front=10.00 L=1.18 R=1.26 gap=+0.31 v=+0.25 w=+0.02 personLvl=0
[INFO] [1784722752.873005214] [yolo_navigator]: [STATUS] mode=FTG front=10.00 L=0.88 R=0.94 gap=-0.02 v=+0.39 w=-0.17 personLvl=0
[INFO] [1784722757.914819501] [yolo_navigator]: [STATUS] mode=FTG front=0.75 L=1.24 R=0.60 gap=+0.49 v=+0.16 w=+0.20 personLvl=0
[INFO] [1784722762.965222586] [yolo_navigator]: [STATUS] mode=FTG front=0.46 L=1.46 R=0.39 gap=+0.37 v=+0.08 w=+0.03 personLvl=0
[INFO] [1784722764.814328524] [yolo_navigator]: [ROTATE_OPEN] front=0.40 open=+0.52
[INFO] [1784722765.664315900] [yolo_navigator]: [FTG] gap=+0.34 W=2.36
[INFO] [1784722768.015018608] [yolo_navigator]: [STATUS] mode=FTG front=10.00 L=1.33 R=0.36 gap=-0.02 v=+0.39 w=-0.06 personLvl=0
[INFO] [1784722771.217208710] [yolo_navigator]: [PERSON] level=1 h=136px
[INFO] [1784722772.966963555] [yolo_navigator]: [PERSON] level=0 h=0px
[INFO] [1784722773.015867361] [yolo_navigator]: [STATUS] mode=FTG front=10.00 L=1.21 R=1.25 gap=-0.06 v=+0.37 w=+0.35 personLvl=0
[INFO] [1784722778.015374414] [yolo_navigator]: [STATUS] mode=FTG front=10.00 L=1.14 R=1.80 gap=-0.29 v=+0.26 w=-0.07 personLvl=0
[INFO] [1784722783.015711861] [yolo_navigator]: [STATUS] mode=FTG front=10.00 L=2.17 R=2.42 gap=-0.27 v=+0.27 w=-0.03 personLvl=0
[INFO] [1784722788.065865613] [yolo_navigator]: [STATUS] mode=FTG front=10.00 L=1.49 R=2.93 gap=-0.43 v=+0.19 w=-0.01 personLvl=0
[INFO] [1784722793.114501999] [yolo_navigator]: [STATUS] mode=FTG front=0.92 L=0.96 R=3.34 gap=-0.44 v=+0.19 w=-0.02 personLvl=0
[INFO] [1784722798.114810203] [yolo_navigator]: [STATUS] mode=FTG front=0.48 L=0.51 R=3.36 gap=-0.66 v=+0.04 w=-0.42 personLvl=0
[INFO] [1784722800.564759954] [yolo_navigator]: [ROTATE_OPEN] front=0.40 open=-0.12
[INFO] [1784722802.064554539] [yolo_navigator]: [FTG] gap=-0.06 W=2.12
[INFO] [1784722802.165417354] [yolo_navigator]: [PERSON] level=2 h=226px
[INFO] [1784722802.963744459] [yolo_navigator]: [ROTATE_OPEN] front=0.40 open=+0.19
[INFO] [1784722803.213633717] [yolo_navigator]: [STATUS] mode=ROTATE_OPEN front=0.39 L=0.44 R=2.64 gap=+0.08 v=+0.00 w=+1.00 personLvl=2
[INFO] [1784722804.415404240] [yolo_navigator]: [PERSON] level=0 h=0px
[INFO] [1784722805.615508835] [yolo_navigator]: [PERSON] level=2 h=232px
[INFO] [1784722806.014470429] [yolo_navigator]: [FTG] gap=+0.01 W=6.82
[INFO] [1784722806.515104814] [yolo_navigator]: [PERSON] level=0 h=0px
[INFO] [1784722806.663846305] [yolo_navigator]: [ROTATE_OPEN] front=0.37 open=+0.21
[INFO] [1784722806.715662064] [yolo_navigator]: [PERSON] level=2 h=230px
[INFO] [1784722807.518982241] [yolo_navigator]: [REVERSE] front=0.30 dir=-1
[INFO] [1784722808.228836604] [yolo_navigator]: [STATUS] mode=REVERSE front=0.30 L=0.35 R=3.22 gap=-0.59 v=+0.05 w=-1.20 personLvl=2
[INFO] [1784722809.464466694] [yolo_navigator]: [FTG] gap=+0.01 W=6.88
[INFO] [1784722809.865220326] [yolo_navigator]: [PERSON] level=0 h=0px
[INFO] [1784722813.264811815] [yolo_navigator]: [STATUS] mode=FTG front=10.00 L=4.08 R=2.30 gap=+0.59 v=+0.12 w=+0.19 personLvl=0
[INFO] [1784722818.264970843] [yolo_navigator]: [STATUS] mode=FTG front=10.00 L=3.76 R=2.02 gap=+0.21 v=+0.30 w=-0.07 personLvl=0
[INFO] [1784722823.315911953] [yolo_navigator]: [STATUS] mode=FTG front=10.00 L=3.38 R=1.64 gap=+0.50 v=+0.16 w=+0.07 personLvl=0
[INFO] [1784722828.315285031] [yolo_navigator]: [STATUS] mode=FTG front=10.00 L=3.07 R=1.26 gap=+0.28 v=+0.26 w=+0.05 personLvl=0
[INFO] [1784722833.365958505] [yolo_navigator]: [STATUS] mode=FTG front=10.00 L=2.88 R=0.94 gap=+0.49 v=+0.16 w=+0.20 personLvl=0
[INFO] [1784722838.415705744] [yolo_navigator]: [STATUS] mode=FTG front=0.85 L=2.80 R=0.65 gap=+0.49 v=+0.16 w=+0.20 personLvl=0
[INFO] [1784722843.431377674] [yolo_navigator]: [STATUS] mode=FTG front=0.57 L=2.71 R=0.43 gap=+0.28 v=+0.17 w=-0.04 personLvl=0
[INFO] [1784722846.464676250] [yolo_navigator]: [ROTATE_OPEN] front=0.40 open=+0.79
[INFO] [1784722847.214611913] [yolo_navigator]: [FTG] gap=+0.34 W=2.22
[INFO] [1784722848.465011928] [yolo_navigator]: [STATUS] mode=FTG front=10.00 L=2.65 R=0.39 gap=+0.00 v=+0.40 w=+0.46 personLvl=0
[INFO] [1784722853.465392803] [yolo_navigator]: [STATUS] mode=FTG front=10.00 L=2.19 R=0.67 gap=-0.12 v=+0.34 w=-0.25 personLvl=0
[INFO] [1784722858.465247535] [yolo_navigator]: [STATUS] mode=FTG front=10.00 L=2.05 R=0.87 gap=+0.10 v=+0.35 w=+0.03 personLvl=0
[INFO] [1784722863.514787869] [yolo_navigator]: [STATUS] mode=FTG front=10.00 L=1.40 R=0.89 gap=+0.13 v=+0.34 w=+0.04 personLvl=0
[INFO] [1784722868.542625469] [yolo_navigator]: [STATUS] mode=FTG front=10.00 L=0.87 R=1.14 gap=+0.19 v=+0.31 w=+0.04 personLvl=0
[INFO] [1784722873.652946578] [yolo_navigator]: [STATUS] mode=FTG front=10.00 L=0.77 R=1.47 gap=+0.15 v=+0.33 w=+0.05 personLvl=0
[INFO] [1784722878.665254606] [yolo_navigator]: [STATUS] mode=FTG front=10.00 L=1.65 R=1.94 gap=+0.25 v=+0.28 w=+0.06 personLvl=0
[INFO] [1784722883.715008539] [yolo_navigator]: [STATUS] mode=FTG front=10.00 L=1.28 R=2.46 gap=+0.14 v=+0.33 w=+0.02 personLvl=0
[INFO] [1784722886.414361814] [yolo_navigator]: [WEDGE] open=+0.24
[INFO] [1784722886.515313243] [yolo_navigator]: [FTG] gap=-0.04 W=5.64
[INFO] [1784722888.766132198] [yolo_navigator]: [STATUS] mode=FTG front=10.00 L=1.01 R=1.97 gap=+0.07 v=+0.37 w=-0.05 personLvl=0
[INFO] [1784722893.821445886] [yolo_navigator]: [STATUS] mode=FTG front=10.00 L=0.87 R=1.64 gap=+0.35 v=+0.23 w=+0.22 personLvl=0
[INFO] [1784722898.864640540] [yolo_navigator]: [STATUS] mode=FTG front=10.00 L=0.70 R=1.68 gap=+0.38 v=+0.22 w=+0.23 personLvl=0
[INFO] [1784722902.264641795] [yolo_navigator]: [WEDGE] open=+0.87
[INFO] [1784722903.214390146] [yolo_navigator]: [FTG] gap=+0.70 W=0.67
[INFO] [1784722903.864677551] [yolo_navigator]: [STATUS] mode=FTG front=10.00 L=0.50 R=1.52 gap=+0.47 v=+0.17 w=+0.22 personLvl=0
[INFO] [1784722908.864900130] [yolo_navigator]: [STATUS] mode=FTG front=10.00 L=0.41 R=1.15 gap=+0.32 v=+0.25 w=+0.03 personLvl=0
[INFO] [1784722913.864961180] [yolo_navigator]: [STATUS] mode=FTG front=0.93 L=2.13 R=0.75 gap=+0.23 v=+0.29 w=-0.04 personLvl=0
[INFO] [1784722918.915373065] [yolo_navigator]: [STATUS] mode=FTG front=0.74 L=3.66 R=0.50 gap=+0.35 v=+0.23 w=+0.01 personLvl=0
[INFO] [1784722923.765450604] [yolo_navigator]: [ROTATE_OPEN] front=0.40 open=+0.82
[INFO] [1784722923.915883225] [yolo_navigator]: [STATUS] mode=ROTATE_OPEN front=0.39 L=3.45 R=0.36 gap=+0.35 v=+0.00 w=+1.00 personLvl=0
[INFO] [1784722924.514497952] [yolo_navigator]: [FTG] gap=+0.34 W=3.16
[INFO] [1784722928.965158272] [yolo_navigator]: [STATUS] mode=FTG front=10.00 L=2.52 R=0.53 gap=-0.15 v=+0.33 w=+0.27 personLvl=0
[INFO] [1784722933.965155916] [yolo_navigator]: [STATUS] mode=FTG front=10.00 L=2.32 R=0.71 gap=+0.23 v=+0.29 w=-0.16 personLvl=0
[INFO] [1784722938.974499950] [yolo_navigator]: [STATUS] mode=FTG front=10.00 L=1.87 R=0.83 gap=+0.30 v=+0.25 w=-0.06 personLvl=0
[INFO] [1784722944.016211714] [yolo_navigator]: [STATUS] mode=FTG front=10.00 L=1.66 R=0.98 gap=+0.25 v=+0.28 w=-0.13 personLvl=0
[INFO] [1784722949.065487396] [yolo_navigator]: [STATUS] mode=FTG front=10.00 L=4.80 R=1.09 gap=-0.32 v=+0.25 w=+0.04 personLvl=0
[INFO] [1784722954.070335536] [yolo_navigator]: [STATUS] mode=FTG front=10.00 L=3.36 R=1.25 gap=-0.36 v=+0.23 w=-0.00 personLvl=0
[INFO] [1784722959.114946730] [yolo_navigator]: [STATUS] mode=FTG front=10.00 L=2.49 R=1.35 gap=-0.37 v=+0.22 w=-0.03 personLvl=0
[INFO] [1784722964.164549198] [yolo_navigator]: [STATUS] mode=FTG front=10.00 L=2.00 R=1.43 gap=-0.35 v=+0.23 w=-0.01 personLvl=0
[INFO] [1784722969.166220745] [yolo_navigator]: [STATUS] mode=FTG front=10.00 L=1.56 R=1.48 gap=-0.37 v=+0.22 w=-0.03 personLvl=0
[INFO] [1784722974.222677870] [yolo_navigator]: [STATUS] mode=FTG front=10.00 L=1.25 R=1.48 gap=-0.58 v=+0.12 w=-0.11 personLvl=0
[INFO] [1784722979.223906761] [yolo_navigator]: [STATUS] mode=FTG front=10.00 L=1.06 R=1.20 gap=+0.54 v=+0.14 w=+0.08 personLvl=0
[INFO] [1784722984.265272825] [yolo_navigator]: [STATUS] mode=FTG front=10.00 L=0.98 R=0.96 gap=-0.02 v=+0.39 w=-0.32 personLvl=0
[INFO] [1784722989.296029865] [yolo_navigator]: [STATUS] mode=FTG front=0.77 L=0.91 R=0.61 gap=+0.51 v=+0.16 w=+0.22 personLvl=0
[INFO] [1784722994.314693861] [yolo_navigator]: [STATUS] mode=FTG front=0.51 L=0.75 R=0.41 gap=+0.35 v=+0.12 w=+0.01 personLvl=0
[INFO] [1784722996.816539695] [yolo_navigator]: [ROTATE_OPEN] front=0.40 open=+0.40
[INFO] [1784722997.615048261] [yolo_navigator]: [FTG] gap=+0.34 W=2.87
[INFO] [1784722999.315155792] [yolo_navigator]: [STATUS] mode=FTG front=0.80 L=0.61 R=0.36 gap=+0.11 v=+0.35 w=-0.21 personLvl=0
[INFO] [1784723000.164409485] [yolo_navigator]: [ROTATE_OPEN] front=0.38 open=+0.87
[INFO] [1784723000.564817352] [yolo_navigator]: [REVERSE] front=0.30 dir=+1
[INFO] [1784723001.214805291] [yolo_navigator]: [FTG] gap=+0.13 W=3.01
[INFO] [1784723004.314891418] [yolo_navigator]: [STATUS] mode=FTG front=10.00 L=0.28 R=0.43 gap=+0.27 v=+0.27 w=+0.62 personLvl=0
[INFO] [1784723009.315366047] [yolo_navigator]: [STATUS] mode=FTG front=10.00 L=0.34 R=0.78 gap=+0.09 v=+0.36 w=-0.10 personLvl=0
[INFO] [1784723014.315298090] [yolo_navigator]: [STATUS] mode=FTG front=10.00 L=1.53 R=1.17 gap=+0.07 v=+0.36 w=-0.36 personLvl=0
[INFO] [1784723019.402953359] [yolo_navigator]: [STATUS] mode=FTG front=10.00 L=1.24 R=1.53 gap=+0.27 v=+0.27 w=+0.07 personLvl=0
[INFO] [1784723024.415067055] [yolo_navigator]: [STATUS] mode=FTG front=10.00 L=0.86 R=1.81 gap=+0.00 v=+0.40 w=+0.04 personLvl=0
[INFO] [1784723029.414881451] [yolo_navigator]: [STATUS] mode=FTG front=10.00 L=0.46 R=1.28 gap=+0.07 v=+0.37 w=+0.12 personLvl=0
[INFO] [1784723033.065056988] [yolo_navigator]: [WEDGE] open=+0.02
[INFO] [1784723033.614760287] [yolo_navigator]: [FTG] gap=+0.42 W=5.51
[INFO] [1784723034.414435280] [yolo_navigator]: [WEDGE] open=+0.16
[INFO] [1784723034.464985408] [yolo_navigator]: [STATUS] mode=WEDGE front=10.00 L=2.78 R=1.09 gap=+0.00 v=+0.40 w=+0.19 personLvl=0
[INFO] [1784723034.764149924] [yolo_navigator]: [FTG] gap=-0.85 W=2.63
[INFO] [1784723039.515404748] [yolo_navigator]: [STATUS] mode=FTG front=10.00 L=2.56 R=0.97 gap=+0.38 v=+0.22 w=+0.52 personLvl=0
[INFO] [1784723044.516583769] [yolo_navigator]: [STATUS] mode=FTG front=10.00 L=2.37 R=0.89 gap=-1.01 v=+0.10 w=-0.71 personLvl=0
[INFO] [1784723048.366114752] [yolo_navigator]: [WEDGE] open=+0.58
[INFO] [1784723049.565030030] [yolo_navigator]: [STATUS] mode=WEDGE front=10.00 L=2.30 R=0.76 gap=+0.00 v=+0.40 w=+0.75 personLvl=0
[INFO] [1784723049.864765780] [yolo_navigator]: [FTG] gap=-0.95 W=1.83
[INFO] [1784723051.814416737] [yolo_navigator]: [WEDGE] open=+0.75
[INFO] [1784723053.314611325] [yolo_navigator]: [FTG] gap=-0.96 W=1.67
[INFO] [1784723054.615282601] [yolo_navigator]: [STATUS] mode=FTG front=10.00 L=1.92 R=0.88 gap=-1.21 v=+0.10 w=-1.00 personLvl=0
[INFO] [1784723055.264882650] [yolo_navigator]: [WEDGE] open=+1.01
[INFO] [1784723056.613748239] [yolo_navigator]: [FTG] gap=-1.00 W=1.53
[INFO] [1784723058.664733097] [yolo_navigator]: [WEDGE] open=+1.36
[INFO] [1784723058.764721428] [yolo_navigator]: [FTG] gap=-0.93 W=1.55
[INFO] [1784723058.864219930] [yolo_navigator]: [WEDGE] open=+1.45
[INFO] [1784723059.665093380] [yolo_navigator]: [STATUS] mode=WEDGE front=1.09 L=1.05 R=0.72 gap=+0.00 v=+0.40 w=-0.63 personLvl=0
[INFO] [1784723060.714070691] [yolo_navigator]: [FTG] gap=+1.31 W=2.05
[INFO] [1784723060.864691321] [yolo_navigator]: [WEDGE] open=-0.45
[INFO] [1784723064.680143762] [yolo_navigator]: [STATUS] mode=WEDGE front=0.41 L=0.81 R=0.45 gap=+0.00 v=+0.05 w=+0.05 personLvl=0
[INFO] [1784723068.415009855] [yolo_navigator]: [REVERSE] front=0.32 dir=+1
[INFO] [1784723069.715994681] [yolo_navigator]: [STATUS] mode=REVERSE front=0.33 L=0.76 R=0.38 gap=+0.00 v=+0.05 w=+1.20 personLvl=0
[INFO] [1784723070.064680584] [yolo_navigator]: [WEDGE] open=-0.14
[INFO] [1784723072.214979605] [yolo_navigator]: [REVERSE] front=0.31 dir=+1
[INFO] [1784723074.114564529] [yolo_navigator]: [WEDGE] open=-0.23
[INFO] [1784723074.925539031] [yolo_navigator]: [STATUS] mode=WEDGE front=0.64 L=0.65 R=0.37 gap=+0.00 v=+0.05 w=-1.00 personLvl=0
[INFO] [1784723076.134949740] [yolo_navigator]: [REVERSE] front=0.31 dir=+1
[INFO] [1784723076.135555390] [yolo_navigator]: [ESCAPE_NARROW] Στενό/αδιέξοδο (W=0.00 wedged=True failedCommits=0) -> φεύγω (leave=4s), φίλτρο στενών 20s
[INFO] [1784723076.137796374] [yolo_navigator]: [ESCAPE_NARROW] dir=+1
[INFO] [1784723079.165192199] [yolo_navigator]: [LEAVE] open=-0.84 front=0.64
[INFO] [1784723079.865780192] [yolo_navigator]: [STATUS] mode=LEAVE front=0.70 L=0.74 R=0.54 gap=-1.17 v=+0.25 w=+0.80 personLvl=0
[INFO] [1784723083.184381517] [yolo_navigator]: [FTG] gap=+1.08 W=4.37
[INFO] [1784723084.870778308] [yolo_navigator]: [STATUS] mode=FTG front=10.00 L=3.14 R=0.71 gap=+0.68 v=+0.10 w=+0.47 personLvl=0
[INFO] [1784723089.876358560] [yolo_navigator]: [STATUS] mode=FTG front=10.00 L=3.19 R=1.56 gap=+0.25 v=+0.28 w=-0.02 personLvl=0
[INFO] [1784723094.914537742] [yolo_navigator]: [STATUS] mode=FTG front=10.00 L=2.84 R=1.46 gap=+0.23 v=+0.29 w=-0.09 personLvl=0
[INFO] [1784723099.915433211] [yolo_navigator]: [STATUS] mode=FTG front=10.00 L=2.38 R=1.04 gap=+0.33 v=+0.24 w=+0.01 personLvl=0
[INFO] [1784723104.915504588] [yolo_navigator]: [STATUS] mode=FTG front=0.84 L=1.94 R=0.62 gap=+0.46 v=+0.18 w=+0.15 personLvl=0
[INFO] [1784723109.952480110] [yolo_navigator]: [STATUS] mode=FTG front=0.48 L=1.67 R=0.40 gap=+0.35 v=+0.10 w=+0.01 personLvl=0
[INFO] [1784723111.815515469] [yolo_navigator]: [ROTATE_OPEN] front=0.40 open=+0.51
[INFO] [1784723112.714268325] [yolo_navigator]: [FTG] gap=+0.27 W=3.17
[INFO] [1784723114.965252283] [yolo_navigator]: [STATUS] mode=FTG front=10.00 L=1.35 R=0.42 gap=+0.02 v=+0.39 w=+0.02 personLvl=0
[INFO] [1784723119.965083036] [yolo_navigator]: [STATUS] mode=FTG front=10.00 L=0.97 R=0.51 gap=-0.05 v=+0.38 w=+0.01 personLvl=0
[INFO] [1784723121.265544361] [yolo_navigator]: [PERSON] level=1 h=128px
[INFO] [1784723121.465805314] [yolo_navigator]: [PERSON] level=0 h=0px
[INFO] [1784723121.815516554] [yolo_navigator]: [PERSON] level=1 h=128px
[INFO] [1784723122.915407414] [yolo_navigator]: [PERSON] level=0 h=0px
[INFO] [1784723123.265436242] [yolo_navigator]: [PERSON] level=1 h=128px
[INFO] [1784723125.015390249] [yolo_navigator]: [STATUS] mode=FTG front=10.00 L=0.93 R=0.80 gap=-0.05 v=+0.22 w=-0.52 personLvl=1
[INFO] [1784723130.036212411] [yolo_navigator]: [STATUS] mode=FTG front=10.00 L=3.24 R=0.89 gap=+0.06 v=+0.22 w=+0.52 personLvl=1
[INFO] [1784723134.666212177] [yolo_navigator]: [PERSON] level=0 h=0px
[INFO] [1784723135.064969662] [yolo_navigator]: [STATUS] mode=FTG front=10.00 L=2.67 R=1.24 gap=-0.06 v=+0.37 w=-0.17 personLvl=0
[INFO] [1784723135.865330139] [yolo_navigator]: [PERSON] level=1 h=162px
[INFO] [1784723136.565076727] [yolo_navigator]: [PERSON] level=0 h=0px
[INFO] [1784723136.916747614] [yolo_navigator]: [PERSON] level=1 h=168px
[INFO] [1784723140.114508154] [yolo_navigator]: [STATUS] mode=FTG front=10.00 L=2.01 R=1.35 gap=-0.02 v=+0.24 w=+0.42 personLvl=1
[INFO] [1784723144.565012029] [yolo_navigator]: [PERSON] level=2 h=201px
[INFO] [1784723145.164769080] [yolo_navigator]: [STATUS] mode=FTG front=10.00 L=1.48 R=1.65 gap=+0.01 v=+0.10 w=-0.45 personLvl=2
[INFO] [1784723150.169504754] [yolo_navigator]: [STATUS] mode=FTG front=10.00 L=1.33 R=1.62 gap=+0.00 v=+0.10 w=+0.45 personLvl=2
[INFO] [1784723155.215043435] [yolo_navigator]: [STATUS] mode=FTG front=10.00 L=1.18 R=1.84 gap=-0.01 v=+0.10 w=-0.47 personLvl=2
[INFO] [1784723160.265349917] [yolo_navigator]: [STATUS] mode=FTG front=10.00 L=1.11 R=1.82 gap=-0.07 v=+0.10 w=+0.36 personLvl=2
[INFO] [1784723165.270274073] [yolo_navigator]: [STATUS] mode=FTG front=10.00 L=1.18 R=1.84 gap=+0.00 v=+0.10 w=+0.46 personLvl=2
[INFO] [1784723170.315175415] [yolo_navigator]: [PERSON] level=0 h=0px
[INFO] [1784723170.315838487] [yolo_navigator]: [STATUS] mode=FTG front=10.00 L=1.17 R=2.06 gap=+0.01 v=+0.40 w=-0.45 personLvl=0
[INFO] [1784723170.523841637] [yolo_navigator]: [PERSON] level=2 h=255px
[INFO] [1784723175.316035226] [yolo_navigator]: [STATUS] mode=FTG front=10.00 L=3.93 R=2.11 gap=+0.06 v=+0.10 w=-0.38 personLvl=2
[INFO] [1784723177.315278708] [yolo_navigator]: [PERSON] level=0 h=0px
[INFO] [1784723177.665266082] [yolo_navigator]: [PERSON] level=2 h=257px
[INFO] [1784723180.365125752] [yolo_navigator]: [PERSON] level=0 h=0px
[INFO] [1784723180.365982845] [yolo_navigator]: [STATUS] mode=FTG front=10.00 L=3.85 R=2.07 gap=-0.00 v=+0.40 w=+0.46 personLvl=0
[INFO] [1784723180.715013316] [yolo_navigator]: [PERSON] level=2 h=258px
[INFO] [1784723185.364829438] [yolo_navigator]: [STATUS] mode=FTG front=10.00 L=3.72 R=2.55 gap=+0.38 v=+0.10 w=+0.70 personLvl=2
[INFO] [1784723186.423137363] [yolo_navigator]: [PERSON] level=0 h=0px
[INFO] [1784723190.364966091] [yolo_navigator]: [STATUS] mode=FTG front=10.00 L=3.48 R=2.45 gap=-0.66 v=+0.10 w=-0.37 personLvl=0
[INFO] [1784723194.615297707] [yolo_navigator]: [PERSON] level=2 h=268px
[INFO] [1784723195.365691242] [yolo_navigator]: [PERSON] level=0 h=0px
[INFO] [1784723195.441611501] [yolo_navigator]: [STATUS] mode=FTG front=10.00 L=3.25 R=2.04 gap=+0.30 v=+0.26 w=+0.61 personLvl=0
[INFO] [1784723200.464679479] [yolo_navigator]: [STATUS] mode=FTG front=10.00 L=2.95 R=1.63 gap=-0.45 v=+0.18 w=-0.06 personLvl=0
[INFO] [1784723205.491897602] [yolo_navigator]: [STATUS] mode=FTG front=10.00 L=2.62 R=1.27 gap=-0.41 v=+0.20 w=+0.01 personLvl=0
[INFO] [1784723210.515038281] [yolo_navigator]: [STATUS] mode=FTG front=10.00 L=2.26 R=0.97 gap=-0.48 v=+0.17 w=-0.06 personLvl=0
[INFO] [1784723215.519791084] [yolo_navigator]: [STATUS] mode=FTG front=10.00 L=1.93 R=0.92 gap=+0.02 v=+0.39 w=+0.28 personLvl=0
[INFO] [1784723220.583037011] [yolo_navigator]: [STATUS] mode=FTG front=10.00 L=1.49 R=2.73 gap=-0.41 v=+0.20 w=-0.17 personLvl=0
[INFO] [1784723225.615973290] [yolo_navigator]: [STATUS] mode=FTG front=10.00 L=1.15 R=2.63 gap=-0.32 v=+0.25 w=-0.03 personLvl=0
[INFO] [1784723230.665429699] [yolo_navigator]: [STATUS] mode=FTG front=1.20 L=0.84 R=2.62 gap=-0.08 v=+0.36 w=+0.22 personLvl=0
[INFO] [1784723235.728486110] [yolo_navigator]: [STATUS] mode=FTG front=0.99 L=0.57 R=2.25 gap=-0.49 v=+0.17 w=-0.52 personLvl=0
[INFO] [1784723240.764393224] [yolo_navigator]: [STATUS] mode=FTG front=0.63 L=0.38 R=1.83 gap=-0.18 v=+0.26 w=-0.37 personLvl=0
[INFO] [1784723245.765038231] [yolo_navigator]: [STATUS] mode=FTG front=10.00 L=0.49 R=1.25 gap=-0.04 v=+0.38 w=+0.05 personLvl=0
[INFO] [1784723250.765810937] [yolo_navigator]: [STATUS] mode=FTG front=10.00 L=0.76 R=0.74 gap=-0.49 v=+0.16 w=-0.25 personLvl=0
[INFO] [1784723255.772341718] [yolo_navigator]: [STATUS] mode=FTG front=10.00 L=1.28 R=0.51 gap=-0.34 v=+0.24 w=-0.10 personLvl=0
[INFO] [1784723260.822504222] [yolo_navigator]: [STATUS] mode=FTG front=10.00 L=2.13 R=0.41 gap=-0.27 v=+0.27 w=-0.14 personLvl=0
[INFO] [1784723265.870885594] [yolo_navigator]: [STATUS] mode=FTG front=10.00 L=1.95 R=0.40 gap=-0.41 v=+0.20 w=-0.24 personLvl=0
[INFO] [1784723270.914587399] [yolo_navigator]: [STATUS] mode=FTG front=10.00 L=2.32 R=0.34 gap=-0.30 v=+0.25 w=-0.02 personLvl=0
[INFO] [1784723276.062174243] [yolo_navigator]: [STATUS] mode=FTG front=10.00 L=2.66 R=1.60 gap=-0.29 v=+0.26 w=-0.02 personLvl=0
[INFO] [1784723281.052343348] [yolo_navigator]: [STATUS] mode=FTG front=10.00 L=2.32 R=1.27 gap=-0.33 v=+0.24 w=-0.02 personLvl=0
[INFO] [1784723286.065497601] [yolo_navigator]: [STATUS] mode=FTG front=10.00 L=1.89 R=0.92 gap=-0.63 v=+0.10 w=-0.40 personLvl=0
[INFO] [1784723291.074239735] [yolo_navigator]: [STATUS] mode=FTG front=10.00 L=1.54 R=0.75 gap=-0.51 v=+0.16 w=-0.24 personLvl=0
[INFO] [1784723296.114875065] [yolo_navigator]: [STATUS] mode=FTG front=10.00 L=1.25 R=0.88 gap=+0.32 v=+0.25 w=+0.63 personLvl=0
[INFO] [1784723301.165546465] [yolo_navigator]: [STATUS] mode=FTG front=0.97 L=0.86 R=1.73 gap=-0.72 v=+0.10 w=-0.49 personLvl=0
[INFO] [1784723306.214961014] [yolo_navigator]: [STATUS] mode=FTG front=0.94 L=0.64 R=2.89 gap=-0.23 v=+0.29 w=+0.05 personLvl=0
[INFO] [1784723311.222682398] [yolo_navigator]: [STATUS] mode=FTG front=0.49 L=0.40 R=2.79 gap=-0.23 v=+0.13 w=+0.07 personLvl=0
[INFO] [1784723316.238340636] [yolo_navigator]: [STATUS] mode=FTG front=10.00 L=1.17 R=2.43 gap=+0.02 v=+0.39 w=-0.43 personLvl=0
[INFO] [1784723321.265899954] [yolo_navigator]: [STATUS] mode=FTG front=10.00 L=1.23 R=1.78 gap=-0.05 v=+0.37 w=+0.36 personLvl=0
[INFO] [1784723326.314968747] [yolo_navigator]: [STATUS] mode=FTG front=10.00 L=1.87 R=1.45 gap=-0.00 v=+0.40 w=+0.44 personLvl=0
[INFO] [1784723331.365048751] [yolo_navigator]: [STATUS] mode=FTG front=10.00 L=2.03 R=3.98 gap=+0.03 v=+0.38 w=+0.46 personLvl=0
[INFO] [1784723336.414760295] [yolo_navigator]: [STATUS] mode=FTG front=10.00 L=2.00 R=1.82 gap=+0.16 v=+0.32 w=-0.25 personLvl=0
[INFO] [1784723341.434759178] [yolo_navigator]: [STATUS] mode=FTG front=10.00 L=2.15 R=1.14 gap=-0.21 v=+0.30 w=+0.15 personLvl=0
[INFO] [1784723346.473439850] [yolo_navigator]: [STATUS] mode=FTG front=10.00 L=2.29 R=0.61 gap=+0.36 v=+0.23 w=+0.00 personLvl=0
[INFO] [1784723351.514260249] [yolo_navigator]: [STATUS] mode=FTG front=10.00 L=2.30 R=1.05 gap=-0.35 v=+0.23 w=-0.05 personLvl=0
[INFO] [1784723356.564866563] [yolo_navigator]: [STATUS] mode=FTG front=10.00 L=1.96 R=1.16 gap=-0.05 v=+0.38 w=+0.36 personLvl=0
[INFO] [1784723361.614454220] [yolo_navigator]: [STATUS] mode=FTG front=10.00 L=1.30 R=1.56 gap=-0.14 v=+0.33 w=+0.25 personLvl=0
[INFO] [1784723366.664826658] [yolo_navigator]: [STATUS] mode=FTG front=10.00 L=0.87 R=1.39 gap=+0.10 v=+0.35 w=-0.01 personLvl=0
[INFO] [1784723371.683911964] [yolo_navigator]: [STATUS] mode=FTG front=10.00 L=2.87 R=1.17 gap=+1.40 v=+0.10 w=+1.47 personLvl=0
[INFO] [1784723376.756215382] [yolo_navigator]: [STATUS] mode=FTG front=10.00 L=1.13 R=1.63 gap=-0.37 v=+0.22 w=-0.69 personLvl=0
[INFO] [1784723381.771042618] [yolo_navigator]: [STATUS] mode=FTG front=10.00 L=2.23 R=1.21 gap=+0.29 v=+0.26 w=+0.00 personLvl=0
[INFO] [1784723386.814619561] [yolo_navigator]: [STATUS] mode=FTG front=1.12 L=1.79 R=0.82 gap=+0.12 v=+0.34 w=-0.16 personLvl=0
[INFO] [1784723391.827298790] [yolo_navigator]: [STATUS] mode=FTG front=0.63 L=1.46 R=0.49 gap=+0.36 v=+0.18 w=+0.05 personLvl=0
[INFO] [1784723396.545834810] [yolo_navigator]: [ROTATE_OPEN] front=0.39 open=+0.38
[INFO] [1784723396.765012348] [yolo_navigator]: [WEDGE] open=+0.38
[INFO] [1784723396.886170663] [yolo_navigator]: [ROTATE_OPEN] front=0.38 open=+0.38
[INFO] [1784723396.887996798] [yolo_navigator]: [STATUS] mode=ROTATE_OPEN front=0.38 L=1.29 R=0.36 gap=+0.33 v=+0.00 w=+1.00 personLvl=0
[INFO] [1784723397.364750438] [yolo_navigator]: [FTG] gap=+0.26 W=0.98
[INFO] [1784723397.764129450] [yolo_navigator]: [WEDGE] open=+1.31
[INFO] [1784723397.864720550] [yolo_navigator]: [FTG] gap=+0.02 W=0.59
[INFO] [1784723398.764100864] [yolo_navigator]: [WEDGE] open=+1.19
[INFO] [1784723398.936037668] [yolo_navigator]: [FTG] gap=-0.09 W=0.28
[INFO] [1784723399.065714782] [yolo_navigator]: [WEDGE] open=+1.24
[INFO] [1784723399.167894117] [yolo_navigator]: [FTG] gap=-0.07 W=0.26
[INFO] [1784723399.264207540] [yolo_navigator]: [WEDGE] open=+1.27
[INFO] [1784723399.321935556] [yolo_navigator]: [FTG] gap=-0.07 W=0.86
[INFO] [1784723399.565205470] [yolo_navigator]: [WEDGE] open=+1.29
[INFO] [1784723399.718745646] [yolo_navigator]: [FTG] gap=-0.10 W=0.33
[INFO] [1784723399.814424930] [yolo_navigator]: [WEDGE] open=+1.27
[INFO] [1784723399.919064082] [yolo_navigator]: [FTG] gap=-0.12 W=0.24
[INFO] [1784723400.264418451] [yolo_navigator]: [WEDGE] open=+1.33
[INFO] [1784723401.714538124] [yolo_navigator]: [FTG] gap=-0.59 W=2.63
[INFO] [1784723401.915168334] [yolo_navigator]: [STATUS] mode=FTG front=0.63 L=0.66 R=0.52 gap=-0.68 v=+0.08 w=-0.32 personLvl=0
[INFO] [1784723406.964544729] [yolo_navigator]: [STATUS] mode=FTG front=0.48 L=0.51 R=0.51 gap=-0.46 v=+0.08 w=-0.02 personLvl=0
[INFO] [1784723409.164675887] [yolo_navigator]: [SENSOR_STALE] no /scan for 2.5s
[INFO] [1784723411.965009962] [yolo_navigator]: [STATUS] mode=SENSOR_STALE front=0.48 L=0.51 R=0.51 gap=-0.46 v=+0.00 w=+0.00 personLvl=0
[INFO] [1784723417.014615100] [yolo_navigator]: [STATUS] mode=SENSOR_STALE front=0.48 L=0.51 R=0.51 gap=-0.46 v=+0.00 w=+0.00 personLvl=0
[INFO] [1784723422.064213239] [yolo_navigator]: [STATUS] mode=SENSOR_STALE front=0.48 L=0.51 R=0.51 gap=-0.46 v=+0.00 w=+0.00 personLvl=0
[INFO] [1784723427.114254410] [yolo_navigator]: [STATUS] mode=SENSOR_STALE front=0.48 L=0.51 R=0.51 gap=-0.46 v=+0.00 w=+0.00 personLvl=0
[INFO] [1784723432.115005566] [yolo_navigator]: [STATUS] mode=SENSOR_STALE front=0.48 L=0.51 R=0.51 gap=-0.46 v=+0.00 w=+0.00 personLvl=0
[INFO] [1784723437.164477660] [yolo_navigator]: [STATUS] mode=SENSOR_STALE front=0.48 L=0.51 R=0.51 gap=-0.46 v=+0.00 w=+0.00 personLvl=0
[INFO] [1784723442.164475197] [yolo_navigator]: [STATUS] mode=SENSOR_STALE front=0.48 L=0.51 R=0.51 gap=-0.46 v=+0.00 w=+0.00 personLvl=0
[INFO] [1784723443.214153477] [yolo_navigator]: [FTG] gap=-0.51 W=3.95
[INFO] [1784723447.166727213] [yolo_navigator]: [STATUS] mode=FTG front=10.00 L=2.12 R=2.29 gap=-0.44 v=+0.19 w=-0.04 personLvl=0
[INFO] [1784723452.187648649] [yolo_navigator]: [STATUS] mode=FTG front=10.00 L=1.52 R=2.33 gap=-0.06 v=+0.37 w=+0.05 personLvl=0
[INFO] [1784723457.216057613] [yolo_navigator]: [STATUS] mode=FTG front=0.64 L=0.67 R=1.41 gap=-0.26 v=+0.23 w=+0.02 personLvl=0
[INFO] [1784723460.280847096] [yolo_navigator]: [ROTATE_OPEN] front=0.39 open=-1.34
[INFO] [1784723461.504815289] [yolo_navigator]: [FTG] gap=-0.05 W=3.17
[INFO] [1784723462.264553276] [yolo_navigator]: [STATUS] mode=FTG front=1.16 L=0.47 R=1.98 gap=+0.23 v=+0.29 w=+0.33 personLvl=0
[INFO] [1784723464.264686865] [yolo_navigator]: [REVERSE] front=0.12 dir=-1
[INFO] [1784723464.465700428] [yolo_navigator]: [FTG] gap=-0.05 W=2.67
[INFO] [1784723467.265032452] [yolo_navigator]: [STATUS] mode=FTG front=10.00 L=2.57 R=0.53 gap=-0.21 v=+0.30 w=+0.08 personLvl=0
[INFO] [1784723472.315546738] [yolo_navigator]: [STATUS] mode=FTG front=10.00 L=2.16 R=0.60 gap=-0.31 v=+0.25 w=-0.01 personLvl=0
[INFO] [1784723477.365922401] [yolo_navigator]: [STATUS] mode=FTG front=10.00 L=1.93 R=1.52 gap=-0.31 v=+0.25 w=-0.01 personLvl=0
[INFO] [1784723482.414610378] [yolo_navigator]: [STATUS] mode=FTG front=10.00 L=1.96 R=2.33 gap=-0.31 v=+0.25 w=-0.00 personLvl=0
[INFO] [1784723487.425063022] [yolo_navigator]: [STATUS] mode=FTG front=10.00 L=2.12 R=1.66 gap=+0.18 v=+0.31 w=+0.01 personLvl=0
[INFO] [1784723492.425192465] [yolo_navigator]: [STATUS] mode=FTG front=10.00 L=1.78 R=1.89 gap=+0.20 v=+0.30 w=+0.04 personLvl=0
[INFO] [1784723497.464494606] [yolo_navigator]: [STATUS] mode=FTG front=10.00 L=1.22 R=1.95 gap=-0.22 v=+0.30 w=-0.04 personLvl=0
[INFO] [1784723502.498945378] [yolo_navigator]: [STATUS] mode=FTG front=10.00 L=2.09 R=1.30 gap=+0.04 v=+0.38 w=-0.07 personLvl=0
[INFO] [1784723507.526605429] [yolo_navigator]: [STATUS] mode=FTG front=10.00 L=1.67 R=0.58 gap=+0.10 v=+0.35 w=+0.01 personLvl=0
[INFO] [1784723511.014439218] [yolo_navigator]: [WEDGE] open=+0.47
[INFO] [1784723511.064002409] [yolo_navigator]: [FTG] gap=+0.49 W=1.11
[INFO] [1784723511.264032203] [yolo_navigator]: [WEDGE] open=+0.45
[INFO] [1784723511.464461137] [yolo_navigator]: [FTG] gap=+0.47 W=1.17
[INFO] [1784723511.666103948] [yolo_navigator]: [WEDGE] open=+0.42
[INFO] [1784723512.472584033] [yolo_navigator]: [FTG] gap=-1.09 W=2.20
[INFO] [1784723512.513794206] [yolo_navigator]: [WEDGE] open=+0.33
[INFO] [1784723512.565234935] [yolo_navigator]: [STATUS] mode=WEDGE front=10.00 L=0.99 R=0.52 gap=+0.00 v=+0.40 w=+0.40 personLvl=0
[INFO] [1784723512.667370119] [yolo_navigator]: [FTG] gap=-1.16 W=2.17
[INFO] [1784723513.314261874] [yolo_navigator]: [WEDGE] open=+1.45
[INFO] [1784723513.564891475] [yolo_navigator]: [FTG] gap=-1.38 W=1.95
[INFO] [1784723514.163889227] [yolo_navigator]: [WEDGE] open=+0.56
[INFO] [1784723514.512526675] [yolo_navigator]: [FTG] gap=-1.17 W=2.34
[INFO] [1784723514.515211657] [yolo_navigator]: [WEDGE] open=-1.12
[INFO] [1784723514.715503605] [yolo_navigator]: [FTG] gap=+0.92 W=2.59
[INFO] [1784723516.614092329] [yolo_navigator]: [WEDGE] open=-1.45
[INFO] [1784723517.364254039] [yolo_navigator]: [FTG] gap=+0.82 W=2.58
[INFO] [1784723517.567800933] [yolo_navigator]: [STATUS] mode=FTG front=10.00 L=0.77 R=0.78 gap=+0.89 v=+0.10 w=+0.58 personLvl=0
[INFO] [1784723520.514186107] [yolo_navigator]: [WEDGE] open=+0.40
[INFO] [1784723522.164331716] [yolo_navigator]: [FTG] gap=+0.38 W=2.64
[INFO] [1784723522.572321364] [yolo_navigator]: [WEDGE] open=+0.12
[INFO] [1784723522.573355190] [yolo_navigator]: [STATUS] mode=WEDGE front=10.00 L=0.66 R=1.35 gap=+0.00 v=+0.40 w=+0.41 personLvl=0
[INFO] [1784723527.614431943] [yolo_navigator]: [STATUS] mode=WEDGE front=0.71 L=0.44 R=0.84 gap=+0.00 v=+0.05 w=+1.00 personLvl=0
[INFO] [1784723528.564375910] [yolo_navigator]: [ROTATE_OPEN] front=0.35 open=-0.24
[INFO] [1784723528.864143193] [yolo_navigator]: [REVERSE] front=0.31 dir=-1
[INFO] [1784723529.664409455] [yolo_navigator]: [WEDGE] open=-0.03
[INFO] [1784723532.264651402] [yolo_navigator]: [REVERSE] front=0.30 dir=-1
[INFO] [1784723532.623229042] [yolo_navigator]: [STATUS] mode=REVERSE front=0.25 L=0.33 R=0.78 gap=-0.77 v=+0.05 w=-1.20 personLvl=0
[INFO] [1784723533.613888828] [yolo_navigator]: [WEDGE] open=+0.17
[INFO] [1784723535.714526135] [yolo_navigator]: [REVERSE] front=0.30 dir=-1
[INFO] [1784723535.715363160] [yolo_navigator]: [ESCAPE_NARROW] Στενό/αδιέξοδο (W=0.00 wedged=True failedCommits=0) -> φεύγω (leave=4s), φίλτρο στενών 20s
[INFO] [1784723535.764440639] [yolo_navigator]: [ESCAPE_NARROW] dir=-1
[INFO] [1784723537.614553391] [yolo_navigator]: [STATUS] mode=ESCAPE_NARROW front=0.46 L=0.36 R=0.71 gap=+0.00 v=-0.10 w=-1.00 personLvl=0
[INFO] [1784723538.764542404] [yolo_navigator]: [LEAVE] open=+0.75 front=0.70
[INFO] [1784723542.664258757] [yolo_navigator]: [STATUS] mode=LEAVE front=0.47 L=0.38 R=0.56 gap=+0.00 v=+0.05 w=+0.24 personLvl=0
[INFO] [1784723542.765017394] [yolo_navigator]: [WEDGE] cooldown open=+0.23
[INFO] [1784723544.914306949] [yolo_navigator]: [FTG] gap=+0.81 W=1.85
[INFO] [1784723546.816522405] [yolo_navigator]: [WEDGE] cooldown open=+0.66
[INFO] [1784723547.669140373] [yolo_navigator]: [STATUS] mode=WEDGE front=0.47 L=0.37 R=0.47 gap=+0.00 v=+0.00 w=-1.00 personLvl=0
[INFO] [1784723548.013847487] [yolo_navigator]: [FTG] gap=+0.81 W=1.82
[INFO] [1784723548.313848302] [yolo_navigator]: [ROTATE_OPEN] front=0.39 open=+0.79
[INFO] [1784723550.372620709] [yolo_navigator]: [FTG] gap=+0.86 W=1.80
[INFO] [1784723550.613876810] [yolo_navigator]: [WEDGE] cooldown open=+0.59
[INFO] [1784723551.157371635] [yolo_navigator]: [FTG] gap=+0.78 W=1.83
[INFO] [1784723551.313884886] [yolo_navigator]: [WEDGE] cooldown open=+0.63
[INFO] [1784723551.473069098] [yolo_navigator]: [FTG] gap=+0.80 W=1.82
[INFO] [1784723551.714836112] [yolo_navigator]: [ROTATE_OPEN] front=0.40 open=+0.73
[INFO] [1784723552.719272342] [yolo_navigator]: [STATUS] mode=ROTATE_OPEN front=0.38 L=0.43 R=0.44 gap=+1.05 v=+0.00 w=-1.00 personLvl=0
[INFO] [1784723553.418066590] [yolo_navigator]: [WEDGE] cooldown open=+1.22
[INFO] [1784723553.814285679] [yolo_navigator]: [ROTATE_OPEN] front=0.39 open=+1.17
[INFO] [1784723554.864788961] [yolo_navigator]: [FTG] gap=+0.83 W=1.81
[INFO] [1784723555.014472833] [yolo_navigator]: [WEDGE] cooldown open=+0.59
[INFO] [1784723555.364569024] [yolo_navigator]: [FTG] gap=+0.78 W=1.82
[INFO] [1784723555.582473805] [yolo_navigator]: [ROTATE_OPEN] front=0.40 open=+0.70
[INFO] [1784723557.164592341] [yolo_navigator]: [FTG] gap=+0.83 W=1.80
[INFO] [1784723557.315030918] [yolo_navigator]: [WEDGE] open=+0.59
[INFO] [1784723557.764544546] [yolo_navigator]: [STATUS] mode=WEDGE front=0.52 L=0.36 R=0.47 gap=+0.00 v=+0.05 w=+1.00 personLvl=0
[INFO] [1784723558.314699304] [yolo_navigator]: [REVERSE] front=0.30 dir=-1
[INFO] [1784723560.114952646] [yolo_navigator]: [WEDGE] open=+0.14
[INFO] [1784723562.815321875] [yolo_navigator]: [STATUS] mode=WEDGE front=0.35 L=0.41 R=0.59 gap=+0.00 v=+0.05 w=-1.00 personLvl=0
[INFO] [1784723565.363835606] [yolo_navigator]: [REVERSE] front=0.31 dir=-1
[INFO] [1784723566.763947703] [yolo_navigator]: [WEDGE] open=-0.05
[INFO] [1784723567.864283355] [yolo_navigator]: [STATUS] mode=WEDGE front=0.76 L=0.54 R=0.54 gap=+0.00 v=+0.05 w=+1.00 personLvl=0
[INFO] [1784723569.014511012] [yolo_navigator]: [FTG] gap=-0.47 W=2.23
[INFO] [1784723569.664542874] [yolo_navigator]: [WEDGE] open=-0.23
[INFO] [1784723572.864921366] [yolo_navigator]: [STATUS] mode=WEDGE front=0.38 L=0.43 R=0.56 gap=+0.00 v=+0.05 w=-1.00 personLvl=0
[INFO] [1784723573.214024229] [yolo_navigator]: [ROTATE_OPEN] front=0.35 open=-0.37
[INFO] [1784723573.315206245] [yolo_navigator]: [WEDGE] open=-0.37
[INFO] [1784723576.164414824] [yolo_navigator]: [REVERSE] front=0.31 dir=-1
[INFO] [1784723577.463989426] [yolo_navigator]: [WEDGE] open=+0.02
[INFO] [1784723577.914905162] [yolo_navigator]: [STATUS] mode=WEDGE front=0.94 L=0.49 R=0.54 gap=+0.00 v=+0.05 w=+1.00 personLvl=0
[INFO] [1784723579.714668143] [yolo_navigator]: [ROTATE_OPEN] front=0.39 open=-0.35
[INFO] [1784723579.964584638] [yolo_navigator]: [WEDGE] open=-0.24
[INFO] [1784723582.864215462] [yolo_navigator]: [ROTATE_OPEN] front=0.33 open=-0.35
[INFO] [1784723582.964682318] [yolo_navigator]: [WEDGE] open=-0.37
[INFO] [1784723582.965368311] [yolo_navigator]: [STATUS] mode=WEDGE front=0.33 L=0.40 R=0.60 gap=+0.00 v=+0.05 w=-1.00 personLvl=0
[INFO] [1784723585.914140527] [yolo_navigator]: [REVERSE] front=0.30 dir=-1
[INFO] [1784723587.364485958] [yolo_navigator]: [WEDGE] open=-0.03
[INFO] [1784723588.014133640] [yolo_navigator]: [STATUS] mode=WEDGE front=0.85 L=0.52 R=0.55 gap=+0.00 v=+0.05 w=+1.00 personLvl=0
[INFO] [1784723589.715422796] [yolo_navigator]: [FTG] gap=-0.57 W=2.00
[INFO] [1784723590.114277710] [yolo_navigator]: [WEDGE] open=-0.28
[INFO] [1784723593.063183486] [yolo_navigator]: [STATUS] mode=WEDGE front=0.43 L=0.44 R=0.54 gap=+0.00 v=+0.05 w=-0.40 personLvl=0
[INFO] [1784723593.564029188] [yolo_navigator]: [ROTATE_OPEN] front=0.34 open=-0.37
[INFO] [1784723593.664631878] [yolo_navigator]: [WEDGE] open=-0.37
[INFO] [1784723596.564184115] [yolo_navigator]: [REVERSE] front=0.32 dir=-1
[INFO] [1784723598.064897158] [yolo_navigator]: [STATUS] mode=REVERSE front=0.42 L=0.44 R=0.53 gap=+0.00 v=-0.30 w=-0.80 personLvl=0
[INFO] [1784723598.214266154] [yolo_navigator]: [WEDGE] open=-0.05
[INFO] [1784723600.414406609] [yolo_navigator]: [FTG] gap=-0.53 W=2.17
[INFO] [1784723600.913902326] [yolo_navigator]: [WEDGE] open=-0.26
[INFO] [1784723603.065208432] [yolo_navigator]: [STATUS] mode=WEDGE front=0.71 L=0.49 R=0.51 gap=+0.00 v=+0.05 w=+1.00 personLvl=0
[INFO] [1784723607.824132182] [yolo_navigator]: [REVERSE] front=0.31 dir=-1
[INFO] [1784723608.071334934] [yolo_navigator]: [STATUS] mode=REVERSE front=0.30 L=0.37 R=0.55 gap=+0.00 v=-0.30 w=-0.80 personLvl=0
[INFO] [1784723609.064226560] [yolo_navigator]: [WEDGE] open=+0.03
[INFO] [1784723611.472523724] [yolo_navigator]: [ROTATE_OPEN] front=0.39 open=-0.37
[INFO] [1784723611.764868527] [yolo_navigator]: [WEDGE] open=-0.31
[INFO] [1784723613.114945854] [yolo_navigator]: [STATUS] mode=WEDGE front=0.70 L=0.47 R=0.52 gap=+0.00 v=+0.05 w=+1.00 personLvl=0
[INFO] [1784723617.678246721] [yolo_navigator]: [REVERSE] front=0.31 dir=-1
[INFO] [1784723618.165304546] [yolo_navigator]: [STATUS] mode=REVERSE front=0.28 L=0.35 R=0.56 gap=+0.00 v=-0.30 w=-0.80 personLvl=0
[INFO] [1784723619.064117890] [yolo_navigator]: [WEDGE] open=+0.02
[INFO] [1784723623.250462179] [yolo_navigator]: [STATUS] mode=WEDGE front=0.76 L=0.46 R=0.53 gap=+0.00 v=+0.05 w=+1.00 personLvl=0
[INFO] [1784723627.064614368] [yolo_navigator]: [REVERSE] front=0.31 dir=-1
[INFO] [1784723628.264494802] [yolo_navigator]: [STATUS] mode=REVERSE front=0.35 L=0.40 R=0.54 gap=+0.00 v=-0.30 w=-0.80 personLvl=0
[INFO] [1784723628.634997016] [yolo_navigator]: [WEDGE] open=-0.09
[INFO] [1784723631.114973365] [yolo_navigator]: [FTG] gap=-0.53 W=2.10
[INFO] [1784723631.664787805] [yolo_navigator]: [WEDGE] open=-0.26
[INFO] [1784723633.336377554] [yolo_navigator]: [STATUS] mode=WEDGE front=0.81 L=0.47 R=0.53 gap=+0.00 v=+0.05 w=+1.00 personLvl=0
[INFO] [1784723638.365123565] [yolo_navigator]: [STATUS] mode=WEDGE front=0.35 L=0.38 R=0.52 gap=+0.00 v=+0.05 w=-0.75 personLvl=0
[INFO] [1784723638.574646235] [yolo_navigator]: [REVERSE] front=0.30 dir=-1
[INFO] [1784723639.864599205] [yolo_navigator]: [WEDGE] open=+0.07
[INFO] [1784723642.514530559] [yolo_navigator]: [ROTATE_OPEN] front=0.36 open=-0.31
[INFO] [1784723642.613939939] [yolo_navigator]: [WEDGE] open=-0.28
[INFO] [1784723643.365801240] [yolo_navigator]: [STATUS] mode=WEDGE front=0.44 L=0.43 R=0.56 gap=+0.00 v=+0.05 w=-1.00 personLvl=0
[INFO] [1784723645.770064568] [yolo_navigator]: [REVERSE] front=0.31 dir=-1
[INFO] [1784723646.869884883] [yolo_navigator]: [WEDGE] open=+0.03
[INFO] [1784723648.529082083] [yolo_navigator]: [STATUS] mode=WEDGE front=0.54 L=0.47 R=0.58 gap=+0.00 v=+0.05 w=+1.00 personLvl=0
[INFO] [1784723649.114000374] [yolo_navigator]: [ROTATE_OPEN] front=0.39 open=-0.26
[INFO] [1784723649.614556237] [yolo_navigator]: [WEDGE] open=-0.31
[INFO] [1784723652.728454028] [yolo_navigator]: [REVERSE] front=0.32 dir=-1
[INFO] [1784723653.525189714] [yolo_navigator]: [STATUS] mode=REVERSE front=0.32 L=0.38 R=0.59 gap=+0.00 v=-0.30 w=-0.80 personLvl=0
[INFO] [1784723653.864454717] [yolo_navigator]: [WEDGE] open=+0.16
[INFO] [1784723656.213978246] [yolo_navigator]: [REVERSE] front=0.31 dir=-1
[INFO] [1784723656.214458837] [yolo_navigator]: [ESCAPE_NARROW] Στενό/αδιέξοδο (W=0.00 wedged=True failedCommits=0) -> φεύγω (leave=4s), φίλτρο στενών 20s
[INFO] [1784723656.329077227] [yolo_navigator]: [ESCAPE_NARROW] dir=-1
[INFO] [1784723658.514554889] [yolo_navigator]: [STATUS] mode=ESCAPE_NARROW front=0.59 L=0.47 R=0.59 gap=+0.00 v=-0.10 w=-1.00 personLvl=0
[INFO] [1784723659.264408841] [yolo_navigator]: [LEAVE] open=+0.94 front=0.56
[INFO] [1784723663.264035095] [yolo_navigator]: [WEDGE] cooldown open=+0.38
[INFO] [1784723663.515755306] [yolo_navigator]: [STATUS] mode=WEDGE front=0.74 L=0.44 R=0.58 gap=+0.00 v=+0.25 w=+0.17 personLvl=0
[INFO] [1784723666.377347566] [yolo_navigator]: [FTG] gap=+0.87 W=1.81
[INFO] [1784723666.560618374] [yolo_navigator]: [ROTATE_OPEN] front=0.40 open=+0.73
[INFO] [1784723668.564346075] [yolo_navigator]: [STATUS] mode=ROTATE_OPEN front=0.40 L=0.42 R=0.45 gap=+0.90 v=+0.00 w=-0.75 personLvl=0
[INFO] [1784723668.714650268] [yolo_navigator]: [FTG] gap=+0.87 W=1.81
[INFO] [1784723668.814571247] [yolo_navigator]: [WEDGE] cooldown open=+0.66
[INFO] [1784723669.614365184] [yolo_navigator]: [FTG] gap=+0.83 W=1.82
[INFO] [1784723669.814928090] [yolo_navigator]: [ROTATE_OPEN] front=0.39 open=+0.77
[INFO] [1784723671.617460208] [yolo_navigator]: [FTG] gap=+0.87 W=1.80
[INFO] [1784723671.813760713] [yolo_navigator]: [WEDGE] cooldown open=+0.61
[INFO] [1784723672.771081984] [yolo_navigator]: [FTG] gap=+0.83 W=1.81
[INFO] [1784723672.814082124] [yolo_navigator]: [ROTATE_OPEN] front=0.40 open=+0.70
[INFO] [1784723673.564648661] [yolo_navigator]: [STATUS] mode=ROTATE_OPEN front=0.37 L=0.49 R=0.43 gap=+1.16 v=+0.00 w=+1.00 personLvl=0
[INFO] [1784723675.014571482] [yolo_navigator]: [FTG] gap=+0.85 W=1.81
[INFO] [1784723675.164414634] [yolo_navigator]: [WEDGE] cooldown open=+0.61
[INFO] [1784723676.114766244] [yolo_navigator]: [FTG] gap=+0.80 W=1.83
[INFO] [1784723676.163906352] [yolo_navigator]: [ROTATE_OPEN] front=0.39 open=+0.70
[INFO] [1784723678.064166613] [yolo_navigator]: [FTG] gap=+0.82 W=1.82
[INFO] [1784723678.164894152] [yolo_navigator]: [WEDGE] open=+0.61
[INFO] [1784723678.661302311] [yolo_navigator]: [STATUS] mode=WEDGE front=0.46 L=0.39 R=0.46 gap=+0.00 v=+0.05 w=+1.00 personLvl=0
[INFO] [1784723679.464819445] [yolo_navigator]: [REVERSE] front=0.29 dir=-1
[INFO] [1784723681.215441571] [yolo_navigator]: [WEDGE] open=+0.03
[INFO] [1784723683.564402004] [yolo_navigator]: [ROTATE_OPEN] front=0.38 open=-0.33
[INFO] [1784723683.645957169] [yolo_navigator]: [STATUS] mode=ROTATE_OPEN front=0.38 L=0.44 R=0.57 gap=-0.59 v=+0.00 w=-1.00 personLvl=0
[INFO] [1784723683.764510751] [yolo_navigator]: [WEDGE] open=-0.30
[INFO] [1784723688.665129385] [yolo_navigator]: [STATUS] mode=WEDGE front=0.54 L=0.42 R=0.47 gap=+0.00 v=+0.05 w=+1.00 personLvl=0
[INFO] [1784723689.815346650] [yolo_navigator]: [REVERSE] front=0.31 dir=-1
[INFO] [1784723691.414047410] [yolo_navigator]: [WEDGE] open=-0.03
[INFO] [1784723693.665117849] [yolo_navigator]: [STATUS] mode=WEDGE front=0.46 L=0.48 R=0.54 gap=+0.00 v=+0.05 w=-1.00 personLvl=0
[INFO] [1784723693.914531675] [yolo_navigator]: [FTG] gap=-0.55 W=2.13
[INFO] [1784723694.164041334] [yolo_navigator]: [WEDGE] open=-0.28
[INFO] [1784723698.679504019] [yolo_navigator]: [STATUS] mode=WEDGE front=0.41 L=0.42 R=0.50 gap=+0.00 v=+0.05 w=-0.30 personLvl=0
[INFO] [1784723700.664363943] [yolo_navigator]: [REVERSE] front=0.31 dir=-1
[INFO] [1784723702.014463849] [yolo_navigator]: [WEDGE] open=+0.05
[INFO] [1784723703.728037004] [yolo_navigator]: [STATUS] mode=WEDGE front=0.48 L=0.47 R=0.53 gap=+0.00 v=+0.05 w=+0.30 personLvl=0
[INFO] [1784723704.363981126] [yolo_navigator]: [ROTATE_OPEN] front=0.38 open=-0.37
[INFO] [1784723704.564201531] [yolo_navigator]: [WEDGE] open=-0.35
[INFO] [1784723704.664834203] [yolo_navigator]: [ROTATE_OPEN] front=0.37 open=-0.31
[INFO] [1784723704.764981256] [yolo_navigator]: [WEDGE] open=-0.26
[INFO] [1784723707.914188152] [yolo_navigator]: [REVERSE] front=0.32 dir=-1
[INFO] [1784723708.764969715] [yolo_navigator]: [STATUS] mode=REVERSE front=0.35 L=0.39 R=0.52 gap=+0.00 v=-0.30 w=-0.80 personLvl=0
[INFO] [1784723708.969046342] [yolo_navigator]: [WEDGE] open=-0.00
[INFO] [1784723711.464674767] [yolo_navigator]: [ROTATE_OPEN] front=0.36 open=-0.33
[INFO] [1784723711.569591486] [yolo_navigator]: [WEDGE] open=-0.28
[INFO] [1784723713.798851047] [yolo_navigator]: [STATUS] mode=WEDGE front=0.53 L=0.43 R=0.52 gap=+0.00 v=+0.05 w=+1.00 personLvl=0
[INFO] [1784723714.715022423] [yolo_navigator]: [REVERSE] front=0.32 dir=-1
[INFO] [1784723716.061960605] [yolo_navigator]: [WEDGE] open=-0.00
[INFO] [1784723718.184027168] [yolo_navigator]: [FTG] gap=-0.59 W=1.92
[INFO] [1784723718.214652949] [yolo_navigator]: [ROTATE_OPEN] front=0.40 open=-0.33
[INFO] [1784723718.664656083] [yolo_navigator]: [WEDGE] open=-0.26
[INFO] [1784723718.814659332] [yolo_navigator]: [STATUS] mode=WEDGE front=0.41 L=0.44 R=0.58 gap=+0.00 v=+0.05 w=-1.00 personLvl=0
[INFO] [1784723723.864440961] [yolo_navigator]: [STATUS] mode=WEDGE front=0.44 L=0.41 R=0.52 gap=+0.00 v=+0.05 w=+1.00 personLvl=0
[INFO] [1784723724.513916749] [yolo_navigator]: [REVERSE] front=0.31 dir=-1
[INFO] [1784723725.914095774] [yolo_navigator]: [WEDGE] open=+0.05
[INFO] [1784723728.014211766] [yolo_navigator]: [FTG] gap=-0.55 W=1.94
[INFO] [1784723728.167159459] [yolo_navigator]: [ROTATE_OPEN] front=0.39 open=-0.30
[INFO] [1784723728.615080416] [yolo_navigator]: [WEDGE] open=-0.21
[INFO] [1784723728.916164110] [yolo_navigator]: [STATUS] mode=WEDGE front=0.41 L=0.44 R=0.59 gap=+0.00 v=+0.05 w=-1.00 personLvl=0
[INFO] [1784723733.915184732] [yolo_navigator]: [STATUS] mode=WEDGE front=0.53 L=0.41 R=0.53 gap=+0.00 v=+0.05 w=+1.00 personLvl=0
[INFO] [1784723734.663756747] [yolo_navigator]: [REVERSE] front=0.31 dir=-1
[INFO] [1784723736.264428457] [yolo_navigator]: [WEDGE] open=-0.07
[INFO] [1784723738.714559227] [yolo_navigator]: [FTG] gap=-0.55 W=2.03
[INFO] [1784723738.915476664] [yolo_navigator]: [STATUS] mode=FTG front=0.42 L=0.47 R=0.61 gap=-0.62 v=+0.03 w=-0.18 personLvl=0
[INFO] [1784723739.174077522] [yolo_navigator]: [WEDGE] open=-0.24
[INFO] [1784723742.615633731] [yolo_navigator]: [ROTATE_OPEN] front=0.36 open=-0.31
[INFO] [1784723742.664428991] [yolo_navigator]: [WEDGE] open=-0.33
[INFO] [1784723743.919934483] [yolo_navigator]: [STATUS] mode=WEDGE front=0.53 L=0.43 R=0.53 gap=+0.00 v=+0.05 w=+1.00 personLvl=0
[INFO] [1784723745.930813400] [yolo_navigator]: [REVERSE] front=0.31 dir=-1
[INFO] [1784723747.267515108] [yolo_navigator]: [WEDGE] open=+0.05
[INFO] [1784723748.964529055] [yolo_navigator]: [STATUS] mode=WEDGE front=0.46 L=0.46 R=0.58 gap=+0.00 v=+0.05 w=-0.05 personLvl=0
[INFO] [1784723749.364492182] [yolo_navigator]: [ROTATE_OPEN] front=0.39 open=-0.28
[INFO] [1784723749.964425000] [yolo_navigator]: [WEDGE] open=-0.28
[INFO] [1784723753.064905502] [yolo_navigator]: [REVERSE] front=0.32 dir=-1
[INFO] [1784723753.984923839] [yolo_navigator]: [STATUS] mode=REVERSE front=0.35 L=0.39 R=0.56 gap=+0.00 v=-0.30 w=-0.80 personLvl=0
[INFO] [1784723754.264158177] [yolo_navigator]: [WEDGE] open=+0.10
[INFO] [1784723756.514340555] [yolo_navigator]: [ROTATE_OPEN] front=0.35 open=-0.28
[INFO] [1784723757.014190932] [yolo_navigator]: [WEDGE] open=-0.28
[INFO] [1784723759.014291966] [yolo_navigator]: [STATUS] mode=WEDGE front=0.57 L=0.42 R=0.56 gap=+0.00 v=+0.05 w=+1.00 personLvl=0
[INFO] [1784723759.818421275] [yolo_navigator]: [REVERSE] front=0.31 dir=-1
[INFO] [1784723761.213895681] [yolo_navigator]: [WEDGE] open=+0.14
[INFO] [1784723763.514439596] [yolo_navigator]: [REVERSE] front=0.31 dir=-1
[INFO] [1784723763.514961934] [yolo_navigator]: [ESCAPE_NARROW] Στενό/αδιέξοδο (W=0.00 wedged=True failedCommits=0) -> φεύγω (leave=4s), φίλτρο στενών 20s
[INFO] [1784723763.568153713] [yolo_navigator]: [ESCAPE_NARROW] dir=-1
[INFO] [1784723764.046049133] [yolo_navigator]: [STATUS] mode=ESCAPE_NARROW front=0.29 L=0.36 R=0.65 gap=+0.00 v=-0.10 w=-1.00 personLvl=0
[INFO] [1784723766.564582642] [yolo_navigator]: [LEAVE] open=+0.86 front=0.57
[INFO] [1784723769.065558200] [yolo_navigator]: [STATUS] mode=LEAVE front=0.66 L=0.46 R=0.62 gap=+0.00 v=+0.25 w=+0.56 personLvl=0
[INFO] [1784723770.564591739] [yolo_navigator]: [REVERSE] front=0.43 dir=-1
[INFO] [1784723771.764548755] [yolo_navigator]: [WEDGE] cooldown open=+0.23
[INFO] [1784723774.114907814] [yolo_navigator]: [STATUS] mode=WEDGE front=0.46 L=0.45 R=0.50 gap=+0.00 v=+0.00 w=-1.00 personLvl=0
[INFO] [1784723774.365637127] [yolo_navigator]: [FTG] gap=+0.98 W=1.84
[INFO] [1784723776.115139350] [yolo_navigator]: [WEDGE] cooldown open=+0.82
[INFO] [1784723777.564185592] [yolo_navigator]: [FTG] gap=+0.96 W=1.82
[INFO] [1784723779.127386723] [yolo_navigator]: [STATUS] mode=FTG front=0.41 L=0.49 R=0.46 gap=+1.04 v=+0.02 w=+0.81 personLvl=0
[INFO] [1784723779.413858219] [yolo_navigator]: [WEDGE] cooldown open=+0.73
[INFO] [1784723780.864347948] [yolo_navigator]: [FTG] gap=+0.93 W=1.82
[INFO] [1784723781.164087691] [yolo_navigator]: [ROTATE_OPEN] front=0.39 open=+0.94
[INFO] [1784723781.514011733] [yolo_navigator]: [FTG] gap=+1.22 W=1.67
[INFO] [1784723781.764094115] [yolo_navigator]: [ROTATE_OPEN] front=0.40 open=+1.10
[INFO] [1784723782.363788977] [yolo_navigator]: [FTG] gap=+0.95 W=1.81
[INFO] [1784723782.564475554] [yolo_navigator]: [WEDGE] cooldown open=+0.72
[INFO] [1784723784.114881315] [yolo_navigator]: [FTG] gap=+0.93 W=1.81
[INFO] [1784723784.164564828] [yolo_navigator]: [STATUS] mode=FTG front=0.40 L=0.46 R=0.45 gap=+0.93 v=+0.02 w=+0.66 personLvl=0
[INFO] [1784723784.313931635] [yolo_navigator]: [ROTATE_OPEN] front=0.39 open=+0.84
[INFO] [1784723784.664290347] [yolo_navigator]: [WEDGE] open=+0.72
[INFO] [1784723786.413792548] [yolo_navigator]: [REVERSE] front=0.31 dir=-1
[INFO] [1784723787.965028687] [yolo_navigator]: [WEDGE] open=+0.02
[INFO] [1784723789.164596548] [yolo_navigator]: [STATUS] mode=WEDGE front=0.94 L=0.51 R=0.52 gap=+0.00 v=+0.05 w=+1.00 personLvl=0
[INFO] [1784723790.114080280] [yolo_navigator]: [FTG] gap=-0.57 W=2.00
[INFO] [1784723790.364662842] [yolo_navigator]: [WEDGE] open=-0.31
[INFO] [1784723794.165212524] [yolo_navigator]: [STATUS] mode=WEDGE front=0.36 L=0.41 R=0.53 gap=+0.00 v=+0.05 w=-1.00 personLvl=0
[INFO] [1784723796.714246218] [yolo_navigator]: [REVERSE] front=0.31 dir=-1
[INFO] [1784723798.164777015] [yolo_navigator]: [WEDGE] open=+0.02
[INFO] [1784723799.175720390] [yolo_navigator]: [STATUS] mode=WEDGE front=0.79 L=0.50 R=0.52 gap=+0.00 v=+0.05 w=+1.00 personLvl=0
[INFO] [1784723800.514352953] [yolo_navigator]: [ROTATE_OPEN] front=0.39 open=-0.31
[INFO] [1784723800.715514473] [yolo_navigator]: [WEDGE] open=-0.28
[INFO] [1784723804.214948637] [yolo_navigator]: [STATUS] mode=WEDGE front=0.33 L=0.40 R=0.54 gap=+0.00 v=+0.05 w=-1.00 personLvl=0
[INFO] [1784723806.765173732] [yolo_navigator]: [REVERSE] front=0.32 dir=-1
[INFO] [1784723808.414177911] [yolo_navigator]: [WEDGE] open=-0.02
[INFO] [1784723809.226481071] [yolo_navigator]: [STATUS] mode=WEDGE front=0.76 L=0.53 R=0.51 gap=+0.00 v=+0.05 w=+1.00 personLvl=0
[INFO] [1784723810.864289800] [yolo_navigator]: [FTG] gap=-0.55 W=2.14
[INFO] [1784723811.246678668] [yolo_navigator]: [WEDGE] open=-0.28
[INFO] [1784723814.264259555] [yolo_navigator]: [STATUS] mode=WEDGE front=0.37 L=0.42 R=0.54 gap=+0.00 v=+0.05 w=-1.00 personLvl=0
[INFO] [1784723817.464353225] [yolo_navigator]: [REVERSE] front=0.32 dir=-1
[INFO] [1784723818.912656078] [yolo_navigator]: [WEDGE] open=+0.02
[INFO] [1784723819.265094487] [yolo_navigator]: [STATUS] mode=WEDGE front=0.81 L=0.48 R=0.50 gap=+0.00 v=+0.05 w=+1.00 personLvl=0
[INFO] [1784723824.264427435] [yolo_navigator]: [STATUS] mode=WEDGE front=0.43 L=0.44 R=0.54 gap=+0.00 v=+0.05 w=-1.00 personLvl=0
[INFO] [1784723824.564108371] [yolo_navigator]: [SENSOR_STALE] no /scan for 2.5s
[INFO] [1784723829.264461485] [yolo_navigator]: [STATUS] mode=SENSOR_STALE front=0.43 L=0.44 R=0.54 gap=+0.00 v=+0.00 w=+0.00 personLvl=0
[INFO] [1784723834.284352249] [yolo_navigator]: [STATUS] mode=SENSOR_STALE front=0.43 L=0.44 R=0.54 gap=+0.00 v=+0.00 w=+0.00 personLvl=0
[INFO] [1784723839.314029193] [yolo_navigator]: [STATUS] mode=SENSOR_STALE front=0.43 L=0.44 R=0.54 gap=+0.00 v=+0.00 w=+0.00 personLvl=0
[INFO] [1784723844.315012826] [yolo_navigator]: [STATUS] mode=SENSOR_STALE front=0.43 L=0.44 R=0.54 gap=+0.00 v=+0.00 w=+0.00 personLvl=0
[INFO] [1784723849.364108664] [yolo_navigator]: [STATUS] mode=SENSOR_STALE front=0.43 L=0.44 R=0.54 gap=+0.00 v=+0.00 w=+0.00 personLvl=0
[INFO] [1784723854.414435001] [yolo_navigator]: [STATUS] mode=SENSOR_STALE front=0.43 L=0.44 R=0.54 gap=+0.00 v=+0.00 w=+0.00 personLvl=0
[INFO] [1784723859.414436367] [yolo_navigator]: [STATUS] mode=SENSOR_STALE front=0.43 L=0.44 R=0.54 gap=+0.00 v=+0.00 w=+0.00 personLvl=0
[INFO] [1784723864.414986831] [yolo_navigator]: [STATUS] mode=SENSOR_STALE front=0.43 L=0.44 R=0.54 gap=+0.00 v=+0.00 w=+0.00 personLvl=0
[INFO] [1784723869.414851375] [yolo_navigator]: [STATUS] mode=SENSOR_STALE front=0.43 L=0.44 R=0.54 gap=+0.00 v=+0.00 w=+0.00 personLvl=0
[INFO] [1784723874.415257037] [yolo_navigator]: [STATUS] mode=SENSOR_STALE front=0.43 L=0.44 R=0.54 gap=+0.00 v=+0.00 w=+0.00 personLvl=0
[INFO] [1784723879.465086663] [yolo_navigator]: [STATUS] mode=SENSOR_STALE front=0.43 L=0.44 R=0.54 gap=+0.00 v=+0.00 w=+0.00 personLvl=0
[INFO] [1784723884.464863099] [yolo_navigator]: [STATUS] mode=SENSOR_STALE front=0.43 L=0.44 R=0.54 gap=+0.00 v=+0.00 w=+0.00 personLvl=0
[INFO] [1784723889.464440198] [yolo_navigator]: [STATUS] mode=SENSOR_STALE front=0.43 L=0.44 R=0.54 gap=+0.00 v=+0.00 w=+0.00 personLvl=0
[INFO] [1784723894.464677705] [yolo_navigator]: [STATUS] mode=SENSOR_STALE front=0.43 L=0.44 R=0.54 gap=+0.00 v=+0.00 w=+0.00 personLvl=0
[INFO] [1784723899.464899531] [yolo_navigator]: [STATUS] mode=SENSOR_STALE front=0.43 L=0.44 R=0.54 gap=+0.00 v=+0.00 w=+0.00 personLvl=0
[INFO] [1784723904.514847739] [yolo_navigator]: [STATUS] mode=SENSOR_STALE front=0.43 L=0.44 R=0.54 gap=+0.00 v=+0.00 w=+0.00 personLvl=0
[INFO] [1784723909.564827362] [yolo_navigator]: [STATUS] mode=SENSOR_STALE front=0.43 L=0.44 R=0.54 gap=+0.00 v=+0.00 w=+0.00 personLvl=0
[INFO] [1784723914.566569926] [yolo_navigator]: [STATUS] mode=SENSOR_STALE front=0.43 L=0.44 R=0.54 gap=+0.00 v=+0.00 w=+0.00 personLvl=0
[INFO] [1784723919.615778722] [yolo_navigator]: [STATUS] mode=SENSOR_STALE front=0.43 L=0.44 R=0.54 gap=+0.00 v=+0.00 w=+0.00 personLvl=0
[INFO] [1784723924.665156355] [yolo_navigator]: [STATUS] mode=SENSOR_STALE front=0.43 L=0.44 R=0.54 gap=+0.00 v=+0.00 w=+0.00 personLvl=0
[INFO] [1784723929.665990471] [yolo_navigator]: [STATUS] mode=SENSOR_STALE front=0.43 L=0.44 R=0.54 gap=+0.00 v=+0.00 w=+0.00 personLvl=0
[INFO] [1784723934.714995327] [yolo_navigator]: [STATUS] mode=SENSOR_STALE front=0.43 L=0.44 R=0.54 gap=+0.00 v=+0.00 w=+0.00 personLvl=0
[INFO] [1784723939.715923373] [yolo_navigator]: [STATUS] mode=SENSOR_STALE front=0.43 L=0.44 R=0.54 gap=+0.00 v=+0.00 w=+0.00 personLvl=0
[INFO] [1784723944.716094131] [yolo_navigator]: [STATUS] mode=SENSOR_STALE front=0.43 L=0.44 R=0.54 gap=+0.00 v=+0.00 w=+0.00 personLvl=0
[INFO] [1784723949.738162260] [yolo_navigator]: [STATUS] mode=SENSOR_STALE front=0.43 L=0.44 R=0.54 gap=+0.00 v=+0.00 w=+0.00 personLvl=0
[INFO] [1784723954.764812714] [yolo_navigator]: [STATUS] mode=SENSOR_STALE front=0.43 L=0.44 R=0.54 gap=+0.00 v=+0.00 w=+0.00 personLvl=0
[INFO] [1784723959.765311921] [yolo_navigator]: [STATUS] mode=SENSOR_STALE front=0.43 L=0.44 R=0.54 gap=+0.00 v=+0.00 w=+0.00 personLvl=0
[INFO] [1784723964.815675411] [yolo_navigator]: [STATUS] mode=SENSOR_STALE front=0.43 L=0.44 R=0.54 gap=+0.00 v=+0.00 w=+0.00 personLvl=0
[INFO] [1784723969.815333609] [yolo_navigator]: [STATUS] mode=SENSOR_STALE front=0.43 L=0.44 R=0.54 gap=+0.00 v=+0.00 w=+0.00 personLvl=0
[INFO] [1784723974.815170407] [yolo_navigator]: [STATUS] mode=SENSOR_STALE front=0.43 L=0.44 R=0.54 gap=+0.00 v=+0.00 w=+0.00 personLvl=0
[INFO] [1784723979.865037313] [yolo_navigator]: [STATUS] mode=SENSOR_STALE front=0.43 L=0.44 R=0.54 gap=+0.00 v=+0.00 w=+0.00 personLvl=0
[INFO] [1784723984.865161670] [yolo_navigator]: [STATUS] mode=SENSOR_STALE front=0.43 L=0.44 R=0.54 gap=+0.00 v=+0.00 w=+0.00 personLvl=0
[INFO] [1784723989.915187780] [yolo_navigator]: [STATUS] mode=SENSOR_STALE front=0.43 L=0.44 R=0.54 gap=+0.00 v=+0.00 w=+0.00 personLvl=0
[INFO] [1784723994.964275310] [yolo_navigator]: [STATUS] mode=SENSOR_STALE front=0.43 L=0.44 R=0.54 gap=+0.00 v=+0.00 w=+0.00 personLvl=0
[INFO] [1784723999.964902649] [yolo_navigator]: [STATUS] mode=SENSOR_STALE front=0.43 L=0.44 R=0.54 gap=+0.00 v=+0.00 w=+0.00 personLvl=0
[INFO] [1784724004.965658655] [yolo_navigator]: [STATUS] mode=SENSOR_STALE front=0.43 L=0.44 R=0.54 gap=+0.00 v=+0.00 w=+0.00 personLvl=0
[INFO] [1784724010.014970633] [yolo_navigator]: [STATUS] mode=SENSOR_STALE front=0.43 L=0.44 R=0.54 gap=+0.00 v=+0.00 w=+0.00 personLvl=0
[INFO] [1784724015.065407785] [yolo_navigator]: [STATUS] mode=SENSOR_STALE front=0.43 L=0.44 R=0.54 gap=+0.00 v=+0.00 w=+0.00 personLvl=0
[INFO] [1784724020.115071668] [yolo_navigator]: [STATUS] mode=SENSOR_STALE front=0.43 L=0.44 R=0.54 gap=+0.00 v=+0.00 w=+0.00 personLvl=0
[INFO] [1784724025.115013549] [yolo_navigator]: [STATUS] mode=SENSOR_STALE front=0.43 L=0.44 R=0.54 gap=+0.00 v=+0.00 w=+0.00 personLvl=0
[INFO] [1784724030.115447995] [yolo_navigator]: [STATUS] mode=SENSOR_STALE front=0.43 L=0.44 R=0.54 gap=+0.00 v=+0.00 w=+0.00 personLvl=0
[INFO] [1784724035.117771173] [yolo_navigator]: [STATUS] mode=SENSOR_STALE front=0.43 L=0.44 R=0.54 gap=+0.00 v=+0.00 w=+0.00 personLvl=0
[INFO] [1784724040.164479205] [yolo_navigator]: [STATUS] mode=SENSOR_STALE front=0.43 L=0.44 R=0.54 gap=+0.00 v=+0.00 w=+0.00 personLvl=0
[INFO] [1784724045.164748197] [yolo_navigator]: [STATUS] mode=SENSOR_STALE front=0.43 L=0.44 R=0.54 gap=+0.00 v=+0.00 w=+0.00 personLvl=0
[INFO] [1784724050.165168943] [yolo_navigator]: [STATUS] mode=SENSOR_STALE front=0.43 L=0.44 R=0.54 gap=+0.00 v=+0.00 w=+0.00 personLvl=0
[INFO] [1784724055.165697119] [yolo_navigator]: [STATUS] mode=SENSOR_STALE front=0.43 L=0.44 R=0.54 gap=+0.00 v=+0.00 w=+0.00 personLvl=0
[INFO] [1784724060.215301135] [yolo_navigator]: [STATUS] mode=SENSOR_STALE front=0.43 L=0.44 R=0.54 gap=+0.00 v=+0.00 w=+0.00 personLvl=0
[INFO] [1784724065.265645813] [yolo_navigator]: [STATUS] mode=SENSOR_STALE front=0.43 L=0.44 R=0.54 gap=+0.00 v=+0.00 w=+0.00 personLvl=0
[INFO] [1784724070.264992672] [yolo_navigator]: [STATUS] mode=SENSOR_STALE front=0.43 L=0.44 R=0.54 gap=+0.00 v=+0.00 w=+0.00 personLvl=0
[INFO] [1784724075.265300129] [yolo_navigator]: [STATUS] mode=SENSOR_STALE front=0.43 L=0.44 R=0.54 gap=+0.00 v=+0.00 w=+0.00 personLvl=0
[INFO] [1784724080.314809027] [yolo_navigator]: [STATUS] mode=SENSOR_STALE front=0.43 L=0.44 R=0.54 gap=+0.00 v=+0.00 w=+0.00 personLvl=0
[INFO] [1784724085.315008723] [yolo_navigator]: [STATUS] mode=SENSOR_STALE front=0.43 L=0.44 R=0.54 gap=+0.00 v=+0.00 w=+0.00 personLvl=0
[INFO] [1784724090.315469295] [yolo_navigator]: [STATUS] mode=SENSOR_STALE front=0.43 L=0.44 R=0.54 gap=+0.00 v=+0.00 w=+0.00 personLvl=0
[INFO] [1784724095.365142603] [yolo_navigator]: [STATUS] mode=SENSOR_STALE front=0.43 L=0.44 R=0.54 gap=+0.00 v=+0.00 w=+0.00 personLvl=0
[INFO] [1784724100.365563142] [yolo_navigator]: [STATUS] mode=SENSOR_STALE front=0.43 L=0.44 R=0.54 gap=+0.00 v=+0.00 w=+0.00 personLvl=0
[INFO] [1784724105.534912869] [yolo_navigator]: [STATUS] mode=SENSOR_STALE front=0.43 L=0.44 R=0.54 gap=+0.00 v=+0.00 w=+0.00 personLvl=0
[INFO] [1784724110.465045815] [yolo_navigator]: [STATUS] mode=SENSOR_STALE front=0.43 L=0.44 R=0.54 gap=+0.00 v=+0.00 w=+0.00 personLvl=0
[INFO] [1784724115.515019541] [yolo_navigator]: [STATUS] mode=SENSOR_STALE front=0.43 L=0.44 R=0.54 gap=+0.00 v=+0.00 w=+0.00 personLvl=0
[INFO] [1784724120.564950700] [yolo_navigator]: [STATUS] mode=SENSOR_STALE front=0.43 L=0.44 R=0.54 gap=+0.00 v=+0.00 w=+0.00 personLvl=0
[INFO] [1784724125.565035082] [yolo_navigator]: [STATUS] mode=SENSOR_STALE front=0.43 L=0.44 R=0.54 gap=+0.00 v=+0.00 w=+0.00 personLvl=0
[INFO] [1784724130.616028999] [yolo_navigator]: [STATUS] mode=SENSOR_STALE front=0.43 L=0.44 R=0.54 gap=+0.00 v=+0.00 w=+0.00 personLvl=0
[INFO] [1784724135.615643146] [yolo_navigator]: [STATUS] mode=SENSOR_STALE front=0.43 L=0.44 R=0.54 gap=+0.00 v=+0.00 w=+0.00 personLvl=0
[INFO] [1784724140.664924484] [yolo_navigator]: [STATUS] mode=SENSOR_STALE front=0.43 L=0.44 R=0.54 gap=+0.00 v=+0.00 w=+0.00 personLvl=0
[INFO] [1784724145.665884235] [yolo_navigator]: [STATUS] mode=SENSOR_STALE front=0.43 L=0.44 R=0.54 gap=+0.00 v=+0.00 w=+0.00 personLvl=0
[INFO] [1784724150.715344693] [yolo_navigator]: [STATUS] mode=SENSOR_STALE front=0.43 L=0.44 R=0.54 gap=+0.00 v=+0.00 w=+0.00 personLvl=0
[INFO] [1784724155.765151260] [yolo_navigator]: [STATUS] mode=SENSOR_STALE front=0.43 L=0.44 R=0.54 gap=+0.00 v=+0.00 w=+0.00 personLvl=0
[INFO] [1784724160.814831059] [yolo_navigator]: [STATUS] mode=SENSOR_STALE front=0.43 L=0.44 R=0.54 gap=+0.00 v=+0.00 w=+0.00 personLvl=0
[INFO] [1784724165.814931627] [yolo_navigator]: [STATUS] mode=SENSOR_STALE front=0.43 L=0.44 R=0.54 gap=+0.00 v=+0.00 w=+0.00 personLvl=0
[INFO] [1784724170.815221831] [yolo_navigator]: [STATUS] mode=SENSOR_STALE front=0.43 L=0.44 R=0.54 gap=+0.00 v=+0.00 w=+0.00 personLvl=0
[INFO] [1784724175.864842411] [yolo_navigator]: [STATUS] mode=SENSOR_STALE front=0.43 L=0.44 R=0.54 gap=+0.00 v=+0.00 w=+0.00 personLvl=0
[INFO] [1784724180.865755227] [yolo_navigator]: [STATUS] mode=SENSOR_STALE front=0.43 L=0.44 R=0.54 gap=+0.00 v=+0.00 w=+0.00 personLvl=0
[INFO] [1784724185.915449496] [yolo_navigator]: [STATUS] mode=SENSOR_STALE front=0.43 L=0.44 R=0.54 gap=+0.00 v=+0.00 w=+0.00 personLvl=0
[INFO] [1784724190.965845795] [yolo_navigator]: [STATUS] mode=SENSOR_STALE front=0.43 L=0.44 R=0.54 gap=+0.00 v=+0.00 w=+0.00 personLvl=0
[INFO] [1784724196.015489531] [yolo_navigator]: [STATUS] mode=SENSOR_STALE front=0.43 L=0.44 R=0.54 gap=+0.00 v=+0.00 w=+0.00 personLvl=0
[INFO] [1784724201.015653382] [yolo_navigator]: [STATUS] mode=SENSOR_STALE front=0.43 L=0.44 R=0.54 gap=+0.00 v=+0.00 w=+0.00 personLvl=0
[INFO] [1784724206.072479685] [yolo_navigator]: [STATUS] mode=SENSOR_STALE front=0.43 L=0.44 R=0.54 gap=+0.00 v=+0.00 w=+0.00 personLvl=0
[INFO] [1784724211.064918295] [yolo_navigator]: [STATUS] mode=SENSOR_STALE front=0.43 L=0.44 R=0.54 gap=+0.00 v=+0.00 w=+0.00 personLvl=0
[INFO] [1784724216.065846230] [yolo_navigator]: [STATUS] mode=SENSOR_STALE front=0.43 L=0.44 R=0.54 gap=+0.00 v=+0.00 w=+0.00 personLvl=0
[INFO] [1784724221.115300694] [yolo_navigator]: [STATUS] mode=SENSOR_STALE front=0.43 L=0.44 R=0.54 gap=+0.00 v=+0.00 w=+0.00 personLvl=0
[INFO] [1784724226.115452459] [yolo_navigator]: [STATUS] mode=SENSOR_STALE front=0.43 L=0.44 R=0.54 gap=+0.00 v=+0.00 w=+0.00 personLvl=0
[INFO] [1784724231.165116851] [yolo_navigator]: [STATUS] mode=SENSOR_STALE front=0.43 L=0.44 R=0.54 gap=+0.00 v=+0.00 w=+0.00 personLvl=0
[INFO] [1784724236.165322724] [yolo_navigator]: [STATUS] mode=SENSOR_STALE front=0.43 L=0.44 R=0.54 gap=+0.00 v=+0.00 w=+0.00 personLvl=0
[INFO] [1784724241.215042660] [yolo_navigator]: [STATUS] mode=SENSOR_STALE front=0.43 L=0.44 R=0.54 gap=+0.00 v=+0.00 w=+0.00 personLvl=0
[INFO] [1784724246.265529122] [yolo_navigator]: [STATUS] mode=SENSOR_STALE front=0.43 L=0.44 R=0.54 gap=+0.00 v=+0.00 w=+0.00 personLvl=0
[INFO] [1784724251.315564918] [yolo_navigator]: [STATUS] mode=SENSOR_STALE front=0.43 L=0.44 R=0.54 gap=+0.00 v=+0.00 w=+0.00 personLvl=0
[INFO] [1784724256.314969756] [yolo_navigator]: [STATUS] mode=SENSOR_STALE front=0.43 L=0.44 R=0.54 gap=+0.00 v=+0.00 w=+0.00 personLvl=0
[INFO] [1784724261.315904850] [yolo_navigator]: [STATUS] mode=SENSOR_STALE front=0.43 L=0.44 R=0.54 gap=+0.00 v=+0.00 w=+0.00 personLvl=0
[INFO] [1784724266.365113338] [yolo_navigator]: [STATUS] mode=SENSOR_STALE front=0.43 L=0.44 R=0.54 gap=+0.00 v=+0.00 w=+0.00 personLvl=0
[INFO] [1784724271.365136276] [yolo_navigator]: [STATUS] mode=SENSOR_STALE front=0.43 L=0.44 R=0.54 gap=+0.00 v=+0.00 w=+0.00 personLvl=0
[INFO] [1784724276.415612832] [yolo_navigator]: [STATUS] mode=SENSOR_STALE front=0.43 L=0.44 R=0.54 gap=+0.00 v=+0.00 w=+0.00 personLvl=0
[INFO] [1784724281.465305010] [yolo_navigator]: [STATUS] mode=SENSOR_STALE front=0.43 L=0.44 R=0.54 gap=+0.00 v=+0.00 w=+0.00 personLvl=0
[INFO] [1784724286.514922402] [yolo_navigator]: [STATUS] mode=SENSOR_STALE front=0.43 L=0.44 R=0.54 gap=+0.00 v=+0.00 w=+0.00 personLvl=0
[INFO] [1784724291.564875586] [yolo_navigator]: [STATUS] mode=SENSOR_STALE front=0.43 L=0.44 R=0.54 gap=+0.00 v=+0.00 w=+0.00 personLvl=0
[INFO] [1784724296.753992025] [yolo_navigator]: [STATUS] mode=SENSOR_STALE front=0.43 L=0.44 R=0.54 gap=+0.00 v=+0.00 w=+0.00 personLvl=0
[INFO] [1784724301.665330281] [yolo_navigator]: [STATUS] mode=SENSOR_STALE front=0.43 L=0.44 R=0.54 gap=+0.00 v=+0.00 w=+0.00 personLvl=0
[INFO] [1784724306.714935345] [yolo_navigator]: [STATUS] mode=SENSOR_STALE front=0.43 L=0.44 R=0.54 gap=+0.00 v=+0.00 w=+0.00 personLvl=0
[INFO] [1784724311.715239133] [yolo_navigator]: [STATUS] mode=SENSOR_STALE front=0.43 L=0.44 R=0.54 gap=+0.00 v=+0.00 w=+0.00 personLvl=0
[INFO] [1784724316.764966994] [yolo_navigator]: [STATUS] mode=SENSOR_STALE front=0.43 L=0.44 R=0.54 gap=+0.00 v=+0.00 w=+0.00 personLvl=0
[INFO] [1784724321.765193845] [yolo_navigator]: [STATUS] mode=SENSOR_STALE front=0.43 L=0.44 R=0.54 gap=+0.00 v=+0.00 w=+0.00 personLvl=0
[INFO] [1784724326.814582681] [yolo_navigator]: [STATUS] mode=SENSOR_STALE front=0.43 L=0.44 R=0.54 gap=+0.00 v=+0.00 w=+0.00 personLvl=0
[INFO] [1784724331.815061618] [yolo_navigator]: [STATUS] mode=SENSOR_STALE front=0.43 L=0.44 R=0.54 gap=+0.00 v=+0.00 w=+0.00 personLvl=0
[INFO] [1784724336.865606362] [yolo_navigator]: [STATUS] mode=SENSOR_STALE front=0.43 L=0.44 R=0.54 gap=+0.00 v=+0.00 w=+0.00 personLvl=0
[INFO] [1784724341.915335641] [yolo_navigator]: [STATUS] mode=SENSOR_STALE front=0.43 L=0.44 R=0.54 gap=+0.00 v=+0.00 w=+0.00 personLvl=0
[INFO] [1784724346.932158761] [yolo_navigator]: [STATUS] mode=SENSOR_STALE front=0.43 L=0.44 R=0.54 gap=+0.00 v=+0.00 w=+0.00 personLvl=0
[INFO] [1784724352.022763485] [yolo_navigator]: [STATUS] mode=SENSOR_STALE front=0.43 L=0.44 R=0.54 gap=+0.00 v=+0.00 w=+0.00 personLvl=0
[INFO] [1784724357.043529084] [yolo_navigator]: [STATUS] mode=SENSOR_STALE front=0.43 L=0.44 R=0.54 gap=+0.00 v=+0.00 w=+0.00 personLvl=0
[INFO] [1784724362.065019618] [yolo_navigator]: [STATUS] mode=SENSOR_STALE front=0.43 L=0.44 R=0.54 gap=+0.00 v=+0.00 w=+0.00 personLvl=0
[INFO] [1784724367.065020084] [yolo_navigator]: [STATUS] mode=SENSOR_STALE front=0.43 L=0.44 R=0.54 gap=+0.00 v=+0.00 w=+0.00 personLvl=0
[INFO] [1784724372.065338151] [yolo_navigator]: [STATUS] mode=SENSOR_STALE front=0.43 L=0.44 R=0.54 gap=+0.00 v=+0.00 w=+0.00 personLvl=0
[INFO] [1784724377.065306419] [yolo_navigator]: [STATUS] mode=SENSOR_STALE front=0.43 L=0.44 R=0.54 gap=+0.00 v=+0.00 w=+0.00 personLvl=0
[INFO] [1784724382.115003942] [yolo_navigator]: [STATUS] mode=SENSOR_STALE front=0.43 L=0.44 R=0.54 gap=+0.00 v=+0.00 w=+0.00 personLvl=0
[INFO] [1784724387.164342674] [yolo_navigator]: [STATUS] mode=SENSOR_STALE front=0.43 L=0.44 R=0.54 gap=+0.00 v=+0.00 w=+0.00 personLvl=0
[INFO] [1784724392.165055108] [yolo_navigator]: [STATUS] mode=SENSOR_STALE front=0.43 L=0.44 R=0.54 gap=+0.00 v=+0.00 w=+0.00 personLvl=0
[INFO] [1784724397.165529323] [yolo_navigator]: [STATUS] mode=SENSOR_STALE front=0.43 L=0.44 R=0.54 gap=+0.00 v=+0.00 w=+0.00 personLvl=0
[INFO] [1784724402.214637896] [yolo_navigator]: [STATUS] mode=SENSOR_STALE front=0.43 L=0.44 R=0.54 gap=+0.00 v=+0.00 w=+0.00 personLvl=0
[INFO] [1784724407.215051667] [yolo_navigator]: [STATUS] mode=SENSOR_STALE front=0.43 L=0.44 R=0.54 gap=+0.00 v=+0.00 w=+0.00 personLvl=0
[INFO] [1784724412.265778954] [yolo_navigator]: [STATUS] mode=SENSOR_STALE front=0.43 L=0.44 R=0.54 gap=+0.00 v=+0.00 w=+0.00 personLvl=0
[INFO] [1784724417.314832673] [yolo_navigator]: [STATUS] mode=SENSOR_STALE front=0.43 L=0.44 R=0.54 gap=+0.00 v=+0.00 w=+0.00 personLvl=0
[INFO] [1784724422.314942842] [yolo_navigator]: [STATUS] mode=SENSOR_STALE front=0.43 L=0.44 R=0.54 gap=+0.00 v=+0.00 w=+0.00 personLvl=0
[INFO] [1784724427.365005311] [yolo_navigator]: [STATUS] mode=SENSOR_STALE front=0.43 L=0.44 R=0.54 gap=+0.00 v=+0.00 w=+0.00 personLvl=0
[INFO] [1784724432.365412792] [yolo_navigator]: [STATUS] mode=SENSOR_STALE front=0.43 L=0.44 R=0.54 gap=+0.00 v=+0.00 w=+0.00 personLvl=0
[INFO] [1784724437.415861843] [yolo_navigator]: [STATUS] mode=SENSOR_STALE front=0.43 L=0.44 R=0.54 gap=+0.00 v=+0.00 w=+0.00 personLvl=0
[INFO] [1784724442.464788429] [yolo_navigator]: [STATUS] mode=SENSOR_STALE front=0.43 L=0.44 R=0.54 gap=+0.00 v=+0.00 w=+0.00 personLvl=0
[INFO] [1784724447.465523405] [yolo_navigator]: [STATUS] mode=SENSOR_STALE front=0.43 L=0.44 R=0.54 gap=+0.00 v=+0.00 w=+0.00 personLvl=0
[INFO] [1784724452.515673985] [yolo_navigator]: [STATUS] mode=SENSOR_STALE front=0.43 L=0.44 R=0.54 gap=+0.00 v=+0.00 w=+0.00 personLvl=0
[INFO] [1784724457.515065969] [yolo_navigator]: [STATUS] mode=SENSOR_STALE front=0.43 L=0.44 R=0.54 gap=+0.00 v=+0.00 w=+0.00 personLvl=0
[INFO] [1784724462.514985267] [yolo_navigator]: [STATUS] mode=SENSOR_STALE front=0.43 L=0.44 R=0.54 gap=+0.00 v=+0.00 w=+0.00 personLvl=0
[INFO] [1784724467.515657089] [yolo_navigator]: [STATUS] mode=SENSOR_STALE front=0.43 L=0.44 R=0.54 gap=+0.00 v=+0.00 w=+0.00 personLvl=0
[INFO] [1784724472.553695015] [yolo_navigator]: [STATUS] mode=SENSOR_STALE front=0.43 L=0.44 R=0.54 gap=+0.00 v=+0.00 w=+0.00 personLvl=0
[INFO] [1784724477.565115125] [yolo_navigator]: [STATUS] mode=SENSOR_STALE front=0.43 L=0.44 R=0.54 gap=+0.00 v=+0.00 w=+0.00 personLvl=0
[INFO] [1784724482.615478681] [yolo_navigator]: [STATUS] mode=SENSOR_STALE front=0.43 L=0.44 R=0.54 gap=+0.00 v=+0.00 w=+0.00 personLvl=0
[INFO] [1784724487.664988243] [yolo_navigator]: [STATUS] mode=SENSOR_STALE front=0.43 L=0.44 R=0.54 gap=+0.00 v=+0.00 w=+0.00 personLvl=0
[INFO] [1784724492.715062698] [yolo_navigator]: [STATUS] mode=SENSOR_STALE front=0.43 L=0.44 R=0.54 gap=+0.00 v=+0.00 w=+0.00 personLvl=0
[INFO] [1784724497.765118332] [yolo_navigator]: [STATUS] mode=SENSOR_STALE front=0.43 L=0.44 R=0.54 gap=+0.00 v=+0.00 w=+0.00 personLvl=0
[INFO] [1784724502.765350231] [yolo_navigator]: [STATUS] mode=SENSOR_STALE front=0.43 L=0.44 R=0.54 gap=+0.00 v=+0.00 w=+0.00 personLvl=0
[INFO] [1784724507.814345265] [yolo_navigator]: [STATUS] mode=SENSOR_STALE front=0.43 L=0.44 R=0.54 gap=+0.00 v=+0.00 w=+0.00 personLvl=0
[INFO] [1784724512.815141918] [yolo_navigator]: [STATUS] mode=SENSOR_STALE front=0.43 L=0.44 R=0.54 gap=+0.00 v=+0.00 w=+0.00 personLvl=0
[INFO] [1784724517.865099741] [yolo_navigator]: [STATUS] mode=SENSOR_STALE front=0.43 L=0.44 R=0.54 gap=+0.00 v=+0.00 w=+0.00 personLvl=0
[INFO] [1784724522.865285173] [yolo_navigator]: [STATUS] mode=SENSOR_STALE front=0.43 L=0.44 R=0.54 gap=+0.00 v=+0.00 w=+0.00 personLvl=0
[INFO] [1784724527.865524561] [yolo_navigator]: [STATUS] mode=SENSOR_STALE front=0.43 L=0.44 R=0.54 gap=+0.00 v=+0.00 w=+0.00 personLvl=0
[INFO] [1784724532.870935148] [yolo_navigator]: [STATUS] mode=SENSOR_STALE front=0.43 L=0.44 R=0.54 gap=+0.00 v=+0.00 w=+0.00 personLvl=0
[INFO] [1784724537.915121968] [yolo_navigator]: [STATUS] mode=SENSOR_STALE front=0.43 L=0.44 R=0.54 gap=+0.00 v=+0.00 w=+0.00 personLvl=0
[INFO] [1784724542.949835134] [yolo_navigator]: [STATUS] mode=SENSOR_STALE front=0.43 L=0.44 R=0.54 gap=+0.00 v=+0.00 w=+0.00 personLvl=0
[INFO] [1784724547.964804522] [yolo_navigator]: [STATUS] mode=SENSOR_STALE front=0.43 L=0.44 R=0.54 gap=+0.00 v=+0.00 w=+0.00 personLvl=0
[INFO] [1784724553.105541406] [yolo_navigator]: [STATUS] mode=SENSOR_STALE front=0.43 L=0.44 R=0.54 gap=+0.00 v=+0.00 w=+0.00 personLvl=0
[INFO] [1784724558.065325658] [yolo_navigator]: [STATUS] mode=SENSOR_STALE front=0.43 L=0.44 R=0.54 gap=+0.00 v=+0.00 w=+0.00 personLvl=0
[INFO] [1784724563.114633080] [yolo_navigator]: [STATUS] mode=SENSOR_STALE front=0.43 L=0.44 R=0.54 gap=+0.00 v=+0.00 w=+0.00 personLvl=0
[INFO] [1784724568.165055792] [yolo_navigator]: [STATUS] mode=SENSOR_STALE front=0.43 L=0.44 R=0.54 gap=+0.00 v=+0.00 w=+0.00 personLvl=0
[INFO] [1784724573.214505557] [yolo_navigator]: [STATUS] mode=SENSOR_STALE front=0.43 L=0.44 R=0.54 gap=+0.00 v=+0.00 w=+0.00 personLvl=0
[INFO] [1784724578.214535505] [yolo_navigator]: [STATUS] mode=SENSOR_STALE front=0.43 L=0.44 R=0.54 gap=+0.00 v=+0.00 w=+0.00 personLvl=0
[INFO] [1784724583.215120831] [yolo_navigator]: [STATUS] mode=SENSOR_STALE front=0.43 L=0.44 R=0.54 gap=+0.00 v=+0.00 w=+0.00 personLvl=0
[INFO] [1784724588.215020548] [yolo_navigator]: [STATUS] mode=SENSOR_STALE front=0.43 L=0.44 R=0.54 gap=+0.00 v=+0.00 w=+0.00 personLvl=0
[INFO] [1784724593.215109485] [yolo_navigator]: [STATUS] mode=SENSOR_STALE front=0.43 L=0.44 R=0.54 gap=+0.00 v=+0.00 w=+0.00 personLvl=0
[INFO] [1784724598.265078557] [yolo_navigator]: [STATUS] mode=SENSOR_STALE front=0.43 L=0.44 R=0.54 gap=+0.00 v=+0.00 w=+0.00 personLvl=0
[INFO] [1784724603.315131053] [yolo_navigator]: [STATUS] mode=SENSOR_STALE front=0.43 L=0.44 R=0.54 gap=+0.00 v=+0.00 w=+0.00 personLvl=0
[INFO] [1784724608.315070216] [yolo_navigator]: [STATUS] mode=SENSOR_STALE front=0.43 L=0.44 R=0.54 gap=+0.00 v=+0.00 w=+0.00 personLvl=0
[INFO] [1784724613.315070965] [yolo_navigator]: [STATUS] mode=SENSOR_STALE front=0.43 L=0.44 R=0.54 gap=+0.00 v=+0.00 w=+0.00 personLvl=0
[INFO] [1784724618.315935510] [yolo_navigator]: [STATUS] mode=SENSOR_STALE front=0.43 L=0.44 R=0.54 gap=+0.00 v=+0.00 w=+0.00 personLvl=0
[INFO] [1784724623.364962495] [yolo_navigator]: [STATUS] mode=SENSOR_STALE front=0.43 L=0.44 R=0.54 gap=+0.00 v=+0.00 w=+0.00 personLvl=0
[INFO] [1784724628.425674914] [yolo_navigator]: [STATUS] mode=SENSOR_STALE front=0.43 L=0.44 R=0.54 gap=+0.00 v=+0.00 w=+0.00 personLvl=0
[INFO] [1784724633.429220405] [yolo_navigator]: [STATUS] mode=SENSOR_STALE front=0.43 L=0.44 R=0.54 gap=+0.00 v=+0.00 w=+0.00 personLvl=0
[INFO] [1784724638.480414505] [yolo_navigator]: [STATUS] mode=SENSOR_STALE front=0.43 L=0.44 R=0.54 gap=+0.00 v=+0.00 w=+0.00 personLvl=0
[INFO] [1784724643.508020057] [yolo_navigator]: [STATUS] mode=SENSOR_STALE front=0.43 L=0.44 R=0.54 gap=+0.00 v=+0.00 w=+0.00 personLvl=0
[INFO] [1784724648.515528825] [yolo_navigator]: [STATUS] mode=SENSOR_STALE front=0.43 L=0.44 R=0.54 gap=+0.00 v=+0.00 w=+0.00 personLvl=0
[INFO] [1784724653.515419405] [yolo_navigator]: [STATUS] mode=SENSOR_STALE front=0.43 L=0.44 R=0.54 gap=+0.00 v=+0.00 w=+0.00 personLvl=0
[INFO] [1784724658.565024662] [yolo_navigator]: [STATUS] mode=SENSOR_STALE front=0.43 L=0.44 R=0.54 gap=+0.00 v=+0.00 w=+0.00 personLvl=0
[INFO] [1784724663.565052271] [yolo_navigator]: [STATUS] mode=SENSOR_STALE front=0.43 L=0.44 R=0.54 gap=+0.00 v=+0.00 w=+0.00 personLvl=0
[INFO] [1784724668.565191735] [yolo_navigator]: [STATUS] mode=SENSOR_STALE front=0.43 L=0.44 R=0.54 gap=+0.00 v=+0.00 w=+0.00 personLvl=0
[INFO] [1784724673.565092915] [yolo_navigator]: [STATUS] mode=SENSOR_STALE front=0.43 L=0.44 R=0.54 gap=+0.00 v=+0.00 w=+0.00 personLvl=0
[INFO] [1784724678.630464431] [yolo_navigator]: [STATUS] mode=SENSOR_STALE front=0.43 L=0.44 R=0.54 gap=+0.00 v=+0.00 w=+0.00 personLvl=0
[INFO] [1784724683.665123595] [yolo_navigator]: [STATUS] mode=SENSOR_STALE front=0.43 L=0.44 R=0.54 gap=+0.00 v=+0.00 w=+0.00 personLvl=0
[INFO] [1784724688.714884488] [yolo_navigator]: [STATUS] mode=SENSOR_STALE front=0.43 L=0.44 R=0.54 gap=+0.00 v=+0.00 w=+0.00 personLvl=0
[INFO] [1784724693.715411643] [yolo_navigator]: [STATUS] mode=SENSOR_STALE front=0.43 L=0.44 R=0.54 gap=+0.00 v=+0.00 w=+0.00 personLvl=0
[INFO] [1784724698.783392439] [yolo_navigator]: [STATUS] mode=SENSOR_STALE front=0.43 L=0.44 R=0.54 gap=+0.00 v=+0.00 w=+0.00 personLvl=0
[INFO] [1784724703.815056991] [yolo_navigator]: [STATUS] mode=SENSOR_STALE front=0.43 L=0.44 R=0.54 gap=+0.00 v=+0.00 w=+0.00 personLvl=0
[INFO] [1784724708.865166270] [yolo_navigator]: [STATUS] mode=SENSOR_STALE front=0.43 L=0.44 R=0.54 gap=+0.00 v=+0.00 w=+0.00 personLvl=0
[INFO] [1784724713.865189065] [yolo_navigator]: [STATUS] mode=SENSOR_STALE front=0.43 L=0.44 R=0.54 gap=+0.00 v=+0.00 w=+0.00 personLvl=0
[INFO] [1784724718.919099334] [yolo_navigator]: [STATUS] mode=SENSOR_STALE front=0.43 L=0.44 R=0.54 gap=+0.00 v=+0.00 w=+0.00 personLvl=0
[INFO] [1784724723.915045586] [yolo_navigator]: [STATUS] mode=SENSOR_STALE front=0.43 L=0.44 R=0.54 gap=+0.00 v=+0.00 w=+0.00 personLvl=0
[INFO] [1784724728.953530955] [yolo_navigator]: [STATUS] mode=SENSOR_STALE front=0.43 L=0.44 R=0.54 gap=+0.00 v=+0.00 w=+0.00 personLvl=0
[INFO] [1784724733.965500587] [yolo_navigator]: [STATUS] mode=SENSOR_STALE front=0.43 L=0.44 R=0.54 gap=+0.00 v=+0.00 w=+0.00 personLvl=0
[INFO] [1784724739.015205808] [yolo_navigator]: [STATUS] mode=SENSOR_STALE front=0.43 L=0.44 R=0.54 gap=+0.00 v=+0.00 w=+0.00 personLvl=0
[INFO] [1784724744.064959034] [yolo_navigator]: [STATUS] mode=SENSOR_STALE front=0.43 L=0.44 R=0.54 gap=+0.00 v=+0.00 w=+0.00 personLvl=0
[INFO] [1784724749.066009867] [yolo_navigator]: [STATUS] mode=SENSOR_STALE front=0.43 L=0.44 R=0.54 gap=+0.00 v=+0.00 w=+0.00 personLvl=0
[INFO] [1784724754.115116122] [yolo_navigator]: [STATUS] mode=SENSOR_STALE front=0.43 L=0.44 R=0.54 gap=+0.00 v=+0.00 w=+0.00 personLvl=0
[INFO] [1784724759.115324581] [yolo_navigator]: [STATUS] mode=SENSOR_STALE front=0.43 L=0.44 R=0.54 gap=+0.00 v=+0.00 w=+0.00 personLvl=0
[INFO] [1784724764.128192532] [yolo_navigator]: [STATUS] mode=SENSOR_STALE front=0.43 L=0.44 R=0.54 gap=+0.00 v=+0.00 w=+0.00 personLvl=0
[INFO] [1784724769.165024581] [yolo_navigator]: [STATUS] mode=SENSOR_STALE front=0.43 L=0.44 R=0.54 gap=+0.00 v=+0.00 w=+0.00 personLvl=0
[INFO] [1784724774.215215182] [yolo_navigator]: [STATUS] mode=SENSOR_STALE front=0.43 L=0.44 R=0.54 gap=+0.00 v=+0.00 w=+0.00 personLvl=0
[INFO] [1784724779.264618902] [yolo_navigator]: [STATUS] mode=SENSOR_STALE front=0.43 L=0.44 R=0.54 gap=+0.00 v=+0.00 w=+0.00 personLvl=0
[INFO] [1784724784.264908972] [yolo_navigator]: [STATUS] mode=SENSOR_STALE front=0.43 L=0.44 R=0.54 gap=+0.00 v=+0.00 w=+0.00 personLvl=0
[INFO] [1784724789.265317841] [yolo_navigator]: [STATUS] mode=SENSOR_STALE front=0.43 L=0.44 R=0.54 gap=+0.00 v=+0.00 w=+0.00 personLvl=0
[INFO] [1784724794.265835544] [yolo_navigator]: [STATUS] mode=SENSOR_STALE front=0.43 L=0.44 R=0.54 gap=+0.00 v=+0.00 w=+0.00 personLvl=0
[INFO] [1784724799.315628181] [yolo_navigator]: [STATUS] mode=SENSOR_STALE front=0.43 L=0.44 R=0.54 gap=+0.00 v=+0.00 w=+0.00 personLvl=0
[INFO] [1784724804.369450111] [yolo_navigator]: [STATUS] mode=SENSOR_STALE front=0.43 L=0.44 R=0.54 gap=+0.00 v=+0.00 w=+0.00 personLvl=0
[INFO] [1784724809.415125546] [yolo_navigator]: [STATUS] mode=SENSOR_STALE front=0.43 L=0.44 R=0.54 gap=+0.00 v=+0.00 w=+0.00 personLvl=0
[INFO] [1784724814.464483488] [yolo_navigator]: [STATUS] mode=SENSOR_STALE front=0.43 L=0.44 R=0.54 gap=+0.00 v=+0.00 w=+0.00 personLvl=0
[INFO] [1784724819.514676797] [yolo_navigator]: [STATUS] mode=SENSOR_STALE front=0.43 L=0.44 R=0.54 gap=+0.00 v=+0.00 w=+0.00 personLvl=0
[INFO] [1784724824.515062806] [yolo_navigator]: [STATUS] mode=SENSOR_STALE front=0.43 L=0.44 R=0.54 gap=+0.00 v=+0.00 w=+0.00 personLvl=0
[INFO] [1784724829.515156946] [yolo_navigator]: [STATUS] mode=SENSOR_STALE front=0.43 L=0.44 R=0.54 gap=+0.00 v=+0.00 w=+0.00 personLvl=0
[INFO] [1784724834.565227079] [yolo_navigator]: [STATUS] mode=SENSOR_STALE front=0.43 L=0.44 R=0.54 gap=+0.00 v=+0.00 w=+0.00 personLvl=0
[INFO] [1784724839.615065557] [yolo_navigator]: [STATUS] mode=SENSOR_STALE front=0.43 L=0.44 R=0.54 gap=+0.00 v=+0.00 w=+0.00 personLvl=0
[INFO] [1784724844.671909195] [yolo_navigator]: [STATUS] mode=SENSOR_STALE front=0.43 L=0.44 R=0.54 gap=+0.00 v=+0.00 w=+0.00 personLvl=0
[INFO] [1784724849.714856316] [yolo_navigator]: [STATUS] mode=SENSOR_STALE front=0.43 L=0.44 R=0.54 gap=+0.00 v=+0.00 w=+0.00 personLvl=0
[INFO] [1784724854.714779079] [yolo_navigator]: [STATUS] mode=SENSOR_STALE front=0.43 L=0.44 R=0.54 gap=+0.00 v=+0.00 w=+0.00 personLvl=0
[INFO] [1784724859.765008141] [yolo_navigator]: [STATUS] mode=SENSOR_STALE front=0.43 L=0.44 R=0.54 gap=+0.00 v=+0.00 w=+0.00 personLvl=0
[INFO] [1784724864.765047390] [yolo_navigator]: [STATUS] mode=SENSOR_STALE front=0.43 L=0.44 R=0.54 gap=+0.00 v=+0.00 w=+0.00 personLvl=0
[INFO] [1784724869.765173489] [yolo_navigator]: [STATUS] mode=SENSOR_STALE front=0.43 L=0.44 R=0.54 gap=+0.00 v=+0.00 w=+0.00 personLvl=0
[INFO] [1784724874.815387397] [yolo_navigator]: [STATUS] mode=SENSOR_STALE front=0.43 L=0.44 R=0.54 gap=+0.00 v=+0.00 w=+0.00 personLvl=0
[INFO] [1784724879.864991574] [yolo_navigator]: [STATUS] mode=SENSOR_STALE front=0.43 L=0.44 R=0.54 gap=+0.00 v=+0.00 w=+0.00 personLvl=0
[INFO] [1784724884.914985339] [yolo_navigator]: [STATUS] mode=SENSOR_STALE front=0.43 L=0.44 R=0.54 gap=+0.00 v=+0.00 w=+0.00 personLvl=0
[INFO] [1784724889.915829938] [yolo_navigator]: [STATUS] mode=SENSOR_STALE front=0.43 L=0.44 R=0.54 gap=+0.00 v=+0.00 w=+0.00 personLvl=0
[INFO] [1784724894.915282469] [yolo_navigator]: [STATUS] mode=SENSOR_STALE front=0.43 L=0.44 R=0.54 gap=+0.00 v=+0.00 w=+0.00 personLvl=0
[INFO] [1784724899.965073099] [yolo_navigator]: [STATUS] mode=SENSOR_STALE front=0.43 L=0.44 R=0.54 gap=+0.00 v=+0.00 w=+0.00 personLvl=0
[INFO] [1784724904.980810735] [yolo_navigator]: [STATUS] mode=SENSOR_STALE front=0.43 L=0.44 R=0.54 gap=+0.00 v=+0.00 w=+0.00 personLvl=0
[INFO] [1784724910.015090485] [yolo_navigator]: [STATUS] mode=SENSOR_STALE front=0.43 L=0.44 R=0.54 gap=+0.00 v=+0.00 w=+0.00 personLvl=0
[INFO] [1784724915.015049347] [yolo_navigator]: [STATUS] mode=SENSOR_STALE front=0.43 L=0.44 R=0.54 gap=+0.00 v=+0.00 w=+0.00 personLvl=0
[INFO] [1784724920.064702626] [yolo_navigator]: [STATUS] mode=SENSOR_STALE front=0.43 L=0.44 R=0.54 gap=+0.00 v=+0.00 w=+0.00 personLvl=0
[INFO] [1784724925.115168290] [yolo_navigator]: [STATUS] mode=SENSOR_STALE front=0.43 L=0.44 R=0.54 gap=+0.00 v=+0.00 w=+0.00 personLvl=0
[INFO] [1784724930.165099020] [yolo_navigator]: [STATUS] mode=SENSOR_STALE front=0.43 L=0.44 R=0.54 gap=+0.00 v=+0.00 w=+0.00 personLvl=0
[INFO] [1784724935.165015130] [yolo_navigator]: [STATUS] mode=SENSOR_STALE front=0.43 L=0.44 R=0.54 gap=+0.00 v=+0.00 w=+0.00 personLvl=0
[INFO] [1784724940.214950977] [yolo_navigator]: [STATUS] mode=SENSOR_STALE front=0.43 L=0.44 R=0.54 gap=+0.00 v=+0.00 w=+0.00 personLvl=0
[INFO] [1784724945.265071528] [yolo_navigator]: [STATUS] mode=SENSOR_STALE front=0.43 L=0.44 R=0.54 gap=+0.00 v=+0.00 w=+0.00 personLvl=0
[INFO] [1784724950.315091703] [yolo_navigator]: [STATUS] mode=SENSOR_STALE front=0.43 L=0.44 R=0.54 gap=+0.00 v=+0.00 w=+0.00 personLvl=0
[INFO] [1784724955.365195050] [yolo_navigator]: [STATUS] mode=SENSOR_STALE front=0.43 L=0.44 R=0.54 gap=+0.00 v=+0.00 w=+0.00 personLvl=0
[INFO] [1784724960.365825413] [yolo_navigator]: [STATUS] mode=SENSOR_STALE front=0.43 L=0.44 R=0.54 gap=+0.00 v=+0.00 w=+0.00 personLvl=0
[INFO] [1784724965.438332673] [yolo_navigator]: [STATUS] mode=SENSOR_STALE front=0.43 L=0.44 R=0.54 gap=+0.00 v=+0.00 w=+0.00 personLvl=0
[INFO] [1784724970.465118530] [yolo_navigator]: [STATUS] mode=SENSOR_STALE front=0.43 L=0.44 R=0.54 gap=+0.00 v=+0.00 w=+0.00 personLvl=0
[INFO] [1784724975.515645409] [yolo_navigator]: [STATUS] mode=SENSOR_STALE front=0.43 L=0.44 R=0.54 gap=+0.00 v=+0.00 w=+0.00 personLvl=0
[INFO] [1784724980.565114636] [yolo_navigator]: [STATUS] mode=SENSOR_STALE front=0.43 L=0.44 R=0.54 gap=+0.00 v=+0.00 w=+0.00 personLvl=0
[INFO] [1784724985.564816530] [yolo_navigator]: [STATUS] mode=SENSOR_STALE front=0.43 L=0.44 R=0.54 gap=+0.00 v=+0.00 w=+0.00 personLvl=0
[INFO] [1784724990.595610295] [yolo_navigator]: [STATUS] mode=SENSOR_STALE front=0.43 L=0.44 R=0.54 gap=+0.00 v=+0.00 w=+0.00 personLvl=0
[INFO] [1784724995.614120613] [yolo_navigator]: [STATUS] mode=SENSOR_STALE front=0.43 L=0.44 R=0.54 gap=+0.00 v=+0.00 w=+0.00 personLvl=0
[INFO] [1784725000.615031131] [yolo_navigator]: [STATUS] mode=SENSOR_STALE front=0.43 L=0.44 R=0.54 gap=+0.00 v=+0.00 w=+0.00 personLvl=0
[INFO] [1784725005.665099040] [yolo_navigator]: [STATUS] mode=SENSOR_STALE front=0.43 L=0.44 R=0.54 gap=+0.00 v=+0.00 w=+0.00 personLvl=0
[INFO] [1784725010.714997279] [yolo_navigator]: [STATUS] mode=SENSOR_STALE front=0.43 L=0.44 R=0.54 gap=+0.00 v=+0.00 w=+0.00 personLvl=0
[INFO] [1784725015.765156542] [yolo_navigator]: [STATUS] mode=SENSOR_STALE front=0.43 L=0.44 R=0.54 gap=+0.00 v=+0.00 w=+0.00 personLvl=0
[INFO] [1784725020.814963591] [yolo_navigator]: [STATUS] mode=SENSOR_STALE front=0.43 L=0.44 R=0.54 gap=+0.00 v=+0.00 w=+0.00 personLvl=0
[INFO] [1784725025.815300654] [yolo_navigator]: [STATUS] mode=SENSOR_STALE front=0.43 L=0.44 R=0.54 gap=+0.00 v=+0.00 w=+0.00 personLvl=0
[INFO] [1784725030.865178993] [yolo_navigator]: [STATUS] mode=SENSOR_STALE front=0.43 L=0.44 R=0.54 gap=+0.00 v=+0.00 w=+0.00 personLvl=0
[INFO] [1784725035.865098778] [yolo_navigator]: [STATUS] mode=SENSOR_STALE front=0.43 L=0.44 R=0.54 gap=+0.00 v=+0.00 w=+0.00 personLvl=0
[INFO] [1784725040.865311153] [yolo_navigator]: [STATUS] mode=SENSOR_STALE front=0.43 L=0.44 R=0.54 gap=+0.00 v=+0.00 w=+0.00 personLvl=0
[INFO] [1784725045.914167207] [yolo_navigator]: [STATUS] mode=SENSOR_STALE front=0.43 L=0.44 R=0.54 gap=+0.00 v=+0.00 w=+0.00 personLvl=0
[INFO] [1784725050.914526782] [yolo_navigator]: [STATUS] mode=SENSOR_STALE front=0.43 L=0.44 R=0.54 gap=+0.00 v=+0.00 w=+0.00 personLvl=0
[INFO] [1784725055.914683219] [yolo_navigator]: [STATUS] mode=SENSOR_STALE front=0.43 L=0.44 R=0.54 gap=+0.00 v=+0.00 w=+0.00 personLvl=0
[INFO] [1784725060.914871885] [yolo_navigator]: [STATUS] mode=SENSOR_STALE front=0.43 L=0.44 R=0.54 gap=+0.00 v=+0.00 w=+0.00 personLvl=0
[INFO] [1784725065.965220524] [yolo_navigator]: [STATUS] mode=SENSOR_STALE front=0.43 L=0.44 R=0.54 gap=+0.00 v=+0.00 w=+0.00 personLvl=0
[INFO] [1784725071.014503211] [yolo_navigator]: [STATUS] mode=SENSOR_STALE front=0.43 L=0.44 R=0.54 gap=+0.00 v=+0.00 w=+0.00 personLvl=0
[INFO] [1784725076.015011836] [yolo_navigator]: [STATUS] mode=SENSOR_STALE front=0.43 L=0.44 R=0.54 gap=+0.00 v=+0.00 w=+0.00 personLvl=0
[INFO] [1784725081.065231696] [yolo_navigator]: [STATUS] mode=SENSOR_STALE front=0.43 L=0.44 R=0.54 gap=+0.00 v=+0.00 w=+0.00 personLvl=0
[INFO] [1784725086.114556901] [yolo_navigator]: [STATUS] mode=SENSOR_STALE front=0.43 L=0.44 R=0.54 gap=+0.00 v=+0.00 w=+0.00 personLvl=0
[INFO] [1784725091.115310687] [yolo_navigator]: [STATUS] mode=SENSOR_STALE front=0.43 L=0.44 R=0.54 gap=+0.00 v=+0.00 w=+0.00 personLvl=0
[INFO] [1784725096.164844313] [yolo_navigator]: [STATUS] mode=SENSOR_STALE front=0.43 L=0.44 R=0.54 gap=+0.00 v=+0.00 w=+0.00 personLvl=0
[INFO] [1784725101.165329899] [yolo_navigator]: [STATUS] mode=SENSOR_STALE front=0.43 L=0.44 R=0.54 gap=+0.00 v=+0.00 w=+0.00 personLvl=0
[INFO] [1784725106.215909361] [yolo_navigator]: [STATUS] mode=SENSOR_STALE front=0.43 L=0.44 R=0.54 gap=+0.00 v=+0.00 w=+0.00 personLvl=0
[INFO] [1784725111.265133320] [yolo_navigator]: [STATUS] mode=SENSOR_STALE front=0.43 L=0.44 R=0.54 gap=+0.00 v=+0.00 w=+0.00 personLvl=0
[INFO] [1784725116.315687375] [yolo_navigator]: [STATUS] mode=SENSOR_STALE front=0.43 L=0.44 R=0.54 gap=+0.00 v=+0.00 w=+0.00 personLvl=0
[INFO] [1784725121.365206921] [yolo_navigator]: [STATUS] mode=SENSOR_STALE front=0.43 L=0.44 R=0.54 gap=+0.00 v=+0.00 w=+0.00 personLvl=0
[INFO] [1784725126.415968195] [yolo_navigator]: [STATUS] mode=SENSOR_STALE front=0.43 L=0.44 R=0.54 gap=+0.00 v=+0.00 w=+0.00 personLvl=0
[INFO] [1784725131.415528609] [yolo_navigator]: [STATUS] mode=SENSOR_STALE front=0.43 L=0.44 R=0.54 gap=+0.00 v=+0.00 w=+0.00 personLvl=0
[INFO] [1784725136.465579313] [yolo_navigator]: [STATUS] mode=SENSOR_STALE front=0.43 L=0.44 R=0.54 gap=+0.00 v=+0.00 w=+0.00 personLvl=0
[INFO] [1784725141.465711471] [yolo_navigator]: [STATUS] mode=SENSOR_STALE front=0.43 L=0.44 R=0.54 gap=+0.00 v=+0.00 w=+0.00 personLvl=0
[INFO] [1784725146.514880689] [yolo_navigator]: [STATUS] mode=SENSOR_STALE front=0.43 L=0.44 R=0.54 gap=+0.00 v=+0.00 w=+0.00 personLvl=0
[INFO] [1784725151.515174531] [yolo_navigator]: [STATUS] mode=SENSOR_STALE front=0.43 L=0.44 R=0.54 gap=+0.00 v=+0.00 w=+0.00 personLvl=0
[INFO] [1784725156.564287956] [yolo_navigator]: [STATUS] mode=SENSOR_STALE front=0.43 L=0.44 R=0.54 gap=+0.00 v=+0.00 w=+0.00 personLvl=0
[INFO] [1784725161.565003110] [yolo_navigator]: [STATUS] mode=SENSOR_STALE front=0.43 L=0.44 R=0.54 gap=+0.00 v=+0.00 w=+0.00 personLvl=0
[INFO] [1784725166.565192646] [yolo_navigator]: [STATUS] mode=SENSOR_STALE front=0.43 L=0.44 R=0.54 gap=+0.00 v=+0.00 w=+0.00 personLvl=0
[INFO] [1784725171.565383894] [yolo_navigator]: [STATUS] mode=SENSOR_STALE front=0.43 L=0.44 R=0.54 gap=+0.00 v=+0.00 w=+0.00 personLvl=0
[INFO] [1784725176.614860535] [yolo_navigator]: [STATUS] mode=SENSOR_STALE front=0.43 L=0.44 R=0.54 gap=+0.00 v=+0.00 w=+0.00 personLvl=0
[INFO] [1784725181.615114156] [yolo_navigator]: [STATUS] mode=SENSOR_STALE front=0.43 L=0.44 R=0.54 gap=+0.00 v=+0.00 w=+0.00 personLvl=0
[INFO] [1784725186.664777530] [yolo_navigator]: [STATUS] mode=SENSOR_STALE front=0.43 L=0.44 R=0.54 gap=+0.00 v=+0.00 w=+0.00 personLvl=0
[INFO] [1784725191.664979424] [yolo_navigator]: [STATUS] mode=SENSOR_STALE front=0.43 L=0.44 R=0.54 gap=+0.00 v=+0.00 w=+0.00 personLvl=0
[INFO] [1784725196.714828462] [yolo_navigator]: [STATUS] mode=SENSOR_STALE front=0.43 L=0.44 R=0.54 gap=+0.00 v=+0.00 w=+0.00 personLvl=0
[INFO] [1784725201.714863001] [yolo_navigator]: [STATUS] mode=SENSOR_STALE front=0.43 L=0.44 R=0.54 gap=+0.00 v=+0.00 w=+0.00 personLvl=0
[INFO] [1784725206.715059942] [yolo_navigator]: [STATUS] mode=SENSOR_STALE front=0.43 L=0.44 R=0.54 gap=+0.00 v=+0.00 w=+0.00 personLvl=0
[INFO] [1784725211.715553126] [yolo_navigator]: [STATUS] mode=SENSOR_STALE front=0.43 L=0.44 R=0.54 gap=+0.00 v=+0.00 w=+0.00 personLvl=0
[INFO] [1784725216.764551633] [yolo_navigator]: [STATUS] mode=SENSOR_STALE front=0.43 L=0.44 R=0.54 gap=+0.00 v=+0.00 w=+0.00 personLvl=0
[INFO] [1784725221.765494622] [yolo_navigator]: [STATUS] mode=SENSOR_STALE front=0.43 L=0.44 R=0.54 gap=+0.00 v=+0.00 w=+0.00 personLvl=0
[INFO] [1784725226.814594688] [yolo_navigator]: [STATUS] mode=SENSOR_STALE front=0.43 L=0.44 R=0.54 gap=+0.00 v=+0.00 w=+0.00 personLvl=0
[INFO] [1784725231.865507359] [yolo_navigator]: [STATUS] mode=SENSOR_STALE front=0.43 L=0.44 R=0.54 gap=+0.00 v=+0.00 w=+0.00 personLvl=0
[INFO] [1784725236.865459687] [yolo_navigator]: [STATUS] mode=SENSOR_STALE front=0.43 L=0.44 R=0.54 gap=+0.00 v=+0.00 w=+0.00 personLvl=0
[INFO] [1784725241.915401853] [yolo_navigator]: [STATUS] mode=SENSOR_STALE front=0.43 L=0.44 R=0.54 gap=+0.00 v=+0.00 w=+0.00 personLvl=0
[INFO] [1784725246.965012981] [yolo_navigator]: [STATUS] mode=SENSOR_STALE front=0.43 L=0.44 R=0.54 gap=+0.00 v=+0.00 w=+0.00 personLvl=0
[INFO] [1784725252.015025615] [yolo_navigator]: [STATUS] mode=SENSOR_STALE front=0.43 L=0.44 R=0.54 gap=+0.00 v=+0.00 w=+0.00 personLvl=0
[INFO] [1784725257.065146114] [yolo_navigator]: [STATUS] mode=SENSOR_STALE front=0.43 L=0.44 R=0.54 gap=+0.00 v=+0.00 w=+0.00 personLvl=0
[INFO] [1784725262.064802600] [yolo_navigator]: [STATUS] mode=SENSOR_STALE front=0.43 L=0.44 R=0.54 gap=+0.00 v=+0.00 w=+0.00 personLvl=0
[INFO] [1784725267.065307813] [yolo_navigator]: [STATUS] mode=SENSOR_STALE front=0.43 L=0.44 R=0.54 gap=+0.00 v=+0.00 w=+0.00 personLvl=0
[INFO] [1784725272.115281245] [yolo_navigator]: [STATUS] mode=SENSOR_STALE front=0.43 L=0.44 R=0.54 gap=+0.00 v=+0.00 w=+0.00 personLvl=0
[INFO] [1784725277.165109884] [yolo_navigator]: [STATUS] mode=SENSOR_STALE front=0.43 L=0.44 R=0.54 gap=+0.00 v=+0.00 w=+0.00 personLvl=0
[INFO] [1784725282.169978178] [yolo_navigator]: [STATUS] mode=SENSOR_STALE front=0.43 L=0.44 R=0.54 gap=+0.00 v=+0.00 w=+0.00 personLvl=0
[INFO] [1784725287.215130882] [yolo_navigator]: [STATUS] mode=SENSOR_STALE front=0.43 L=0.44 R=0.54 gap=+0.00 v=+0.00 w=+0.00 personLvl=0
[INFO] [1784725292.240391276] [yolo_navigator]: [STATUS] mode=SENSOR_STALE front=0.43 L=0.44 R=0.54 gap=+0.00 v=+0.00 w=+0.00 personLvl=0
[INFO] [1784725297.264882610] [yolo_navigator]: [STATUS] mode=SENSOR_STALE front=0.43 L=0.44 R=0.54 gap=+0.00 v=+0.00 w=+0.00 personLvl=0
[INFO] [1784725302.314629019] [yolo_navigator]: [STATUS] mode=SENSOR_STALE front=0.43 L=0.44 R=0.54 gap=+0.00 v=+0.00 w=+0.00 personLvl=0
[INFO] [1784725307.315273310] [yolo_navigator]: [STATUS] mode=SENSOR_STALE front=0.43 L=0.44 R=0.54 gap=+0.00 v=+0.00 w=+0.00 personLvl=0
[INFO] [1784725312.365276369] [yolo_navigator]: [STATUS] mode=SENSOR_STALE front=0.43 L=0.44 R=0.54 gap=+0.00 v=+0.00 w=+0.00 personLvl=0
[INFO] [1784725317.365929867] [yolo_navigator]: [STATUS] mode=SENSOR_STALE front=0.43 L=0.44 R=0.54 gap=+0.00 v=+0.00 w=+0.00 personLvl=0
[INFO] [1784725322.414830070] [yolo_navigator]: [STATUS] mode=SENSOR_STALE front=0.43 L=0.44 R=0.54 gap=+0.00 v=+0.00 w=+0.00 personLvl=0
[INFO] [1784725327.415200134] [yolo_navigator]: [STATUS] mode=SENSOR_STALE front=0.43 L=0.44 R=0.54 gap=+0.00 v=+0.00 w=+0.00 personLvl=0
[INFO] [1784725332.471747742] [yolo_navigator]: [STATUS] mode=SENSOR_STALE front=0.43 L=0.44 R=0.54 gap=+0.00 v=+0.00 w=+0.00 personLvl=0
[INFO] [1784725337.550172757] [yolo_navigator]: [STATUS] mode=SENSOR_STALE front=0.43 L=0.44 R=0.54 gap=+0.00 v=+0.00 w=+0.00 personLvl=0
[INFO] [1784725342.565079903] [yolo_navigator]: [STATUS] mode=SENSOR_STALE front=0.43 L=0.44 R=0.54 gap=+0.00 v=+0.00 w=+0.00 personLvl=0
[INFO] [1784725347.647634929] [yolo_navigator]: [STATUS] mode=SENSOR_STALE front=0.43 L=0.44 R=0.54 gap=+0.00 v=+0.00 w=+0.00 personLvl=0
[INFO] [1784725352.614787262] [yolo_navigator]: [STATUS] mode=SENSOR_STALE front=0.43 L=0.44 R=0.54 gap=+0.00 v=+0.00 w=+0.00 personLvl=0
[INFO] [1784725357.614993104] [yolo_navigator]: [STATUS] mode=SENSOR_STALE front=0.43 L=0.44 R=0.54 gap=+0.00 v=+0.00 w=+0.00 personLvl=0
[INFO] [1784725362.664952170] [yolo_navigator]: [STATUS] mode=SENSOR_STALE front=0.43 L=0.44 R=0.54 gap=+0.00 v=+0.00 w=+0.00 personLvl=0
[INFO] [1784725367.664950798] [yolo_navigator]: [STATUS] mode=SENSOR_STALE front=0.43 L=0.44 R=0.54 gap=+0.00 v=+0.00 w=+0.00 personLvl=0
[INFO] [1784725372.665363613] [yolo_navigator]: [STATUS] mode=SENSOR_STALE front=0.43 L=0.44 R=0.54 gap=+0.00 v=+0.00 w=+0.00 personLvl=0
[INFO] [1784725377.665611967] [yolo_navigator]: [STATUS] mode=SENSOR_STALE front=0.43 L=0.44 R=0.54 gap=+0.00 v=+0.00 w=+0.00 personLvl=0
[INFO] [1784725382.714168239] [yolo_navigator]: [STATUS] mode=SENSOR_STALE front=0.43 L=0.44 R=0.54 gap=+0.00 v=+0.00 w=+0.00 personLvl=0
[INFO] [1784725387.715487157] [yolo_navigator]: [STATUS] mode=SENSOR_STALE front=0.43 L=0.44 R=0.54 gap=+0.00 v=+0.00 w=+0.00 personLvl=0
[INFO] [1784725392.765074306] [yolo_navigator]: [STATUS] mode=SENSOR_STALE front=0.43 L=0.44 R=0.54 gap=+0.00 v=+0.00 w=+0.00 personLvl=0
[INFO] [1784725397.815070152] [yolo_navigator]: [STATUS] mode=SENSOR_STALE front=0.43 L=0.44 R=0.54 gap=+0.00 v=+0.00 w=+0.00 personLvl=0
[INFO] [1784725402.865491734] [yolo_navigator]: [STATUS] mode=SENSOR_STALE front=0.43 L=0.44 R=0.54 gap=+0.00 v=+0.00 w=+0.00 personLvl=0
[INFO] [1784725407.865312432] [yolo_navigator]: [STATUS] mode=SENSOR_STALE front=0.43 L=0.44 R=0.54 gap=+0.00 v=+0.00 w=+0.00 personLvl=0
[INFO] [1784725412.914828862] [yolo_navigator]: [STATUS] mode=SENSOR_STALE front=0.43 L=0.44 R=0.54 gap=+0.00 v=+0.00 w=+0.00 personLvl=0
[INFO] [1784725417.914905178] [yolo_navigator]: [STATUS] mode=SENSOR_STALE front=0.43 L=0.44 R=0.54 gap=+0.00 v=+0.00 w=+0.00 personLvl=0
[INFO] [1784725422.915323835] [yolo_navigator]: [STATUS] mode=SENSOR_STALE front=0.43 L=0.44 R=0.54 gap=+0.00 v=+0.00 w=+0.00 personLvl=0
[INFO] [1784725427.965351047] [yolo_navigator]: [STATUS] mode=SENSOR_STALE front=0.43 L=0.44 R=0.54 gap=+0.00 v=+0.00 w=+0.00 personLvl=0
[INFO] [1784725432.965034755] [yolo_navigator]: [STATUS] mode=SENSOR_STALE front=0.43 L=0.44 R=0.54 gap=+0.00 v=+0.00 w=+0.00 personLvl=0
[INFO] [1784725438.014852088] [yolo_navigator]: [STATUS] mode=SENSOR_STALE front=0.43 L=0.44 R=0.54 gap=+0.00 v=+0.00 w=+0.00 personLvl=0
[INFO] [1784725443.086173147] [yolo_navigator]: [STATUS] mode=SENSOR_STALE front=0.43 L=0.44 R=0.54 gap=+0.00 v=+0.00 w=+0.00 personLvl=0
[INFO] [1784725448.065125653] [yolo_navigator]: [STATUS] mode=SENSOR_STALE front=0.43 L=0.44 R=0.54 gap=+0.00 v=+0.00 w=+0.00 personLvl=0
[INFO] [1784725453.114674362] [yolo_navigator]: [STATUS] mode=SENSOR_STALE front=0.43 L=0.44 R=0.54 gap=+0.00 v=+0.00 w=+0.00 personLvl=0
[INFO] [1784725458.115083311] [yolo_navigator]: [STATUS] mode=SENSOR_STALE front=0.43 L=0.44 R=0.54 gap=+0.00 v=+0.00 w=+0.00 personLvl=0
[INFO] [1784725463.165219144] [yolo_navigator]: [STATUS] mode=SENSOR_STALE front=0.43 L=0.44 R=0.54 gap=+0.00 v=+0.00 w=+0.00 personLvl=0
[INFO] [1784725468.165021614] [yolo_navigator]: [STATUS] mode=SENSOR_STALE front=0.43 L=0.44 R=0.54 gap=+0.00 v=+0.00 w=+0.00 personLvl=0
[INFO] [1784725473.215057715] [yolo_navigator]: [STATUS] mode=SENSOR_STALE front=0.43 L=0.44 R=0.54 gap=+0.00 v=+0.00 w=+0.00 personLvl=0
[INFO] [1784725478.215108231] [yolo_navigator]: [STATUS] mode=SENSOR_STALE front=0.43 L=0.44 R=0.54 gap=+0.00 v=+0.00 w=+0.00 personLvl=0
[INFO] [1784725483.265851255] [yolo_navigator]: [STATUS] mode=SENSOR_STALE front=0.43 L=0.44 R=0.54 gap=+0.00 v=+0.00 w=+0.00 personLvl=0
[INFO] [1784725488.316928570] [yolo_navigator]: [STATUS] mode=SENSOR_STALE front=0.43 L=0.44 R=0.54 gap=+0.00 v=+0.00 w=+0.00 personLvl=0
[INFO] [1784725493.365013675] [yolo_navigator]: [STATUS] mode=SENSOR_STALE front=0.43 L=0.44 R=0.54 gap=+0.00 v=+0.00 w=+0.00 personLvl=0
[INFO] [1784725498.414607403] [yolo_navigator]: [STATUS] mode=SENSOR_STALE front=0.43 L=0.44 R=0.54 gap=+0.00 v=+0.00 w=+0.00 personLvl=0
[INFO] [1784725503.419094925] [yolo_navigator]: [STATUS] mode=SENSOR_STALE front=0.43 L=0.44 R=0.54 gap=+0.00 v=+0.00 w=+0.00 personLvl=0
[INFO] [1784725508.464556274] [yolo_navigator]: [STATUS] mode=SENSOR_STALE front=0.43 L=0.44 R=0.54 gap=+0.00 v=+0.00 w=+0.00 personLvl=0
[INFO] [1784725513.465027743] [yolo_navigator]: [STATUS] mode=SENSOR_STALE front=0.43 L=0.44 R=0.54 gap=+0.00 v=+0.00 w=+0.00 personLvl=0
[INFO] [1784725518.465691392] [yolo_navigator]: [STATUS] mode=SENSOR_STALE front=0.43 L=0.44 R=0.54 gap=+0.00 v=+0.00 w=+0.00 personLvl=0
[INFO] [1784725523.465764098] [yolo_navigator]: [STATUS] mode=SENSOR_STALE front=0.43 L=0.44 R=0.54 gap=+0.00 v=+0.00 w=+0.00 personLvl=0
[INFO] [1784725528.514318396] [yolo_navigator]: [STATUS] mode=SENSOR_STALE front=0.43 L=0.44 R=0.54 gap=+0.00 v=+0.00 w=+0.00 personLvl=0
[INFO] [1784725533.517853545] [yolo_navigator]: [STATUS] mode=SENSOR_STALE front=0.43 L=0.44 R=0.54 gap=+0.00 v=+0.00 w=+0.00 personLvl=0
[INFO] [1784725538.608093507] [yolo_navigator]: [STATUS] mode=SENSOR_STALE front=0.43 L=0.44 R=0.54 gap=+0.00 v=+0.00 w=+0.00 personLvl=0
[INFO] [1784725543.565033193] [yolo_navigator]: [STATUS] mode=SENSOR_STALE front=0.43 L=0.44 R=0.54 gap=+0.00 v=+0.00 w=+0.00 personLvl=0
[INFO] [1784725548.615049901] [yolo_navigator]: [STATUS] mode=SENSOR_STALE front=0.43 L=0.44 R=0.54 gap=+0.00 v=+0.00 w=+0.00 personLvl=0
[INFO] [1784725553.615249412] [yolo_navigator]: [STATUS] mode=SENSOR_STALE front=0.43 L=0.44 R=0.54 gap=+0.00 v=+0.00 w=+0.00 personLvl=0
[INFO] [1784725558.665162774] [yolo_navigator]: [STATUS] mode=SENSOR_STALE front=0.43 L=0.44 R=0.54 gap=+0.00 v=+0.00 w=+0.00 personLvl=0
[INFO] [1784725563.714798192] [yolo_navigator]: [STATUS] mode=SENSOR_STALE front=0.43 L=0.44 R=0.54 gap=+0.00 v=+0.00 w=+0.00 personLvl=0
[INFO] [1784725568.715617739] [yolo_navigator]: [STATUS] mode=SENSOR_STALE front=0.43 L=0.44 R=0.54 gap=+0.00 v=+0.00 w=+0.00 personLvl=0
[INFO] [1784725573.716180520] [yolo_navigator]: [STATUS] mode=SENSOR_STALE front=0.43 L=0.44 R=0.54 gap=+0.00 v=+0.00 w=+0.00 personLvl=0
[INFO] [1784725578.726070764] [yolo_navigator]: [STATUS] mode=SENSOR_STALE front=0.43 L=0.44 R=0.54 gap=+0.00 v=+0.00 w=+0.00 personLvl=0
[INFO] [1784725583.765075724] [yolo_navigator]: [STATUS] mode=SENSOR_STALE front=0.43 L=0.44 R=0.54 gap=+0.00 v=+0.00 w=+0.00 personLvl=0
[INFO] [1784725588.814813645] [yolo_navigator]: [STATUS] mode=SENSOR_STALE front=0.43 L=0.44 R=0.54 gap=+0.00 v=+0.00 w=+0.00 personLvl=0
[INFO] [1784725593.864620665] [yolo_navigator]: [STATUS] mode=SENSOR_STALE front=0.43 L=0.44 R=0.54 gap=+0.00 v=+0.00 w=+0.00 personLvl=0
